<?xml version="1.0" encoding="utf-8"?>
<?xml-stylesheet type="text/xsl" encoding="UTF-8" href="iform.xsl" version="1.0"?>
<!DOCTYPE instructionsection PUBLIC "-//ARM//DTD instructionsection //EN" "iform-p.dtd">
<!-- Copyright (c) 2010-2020 Arm Limited or its affiliates. All rights reserved. -->
<!-- This document is Non-Confidential. This document may only be used and distributed in accordance with the terms of the agreement entered into by Arm and the party that Arm delivered this document to. -->

<instructionsection id="ADDP_advsimd_vec" title="ADDP (vector) -- A64" type="instruction">
  <docvars>
    <docvar key="advsimd-reguse" value="3reg-same" />
    <docvar key="advsimd-type" value="simd" />
    <docvar key="instr-class" value="advsimd" />
    <docvar key="isa" value="A64" />
    <docvar key="mnemonic" value="ADDP" />
  </docvars>
  <heading>ADDP (vector)</heading>
  <desc>
    <brief>
      <para>Add Pairwise (vector)</para>
    </brief>
    <authored>
      <para>Add Pairwise (vector). This instruction creates a vector by concatenating the vector elements of the first source SIMD&amp;FP register after the vector elements of the second source SIMD&amp;FP register, reads each pair of adjacent vector elements from the concatenated vector, adds each pair of values together, places the result into a vector, and writes the vector to the destination SIMD&amp;FP register.</para>
      <para>Depending on the settings in the <xref linkend="AArch64.cpacr_el1">CPACR_EL1</xref>, <xref linkend="AArch64.cptr_el2">CPTR_EL2</xref>, and <xref linkend="AArch64.cptr_el3">CPTR_EL3</xref> registers, and the current Security state and Exception level, an attempt to execute the instruction might be trapped.</para>
    </authored>
  </desc>
  <operationalnotes>
    <para>If PSTATE.DIT is 1:</para>
    <list type="unordered">
      <listitem><content>The execution time of this instruction is independent of:<list type="unordered"><listitem><content>The values of the data supplied in any of its registers.</content></listitem><listitem><content>The values of the NZCV flags.</content></listitem></list></content></listitem>
      <listitem><content>The response of this instruction to asynchronous exceptions does not vary based on:<list type="unordered"><listitem><content>The values of the data supplied in any of its registers.</content></listitem><listitem><content>The values of the NZCV flags.</content></listitem></list></content></listitem>
    </list>
  </operationalnotes>
  <alias_list howmany="0"></alias_list>
  <classes>
    <iclass name="Three registers of the same type" oneof="1" id="ADDP_asimdsame_only" no_encodings="1" isa="A64">
      <docvars>
        <docvar key="advsimd-reguse" value="3reg-same" />
        <docvar key="advsimd-type" value="simd" />
        <docvar key="instr-class" value="advsimd" />
        <docvar key="isa" value="A64" />
        <docvar key="mnemonic" value="ADDP" />
      </docvars>
      <iclassintro count="1"></iclassintro>
      <regdiagram form="32" psname="aarch64/instrs/vector/arithmetic/binary/uniform/add/wrapping/pair">
        <box hibit="31" settings="1">
          <c>0</c>
        </box>
        <box hibit="30" name="Q" usename="1">
          <c></c>
        </box>
        <box hibit="29" name="U" settings="1">
          <c>0</c>
        </box>
        <box hibit="28" width="5" settings="5">
          <c>0</c>
          <c>1</c>
          <c>1</c>
          <c>1</c>
          <c>0</c>
        </box>
        <box hibit="23" width="2" name="size" usename="1">
          <c colspan="2"></c>
        </box>
        <box hibit="21" settings="1">
          <c>1</c>
        </box>
        <box hibit="20" width="5" name="Rm" usename="1">
          <c colspan="5"></c>
        </box>
        <box hibit="15" width="5" name="opcode" settings="5">
          <c>1</c>
          <c>0</c>
          <c>1</c>
          <c>1</c>
          <c>1</c>
        </box>
        <box hibit="10" settings="1">
          <c>1</c>
        </box>
        <box hibit="9" width="5" name="Rn" usename="1">
          <c colspan="5"></c>
        </box>
        <box hibit="4" width="5" name="Rd" usename="1">
          <c colspan="5"></c>
        </box>
      </regdiagram>
      <encoding name="ADDP_asimdsame_only" oneofinclass="1" oneof="1" label="Three registers of the same type">
        <docvars>
          <docvar key="advsimd-reguse" value="3reg-same" />
          <docvar key="advsimd-type" value="simd" />
          <docvar key="instr-class" value="advsimd" />
          <docvar key="isa" value="A64" />
          <docvar key="mnemonic" value="ADDP" />
        </docvars>
        <asmtemplate><text>ADDP  </text><a link="vd" hover="SIMD&amp;FP destination register (field &quot;Rd&quot;)">&lt;Vd&gt;</a><text>.</text><a link="t" hover="Arrangement specifier (field &quot;size:Q&quot;) [2D,2S,4H,4S,8B,8H,16B]">&lt;T&gt;</a><text>, </text><a link="vn" hover="First SIMD&amp;FP source register (field &quot;Rn&quot;)">&lt;Vn&gt;</a><text>.</text><a link="t" hover="Arrangement specifier (field &quot;size:Q&quot;) [2D,2S,4H,4S,8B,8H,16B]">&lt;T&gt;</a><text>, </text><a link="vm" hover="Second SIMD&amp;FP source register (field &quot;Rm&quot;)">&lt;Vm&gt;</a><text>.</text><a link="t" hover="Arrangement specifier (field &quot;size:Q&quot;) [2D,2S,4H,4S,8B,8H,16B]">&lt;T&gt;</a></asmtemplate>
      </encoding>
      <ps_section howmany="1">
        <ps name="aarch64/instrs/vector/arithmetic/binary/uniform/add/wrapping/pair" mylink="aarch64.instrs.vector.arithmetic.binary.uniform.add.wrapping.pair" enclabels="" sections="1" secttype="noheading">
          <pstext mayhavelinks="1" section="Decode" rep_section="decode">integer d = <a link="impl-shared.UInt.1" file="shared_pseudocode.xml" hover="function: integer UInt(bits(N) x)">UInt</a>(Rd);
integer n = <a link="impl-shared.UInt.1" file="shared_pseudocode.xml" hover="function: integer UInt(bits(N) x)">UInt</a>(Rn);
integer m = <a link="impl-shared.UInt.1" file="shared_pseudocode.xml" hover="function: integer UInt(bits(N) x)">UInt</a>(Rm);
if size:Q == '110' then UNDEFINED;
integer esize = 8 &lt;&lt; <a link="impl-shared.UInt.1" file="shared_pseudocode.xml" hover="function: integer UInt(bits(N) x)">UInt</a>(size);
integer datasize = if Q == '1' then 128 else 64;
integer elements = datasize DIV esize;</pstext>
        </ps>
      </ps_section>
    </iclass>
  </classes>
  <explanations scope="all">
    <explanation enclist="ADDP_asimdsame_only" symboldefcount="1">
      <symbol link="vd">&lt;Vd&gt;</symbol>
      <account encodedin="Rd">
        <intro>
          <para>Is the name of the SIMD&amp;FP destination register, encoded in the "Rd" field.</para>
        </intro>
      </account>
    </explanation>
    <explanation enclist="ADDP_asimdsame_only" symboldefcount="1">
      <symbol link="t">&lt;T&gt;</symbol>
      <definition encodedin="size:Q">
        <intro>Is an arrangement specifier, </intro>
        <table class="valuetable">
          <tgroup cols="3">
            <thead>
              <row>
                <entry class="bitfield">size</entry>
                <entry class="bitfield">Q</entry>
                <entry class="symbol">&lt;T&gt;</entry>
              </row>
            </thead>
            <tbody>
              <row>
                <entry class="bitfield">00</entry>
                <entry class="bitfield">0</entry>
                <entry class="symbol">8B</entry>
              </row>
              <row>
                <entry class="bitfield">00</entry>
                <entry class="bitfield">1</entry>
                <entry class="symbol">16B</entry>
              </row>
              <row>
                <entry class="bitfield">01</entry>
                <entry class="bitfield">0</entry>
                <entry class="symbol">4H</entry>
              </row>
              <row>
                <entry class="bitfield">01</entry>
                <entry class="bitfield">1</entry>
                <entry class="symbol">8H</entry>
              </row>
              <row>
                <entry class="bitfield">10</entry>
                <entry class="bitfield">0</entry>
                <entry class="symbol">2S</entry>
              </row>
              <row>
                <entry class="bitfield">10</entry>
                <entry class="bitfield">1</entry>
                <entry class="symbol">4S</entry>
              </row>
              <row>
                <entry class="bitfield">11</entry>
                <entry class="bitfield">0</entry>
                <entry class="symbol">RESERVED</entry>
              </row>
              <row>
                <entry class="bitfield">11</entry>
                <entry class="bitfield">1</entry>
                <entry class="symbol">2D</entry>
              </row>
            </tbody>
          </tgroup>
        </table>
      </definition>
    </explanation>
    <explanation enclist="ADDP_asimdsame_only" symboldefcount="1">
      <symbol link="vn">&lt;Vn&gt;</symbol>
      <account encodedin="Rn">
        <intro>
          <para>Is the name of the first SIMD&amp;FP source register, encoded in the "Rn" field.</para>
        </intro>
      </account>
    </explanation>
    <explanation enclist="ADDP_asimdsame_only" symboldefcount="1">
      <symbol link="vm">&lt;Vm&gt;</symbol>
      <account encodedin="Rm">
        <intro>
          <para>Is the name of the second SIMD&amp;FP source register, encoded in the "Rm" field.</para>
        </intro>
      </account>
    </explanation>
  </explanations>
  <ps_section howmany="1">
    <ps name="aarch64/instrs/vector/arithmetic/binary/uniform/add/wrapping/pair" mylink="commonps" enclabels="" sections="1" secttype="Operation">
      <pstext mayhavelinks="1" section="Execute" rep_section="execute"><a link="impl-aarch64.CheckFPAdvSIMDEnabled64.0" file="shared_pseudocode.xml" hover="function: CheckFPAdvSIMDEnabled64()">CheckFPAdvSIMDEnabled64</a>();
bits(datasize) operand1 = <a link="impl-aarch64.V.read.1" file="shared_pseudocode.xml" hover="accessor: bits(width) V[integer n]">V</a>[n];
bits(datasize) operand2 = <a link="impl-aarch64.V.read.1" file="shared_pseudocode.xml" hover="accessor: bits(width) V[integer n]">V</a>[m];
bits(datasize) result;
bits(2*datasize) concat = operand2:operand1;
bits(esize) element1;
bits(esize) element2;

for e = 0 to elements-1
    element1 = <a link="impl-shared.Elem.read.3" file="shared_pseudocode.xml" hover="accessor: bits(size) Elem[bits(N) vector, integer e, integer size]">Elem</a>[concat, 2*e, esize];
    element2 = <a link="impl-shared.Elem.read.3" file="shared_pseudocode.xml" hover="accessor: bits(size) Elem[bits(N) vector, integer e, integer size]">Elem</a>[concat, (2*e)+1, esize];
    <a link="impl-shared.Elem.write.3" file="shared_pseudocode.xml" hover="accessor: Elem[bits(N) &amp;vector, integer e, integer size] = bits(size) value">Elem</a>[result, e, esize] = element1 + element2;

<a link="impl-aarch64.V.write.1" file="shared_pseudocode.xml" hover="accessor: V[integer n] = bits(width) value">V</a>[d] = result;</pstext>
    </ps>
  </ps_section>
</instructionsection>
