<?xml version="1.0" encoding="utf-8"?>
<?xml-stylesheet type="text/xsl" encoding="UTF-8" href="iform.xsl" version="1.0"?>
<!DOCTYPE instructionsection PUBLIC "-//ARM//DTD instructionsection //EN" "iform-p.dtd">
<!-- Copyright (c) 2010-2020 Arm Limited or its affiliates. All rights reserved. -->
<!-- This document is Non-Confidential. This document may only be used and distributed in accordance with the terms of the agreement entered into by Arm and the party that Arm delivered this document to. -->

<instructionsection id="ADDS_addsub_shift" title="ADDS (shifted register) -- A64" type="instruction">
  <docvars>
    <docvar key="cond-setting" value="S" />
    <docvar key="instr-class" value="general" />
    <docvar key="isa" value="A64" />
    <docvar key="mnemonic" value="ADDS" />
  </docvars>
  <heading>ADDS (shifted register)</heading>
  <desc>
    <brief>
      <para>Add (shifted register), setting flags</para>
    </brief>
    <authored>
      <para>Add (shifted register), setting flags, adds a register value and an optionally-shifted register value, and writes the result to the destination register. It updates the condition flags based on the result.</para>
    </authored>
  </desc>
  <operationalnotes>
    <para>If PSTATE.DIT is 1:</para>
    <list type="unordered">
      <listitem><content>The execution time of this instruction is independent of:<list type="unordered"><listitem><content>The values of the data supplied in any of its registers.</content></listitem><listitem><content>The values of the NZCV flags.</content></listitem></list></content></listitem>
      <listitem><content>The response of this instruction to asynchronous exceptions does not vary based on:<list type="unordered"><listitem><content>The values of the data supplied in any of its registers.</content></listitem><listitem><content>The values of the NZCV flags.</content></listitem></list></content></listitem>
    </list>
  </operationalnotes>
  <alias_list howmany="1">
    <alias_list_intro>This instruction is used by the alias </alias_list_intro>
    <aliasref aliaspageid="CMN_ADDS_addsub_shift" aliasfile="cmn_adds_addsub_shift.xml" hover="Compare negative (shifted register)" punct=".">
      <text>CMN (shifted register)</text>
      <aliaspref>Rd == '11111'</aliaspref>
    </aliasref>
    <alias_list_outro>
      <text>  See </text>
      <aliastablelink />
      <text> below for details of when the alias is preferred.</text>
    </alias_list_outro>
  </alias_list>
  <classes>
    <iclass name="Setting the condition flags" oneof="1" id="s" no_encodings="2" isa="A64">
      <docvars>
        <docvar key="cond-setting" value="S" />
        <docvar key="instr-class" value="general" />
        <docvar key="isa" value="A64" />
        <docvar key="mnemonic" value="ADDS" />
      </docvars>
      <iclassintro count="2"></iclassintro>
      <regdiagram form="32" psname="aarch64/instrs/integer/arithmetic/add-sub/shiftedreg" tworows="1">
        <box hibit="31" name="sf" usename="1">
          <c></c>
        </box>
        <box hibit="30" name="op" usename="1" settings="1" psbits="x">
          <c>0</c>
        </box>
        <box hibit="29" name="S" usename="1" settings="1" psbits="x">
          <c>1</c>
        </box>
        <box hibit="28" width="5" settings="5">
          <c>0</c>
          <c>1</c>
          <c>0</c>
          <c>1</c>
          <c>1</c>
        </box>
        <box hibit="23" width="2" name="shift" usename="1">
          <c colspan="2"></c>
        </box>
        <box hibit="21" settings="1">
          <c>0</c>
        </box>
        <box hibit="20" width="5" name="Rm" usename="1">
          <c colspan="5"></c>
        </box>
        <box hibit="15" width="6" name="imm6" usename="1">
          <c colspan="6"></c>
        </box>
        <box hibit="9" width="5" name="Rn" usename="1">
          <c colspan="5"></c>
        </box>
        <box hibit="4" width="5" name="Rd" usename="1">
          <c colspan="5"></c>
        </box>
      </regdiagram>
      <encoding name="ADDS_32_addsub_shift" oneofinclass="2" oneof="2" label="32-bit" bitdiffs="sf == 0">
        <docvars>
          <docvar key="cond-setting" value="S" />
          <docvar key="datatype" value="32" />
          <docvar key="instr-class" value="general" />
          <docvar key="isa" value="A64" />
          <docvar key="mnemonic" value="ADDS" />
        </docvars>
        <box hibit="31" width="1" name="sf">
          <c>0</c>
        </box>
        <asmtemplate><text>ADDS  </text><a link="wd" hover="32-bit general-purpose destination register (field &quot;Rd&quot;)">&lt;Wd&gt;</a><text>, </text><a link="wn" hover="First 32-bit general-purpose source register (field &quot;Rn&quot;)">&lt;Wn&gt;</a><text>, </text><a link="wm" hover="Second 32-bit general-purpose source register (field &quot;Rm&quot;)">&lt;Wm&gt;</a><text>{</text><text>, </text><a link="shift" hover="Optional shift type applied to second source operand, default LSL (field &quot;shift&quot;) [ASR,LSL,LSR]">&lt;shift&gt;</a><text> #</text><a link="amount" hover="Shift amount [0-31], default 0 (field &quot;imm6&quot;)">&lt;amount&gt;</a><text>}</text></asmtemplate>
      </encoding>
      <encoding name="ADDS_64_addsub_shift" oneofinclass="2" oneof="2" label="64-bit" bitdiffs="sf == 1">
        <docvars>
          <docvar key="cond-setting" value="S" />
          <docvar key="datatype" value="64" />
          <docvar key="instr-class" value="general" />
          <docvar key="isa" value="A64" />
          <docvar key="mnemonic" value="ADDS" />
        </docvars>
        <box hibit="31" width="1" name="sf">
          <c>1</c>
        </box>
        <asmtemplate><text>ADDS  </text><a link="xd" hover="64-bit general-purpose destination register (field &quot;Rd&quot;)">&lt;Xd&gt;</a><text>, </text><a link="xn" hover="First 64-bit general-purpose source register (field &quot;Rn&quot;)">&lt;Xn&gt;</a><text>, </text><a link="xm" hover="Second 64-bit general-purpose source register (field &quot;Rm&quot;)">&lt;Xm&gt;</a><text>{</text><text>, </text><a link="shift" hover="Optional shift type applied to second source operand, default LSL (field &quot;shift&quot;) [ASR,LSL,LSR]">&lt;shift&gt;</a><text> #</text><a link="amount_1" hover="Shift amount [0-63], default 0 (field &quot;imm6&quot;)">&lt;amount&gt;</a><text>}</text></asmtemplate>
      </encoding>
      <ps_section howmany="1">
        <ps name="aarch64/instrs/integer/arithmetic/add-sub/shiftedreg" mylink="aarch64.instrs.integer.arithmetic.add-sub.shiftedreg" enclabels="" sections="1" secttype="noheading">
          <pstext mayhavelinks="1" section="Decode" rep_section="decode">integer d = <a link="impl-shared.UInt.1" file="shared_pseudocode.xml" hover="function: integer UInt(bits(N) x)">UInt</a>(Rd);
integer n = <a link="impl-shared.UInt.1" file="shared_pseudocode.xml" hover="function: integer UInt(bits(N) x)">UInt</a>(Rn);
integer m = <a link="impl-shared.UInt.1" file="shared_pseudocode.xml" hover="function: integer UInt(bits(N) x)">UInt</a>(Rm);
integer datasize = if sf == '1' then 64 else 32;
boolean sub_op = (op == '1');
boolean setflags = (S == '1');

if shift == '11' then UNDEFINED;
if sf == '0' &amp;&amp; imm6&lt;5&gt; == '1' then UNDEFINED;

<a link="ShiftType" file="shared_pseudocode.xml" hover="enumeration ShiftType   {ShiftType_LSL, ShiftType_LSR, ShiftType_ASR, ShiftType_ROR}">ShiftType</a> shift_type = <a link="impl-aarch64.DecodeShift.1" file="shared_pseudocode.xml" hover="function: ShiftType DecodeShift(bits(2) op)">DecodeShift</a>(shift);
integer shift_amount = <a link="impl-shared.UInt.1" file="shared_pseudocode.xml" hover="function: integer UInt(bits(N) x)">UInt</a>(imm6);</pstext>
        </ps>
      </ps_section>
    </iclass>
  </classes>
  <explanations scope="all">
    <explanation enclist="ADDS_32_addsub_shift" symboldefcount="1">
      <symbol link="wd">&lt;Wd&gt;</symbol>
      <account encodedin="Rd">
        <intro>
          <para>Is the 32-bit name of the general-purpose destination register, encoded in the "Rd" field.</para>
        </intro>
      </account>
    </explanation>
    <explanation enclist="ADDS_32_addsub_shift" symboldefcount="1">
      <symbol link="wn">&lt;Wn&gt;</symbol>
      <account encodedin="Rn">
        <intro>
          <para>Is the 32-bit name of the first general-purpose source register, encoded in the "Rn" field.</para>
        </intro>
      </account>
    </explanation>
    <explanation enclist="ADDS_32_addsub_shift" symboldefcount="1">
      <symbol link="wm">&lt;Wm&gt;</symbol>
      <account encodedin="Rm">
        <intro>
          <para>Is the 32-bit name of the second general-purpose source register, encoded in the "Rm" field.</para>
        </intro>
      </account>
    </explanation>
    <explanation enclist="ADDS_64_addsub_shift" symboldefcount="1">
      <symbol link="xd">&lt;Xd&gt;</symbol>
      <account encodedin="Rd">
        <intro>
          <para>Is the 64-bit name of the general-purpose destination register, encoded in the "Rd" field.</para>
        </intro>
      </account>
    </explanation>
    <explanation enclist="ADDS_64_addsub_shift" symboldefcount="1">
      <symbol link="xn">&lt;Xn&gt;</symbol>
      <account encodedin="Rn">
        <intro>
          <para>Is the 64-bit name of the first general-purpose source register, encoded in the "Rn" field.</para>
        </intro>
      </account>
    </explanation>
    <explanation enclist="ADDS_64_addsub_shift" symboldefcount="1">
      <symbol link="xm">&lt;Xm&gt;</symbol>
      <account encodedin="Rm">
        <intro>
          <para>Is the 64-bit name of the second general-purpose source register, encoded in the "Rm" field.</para>
        </intro>
      </account>
    </explanation>
    <explanation enclist="ADDS_32_addsub_shift, ADDS_64_addsub_shift" symboldefcount="1">
      <symbol link="shift">&lt;shift&gt;</symbol>
      <definition encodedin="shift">
        <intro>Is the optional shift type to be applied to the second source operand, defaulting to LSL and </intro>
        <table class="valuetable">
          <tgroup cols="2">
            <thead>
              <row>
                <entry class="bitfield">shift</entry>
                <entry class="symbol">&lt;shift&gt;</entry>
              </row>
            </thead>
            <tbody>
              <row>
                <entry class="bitfield">00</entry>
                <entry class="symbol">LSL</entry>
              </row>
              <row>
                <entry class="bitfield">01</entry>
                <entry class="symbol">LSR</entry>
              </row>
              <row>
                <entry class="bitfield">10</entry>
                <entry class="symbol">ASR</entry>
              </row>
              <row>
                <entry class="bitfield">11</entry>
                <entry class="symbol">RESERVED</entry>
              </row>
            </tbody>
          </tgroup>
        </table>
      </definition>
    </explanation>
    <explanation enclist="ADDS_32_addsub_shift" symboldefcount="1">
      <symbol link="amount">&lt;amount&gt;</symbol>
      <account encodedin="imm6">
        <docvars>
          <docvar key="datatype" value="32" />
        </docvars>
        <intro>
          <para>For the 32-bit variant: is the shift amount, in the range 0 to 31, defaulting to 0 and encoded in the "imm6" field.</para>
        </intro>
      </account>
    </explanation>
    <explanation enclist="ADDS_64_addsub_shift" symboldefcount="2">
      <symbol link="amount_1">&lt;amount&gt;</symbol>
      <account encodedin="imm6">
        <docvars>
          <docvar key="datatype" value="64" />
        </docvars>
        <intro>
          <para>For the 64-bit variant: is the shift amount, in the range 0 to 63, defaulting to 0 and encoded in the "imm6" field.</para>
        </intro>
      </account>
    </explanation>
  </explanations>
  <aliastablehook anchor="aliasconditions">Alias Conditions</aliastablehook>
  <ps_section howmany="1">
    <ps name="aarch64/instrs/integer/arithmetic/add-sub/shiftedreg" mylink="commonps" enclabels="" sections="1" secttype="Operation">
      <pstext mayhavelinks="1" section="Execute" rep_section="execute">bits(datasize) result;
bits(datasize) operand1 = <a link="impl-aarch64.X.read.1" file="shared_pseudocode.xml" hover="accessor: bits(width) X[integer n]">X</a>[n];
bits(datasize) operand2 = <a link="impl-aarch64.ShiftReg.3" file="shared_pseudocode.xml" hover="function: bits(N) ShiftReg(integer reg, ShiftType shiftype, integer amount)">ShiftReg</a>(m, shift_type, shift_amount);
bits(4) nzcv;
bit carry_in;

if sub_op then
    operand2 = NOT(operand2);
    carry_in = '1';
else
    carry_in = '0';

(result, nzcv) = <a link="impl-shared.AddWithCarry.3" file="shared_pseudocode.xml" hover="function: (bits(N), bits(4)) AddWithCarry(bits(N) x, bits(N) y, bit carry_in)">AddWithCarry</a>(operand1, operand2, carry_in);

if setflags then 
    PSTATE.&lt;N,Z,C,V&gt; = nzcv;

<a link="impl-aarch64.X.write.1" file="shared_pseudocode.xml" hover="accessor: X[integer n] = bits(width) value">X</a>[d] = result;</pstext>
    </ps>
  </ps_section>
</instructionsection>
