<?xml version="1.0" encoding="utf-8"?>
<?xml-stylesheet type="text/xsl" encoding="UTF-8" href="iform.xsl" version="1.0"?>
<!DOCTYPE instructionsection PUBLIC "-//ARM//DTD instructionsection //EN" "iform-p.dtd">
<!-- Copyright (c) 2010-2020 Arm Limited or its affiliates. All rights reserved. -->
<!-- This document is Non-Confidential. This document may only be used and distributed in accordance with the terms of the agreement entered into by Arm and the party that Arm delivered this document to. -->

<instructionsection id="asr_z_zw" title="ASR (wide elements, unpredicated)" type="instruction">
  <docvars>
    <docvar key="instr-class" value="sve" />
    <docvar key="isa" value="A64" />
    <docvar key="mnemonic" value="ASR" />
  </docvars>
  <heading>ASR (wide elements, unpredicated)</heading>
  <desc>
    <brief>Arithmetic shift right by 64-bit wide elements (unpredicated)</brief>
    <description>
      <para>Shift right, preserving the sign bit, all elements of the first source vector by corresponding overlapping 64-bit elements of the second source vector and place the first in the corresponding elements of the destination vector. The shift amount is a vector of unsigned 64-bit doubleword elements in which all bits are significant, and not used modulo the destination element size. This instruction is unpredicated.</para>
    </description>
    <status>Green</status>
    <predicated>False</predicated>
    <takes_movprfx>False</takes_movprfx>
    <takes_pred_movprfx>False</takes_pred_movprfx>
    <is_wide_zm>True</is_wide_zm>
  </desc>
  <alias_list howmany="0"></alias_list>
  <classes>
    <iclass name="SVE" oneof="1" id="asr_z_zw_" no_encodings="1" isa="A64">
      <docvars>
        <docvar key="instr-class" value="sve" />
        <docvar key="isa" value="A64" />
        <docvar key="mnemonic" value="ASR" />
      </docvars>
      <iclassintro count="1"></iclassintro>
      <regdiagram form="32" psname="ASR-Z.ZW-_" tworows="1">
        <box hibit="31" width="8" settings="8">
          <c>0</c>
          <c>0</c>
          <c>0</c>
          <c>0</c>
          <c>0</c>
          <c>1</c>
          <c>0</c>
          <c>0</c>
        </box>
        <box hibit="23" width="2" name="size" usename="1">
          <c colspan="2"></c>
        </box>
        <box hibit="21" settings="1">
          <c>1</c>
        </box>
        <box hibit="20" width="5" name="Zm" usename="1">
          <c colspan="5"></c>
        </box>
        <box hibit="15" width="4" settings="4">
          <c>1</c>
          <c>0</c>
          <c>0</c>
          <c>0</c>
        </box>
        <box hibit="11" settings="1">
          <c>0</c>
        </box>
        <box hibit="10" name="U" usename="1" settings="1">
          <c>0</c>
        </box>
        <box hibit="9" width="5" name="Zn" usename="1">
          <c colspan="5"></c>
        </box>
        <box hibit="4" width="5" name="Zd" usename="1">
          <c colspan="5"></c>
        </box>
      </regdiagram>
      <encoding name="asr_z_zw_" oneofinclass="1" oneof="1" label="SVE">
        <docvars>
          <docvar key="instr-class" value="sve" />
          <docvar key="isa" value="A64" />
          <docvar key="mnemonic" value="ASR" />
        </docvars>
        <asmtemplate><text>ASR     </text><a link="zd" hover="Destination scalable vector register (field &quot;Zd&quot;)">&lt;Zd&gt;</a><text>.</text><a link="t" hover="Size specifier (field &quot;size&quot;) [B,H,S]">&lt;T&gt;</a><text>, </text><a link="zn" hover="First source scalable vector register (field &quot;Zn&quot;)">&lt;Zn&gt;</a><text>.</text><a link="t" hover="Size specifier (field &quot;size&quot;) [B,H,S]">&lt;T&gt;</a><text>, </text><a link="zm" hover="Second source scalable vector register (field &quot;Zm&quot;)">&lt;Zm&gt;</a><text>.D</text></asmtemplate>
      </encoding>
      <ps_section howmany="1">
        <ps name="ASR-Z.ZW-_" mylink="ASR-Z.ZW-_" enclabels="" sections="1" secttype="noheading">
          <pstext mayhavelinks="1" section="Decode" rep_section="decode">if !<a link="impl-aarch64.HaveSVE.0" file="shared_pseudocode.xml" hover="function: boolean HaveSVE()">HaveSVE</a>() then UNDEFINED;
if size == '11' then UNDEFINED;
integer esize = 8 &lt;&lt; <a link="impl-shared.UInt.1" file="shared_pseudocode.xml" hover="function: integer UInt(bits(N) x)">UInt</a>(size);
integer n = <a link="impl-shared.UInt.1" file="shared_pseudocode.xml" hover="function: integer UInt(bits(N) x)">UInt</a>(Zn);
integer m = <a link="impl-shared.UInt.1" file="shared_pseudocode.xml" hover="function: integer UInt(bits(N) x)">UInt</a>(Zm);
integer d = <a link="impl-shared.UInt.1" file="shared_pseudocode.xml" hover="function: integer UInt(bits(N) x)">UInt</a>(Zd);</pstext>
        </ps>
      </ps_section>
    </iclass>
  </classes>
  <explanations scope="all">
    <explanation enclist="asr_z_zw_" symboldefcount="1">
      <symbol link="zd">&lt;Zd&gt;</symbol>
      <account encodedin="Zd">
        <intro>
          <para>Is the name of the destination scalable vector register, encoded in the "Zd" field.</para>
        </intro>
      </account>
    </explanation>
    <explanation enclist="asr_z_zw_" symboldefcount="1">
      <symbol link="t">&lt;T&gt;</symbol>
      <definition encodedin="size">
        <intro>Is the size specifier, </intro>
        <table class="valuetable">
          <tgroup cols="2">
            <thead>
              <row>
                <entry class="bitfield">size</entry>
                <entry class="symbol">&lt;T&gt;</entry>
              </row>
            </thead>
            <tbody>
              <row>
                <entry class="bitfield">00</entry>
                <entry class="symbol">B</entry>
              </row>
              <row>
                <entry class="bitfield">01</entry>
                <entry class="symbol">H</entry>
              </row>
              <row>
                <entry class="bitfield">10</entry>
                <entry class="symbol">S</entry>
              </row>
              <row>
                <entry class="bitfield">11</entry>
                <entry class="symbol">RESERVED</entry>
              </row>
            </tbody>
          </tgroup>
        </table>
      </definition>
    </explanation>
    <explanation enclist="asr_z_zw_" symboldefcount="1">
      <symbol link="zn">&lt;Zn&gt;</symbol>
      <account encodedin="Zn">
        <intro>
          <para>Is the name of the first source scalable vector register, encoded in the "Zn" field.</para>
        </intro>
      </account>
    </explanation>
    <explanation enclist="asr_z_zw_" symboldefcount="1">
      <symbol link="zm">&lt;Zm&gt;</symbol>
      <account encodedin="Zm">
        <intro>
          <para>Is the name of the second source scalable vector register, encoded in the "Zm" field.</para>
        </intro>
      </account>
    </explanation>
  </explanations>
  <ps_section howmany="1">
    <ps name="ASR-Z.ZW-_" mylink="commonps" enclabels="" sections="1" secttype="Operation">
      <pstext mayhavelinks="1" section="Execute" rep_section="execute"><a link="impl-aarch64.CheckSVEEnabled.0" file="shared_pseudocode.xml" hover="function: CheckSVEEnabled()">CheckSVEEnabled</a>();
integer elements = <a link="impl-aarch64.VL.read.none" file="shared_pseudocode.xml" hover="accessor: integer VL">VL</a> DIV esize;
bits(<a link="impl-aarch64.VL.read.none" file="shared_pseudocode.xml" hover="accessor: integer VL">VL</a>) operand1 = <a link="impl-aarch64.Z.read.1" file="shared_pseudocode.xml" hover="accessor: bits(width) Z[integer n]">Z</a>[n];
bits(<a link="impl-aarch64.VL.read.none" file="shared_pseudocode.xml" hover="accessor: integer VL">VL</a>) operand2 = <a link="impl-aarch64.Z.read.1" file="shared_pseudocode.xml" hover="accessor: bits(width) Z[integer n]">Z</a>[m];
bits(<a link="impl-aarch64.VL.read.none" file="shared_pseudocode.xml" hover="accessor: integer VL">VL</a>) result;

for e = 0 to elements-1
    bits(esize) element1 = <a link="impl-shared.Elem.read.3" file="shared_pseudocode.xml" hover="accessor: bits(size) Elem[bits(N) vector, integer e, integer size]">Elem</a>[operand1, e, esize];
    bits(64) element2 = <a link="impl-shared.Elem.read.3" file="shared_pseudocode.xml" hover="accessor: bits(size) Elem[bits(N) vector, integer e, integer size]">Elem</a>[operand2, (e * esize) DIV 64, 64];
    integer shift = <a link="impl-shared.Min.2" file="shared_pseudocode.xml" hover="function: integer Min(integer a, integer b)">Min</a>(<a link="impl-shared.UInt.1" file="shared_pseudocode.xml" hover="function: integer UInt(bits(N) x)">UInt</a>(element2), esize);
    <a link="impl-shared.Elem.write.3" file="shared_pseudocode.xml" hover="accessor: Elem[bits(N) &amp;vector, integer e, integer size] = bits(size) value">Elem</a>[result, e, esize] = <a link="impl-shared.ASR.2" file="shared_pseudocode.xml" hover="function: bits(N) ASR(bits(N) x, integer shift)">ASR</a>(element1, shift);

<a link="impl-aarch64.Z.write.1" file="shared_pseudocode.xml" hover="accessor: Z[integer n] = bits(width) value">Z</a>[d] = result;</pstext>
    </ps>
  </ps_section>
</instructionsection>
