<?xml version="1.0" encoding="utf-8"?>
<?xml-stylesheet type="text/xsl" encoding="UTF-8" href="iform.xsl" version="1.0"?>
<!DOCTYPE instructionsection PUBLIC "-//ARM//DTD instructionsection //EN" "iform-p.dtd">
<!-- Copyright (c) 2010-2020 Arm Limited or its affiliates. All rights reserved. -->
<!-- This document is Non-Confidential. This document may only be used and distributed in accordance with the terms of the agreement entered into by Arm and the party that Arm delivered this document to. -->

<instructionsection id="bfcvtnt_z_p_z" title="BFCVTNT" type="instruction">
  <docvars>
    <docvar key="instr-class" value="sve" />
    <docvar key="isa" value="A64" />
    <docvar key="mnemonic" value="BFCVTNT" />
  </docvars>
  <heading>BFCVTNT</heading>
  <desc>
    <brief>Floating-point down convert and narrow to BFloat16 (top, predicated)</brief>
    <description>
      <para>Convert active 32-bit single-precision elements from the source vector to BFloat16 format, and place the results in the odd-numbered 16-bit elements of the destination vector, leaving the even-numbered elements unchanged. Inactive elements in the destination vector register remain unmodified.</para>
      <para>Unlike the BFloat16 matrix multiplication and dot product instructions, this instruction honors all of the FPCR bits that apply to single-precision arithmetic. It can also generate a floating-point exception that causes cumulative exception bits in the FPSR to be set, or a synchronous exception to be taken, depending on the enable bits in the FPCR.</para>
      <para>ID_AA64ZFR0_EL1.BF16 indicates whether this instruction is implemented.</para>
    </description>
    <status>Green</status>
    <predicated>True</predicated>
    <takes_movprfx>False</takes_movprfx>
    <takes_pred_movprfx>False</takes_pred_movprfx>
  </desc>
  <alias_list howmany="0"></alias_list>
  <classes>
    <iclass name="SVE" oneof="1" id="bfcvtnt_z_p_z_s2bf" no_encodings="1" isa="A64">
      <docvars>
        <docvar key="instr-class" value="sve" />
        <docvar key="isa" value="A64" />
        <docvar key="mnemonic" value="BFCVTNT" />
      </docvars>
      <iclassintro count="1"></iclassintro>
      <regdiagram form="32" psname="BFCVTNT-Z.P.Z-S2BF">
        <box hibit="31" width="8" settings="8">
          <c>0</c>
          <c>1</c>
          <c>1</c>
          <c>0</c>
          <c>0</c>
          <c>1</c>
          <c>0</c>
          <c>0</c>
        </box>
        <box hibit="23" name="opc&lt;1&gt;" settings="1">
          <c>1</c>
        </box>
        <box hibit="22" name="opc&lt;0&gt;" settings="1">
          <c>0</c>
        </box>
        <box hibit="21" width="4" settings="4">
          <c>0</c>
          <c>0</c>
          <c>1</c>
          <c>0</c>
        </box>
        <box hibit="17" name="opc2&lt;1&gt;" settings="1">
          <c>1</c>
        </box>
        <box hibit="16" name="opc2&lt;0&gt;" settings="1">
          <c>0</c>
        </box>
        <box hibit="15" width="3" settings="3">
          <c>1</c>
          <c>0</c>
          <c>1</c>
        </box>
        <box hibit="12" width="3" name="Pg" usename="1">
          <c colspan="3"></c>
        </box>
        <box hibit="9" width="5" name="Zn" usename="1">
          <c colspan="5"></c>
        </box>
        <box hibit="4" width="5" name="Zd" usename="1">
          <c colspan="5"></c>
        </box>
      </regdiagram>
      <encoding name="bfcvtnt_z_p_z_s2bf" oneofinclass="1" oneof="1" label="SVE">
        <docvars>
          <docvar key="instr-class" value="sve" />
          <docvar key="isa" value="A64" />
          <docvar key="mnemonic" value="BFCVTNT" />
        </docvars>
        <asmtemplate><text>BFCVTNT </text><a link="zd" hover="Destination scalable vector register (field &quot;Zd&quot;)">&lt;Zd&gt;</a><text>.H, </text><a link="pg" hover="Governing scalable predicate register P0-P7 (field &quot;Pg&quot;)">&lt;Pg&gt;</a><text>/M, </text><a link="zn" hover="First source scalable vector register (field &quot;Zn&quot;)">&lt;Zn&gt;</a><text>.S</text></asmtemplate>
      </encoding>
      <ps_section howmany="1">
        <ps name="BFCVTNT-Z.P.Z-S2BF" mylink="BFCVTNT-Z.P.Z-S2BF" enclabels="" sections="1" secttype="noheading">
          <pstext mayhavelinks="1" section="Decode" rep_section="decode">if !<a link="impl-aarch64.HaveSVE.0" file="shared_pseudocode.xml" hover="function: boolean HaveSVE()">HaveSVE</a>() || !<a link="impl-shared.HaveBF16Ext.0" file="shared_pseudocode.xml" hover="function: boolean HaveBF16Ext()">HaveBF16Ext</a>() then UNDEFINED;
integer g = <a link="impl-shared.UInt.1" file="shared_pseudocode.xml" hover="function: integer UInt(bits(N) x)">UInt</a>(Pg);
integer n = <a link="impl-shared.UInt.1" file="shared_pseudocode.xml" hover="function: integer UInt(bits(N) x)">UInt</a>(Zn);
integer d = <a link="impl-shared.UInt.1" file="shared_pseudocode.xml" hover="function: integer UInt(bits(N) x)">UInt</a>(Zd);</pstext>
        </ps>
      </ps_section>
    </iclass>
  </classes>
  <explanations scope="all">
    <explanation enclist="bfcvtnt_z_p_z_s2bf" symboldefcount="1">
      <symbol link="zd">&lt;Zd&gt;</symbol>
      <account encodedin="Zd">
        <intro>
          <para>Is the name of the destination scalable vector register, encoded in the "Zd" field.</para>
        </intro>
      </account>
    </explanation>
    <explanation enclist="bfcvtnt_z_p_z_s2bf" symboldefcount="1">
      <symbol link="pg">&lt;Pg&gt;</symbol>
      <account encodedin="Pg">
        <intro>
          <para>Is the name of the governing scalable predicate register P0-P7, encoded in the "Pg" field.</para>
        </intro>
      </account>
    </explanation>
    <explanation enclist="bfcvtnt_z_p_z_s2bf" symboldefcount="1">
      <symbol link="zn">&lt;Zn&gt;</symbol>
      <account encodedin="Zn">
        <intro>
          <para>Is the name of the first source scalable vector register, encoded in the "Zn" field.</para>
        </intro>
      </account>
    </explanation>
  </explanations>
  <ps_section howmany="1">
    <ps name="BFCVTNT-Z.P.Z-S2BF" mylink="commonps" enclabels="" sections="1" secttype="Operation">
      <pstext mayhavelinks="1" section="Execute" rep_section="execute"><a link="impl-aarch64.CheckSVEEnabled.0" file="shared_pseudocode.xml" hover="function: CheckSVEEnabled()">CheckSVEEnabled</a>();
integer elements = <a link="impl-aarch64.VL.read.none" file="shared_pseudocode.xml" hover="accessor: integer VL">VL</a> DIV 32;
bits(<a link="impl-aarch64.PL.read.none" file="shared_pseudocode.xml" hover="accessor: integer PL">PL</a>) mask = <a link="impl-aarch64.P.read.1" file="shared_pseudocode.xml" hover="accessor: bits(width) P[integer n]">P</a>[g];
bits(<a link="impl-aarch64.VL.read.none" file="shared_pseudocode.xml" hover="accessor: integer VL">VL</a>) operand  = <a link="impl-aarch64.Z.read.1" file="shared_pseudocode.xml" hover="accessor: bits(width) Z[integer n]">Z</a>[n];
bits(<a link="impl-aarch64.VL.read.none" file="shared_pseudocode.xml" hover="accessor: integer VL">VL</a>) result = <a link="impl-aarch64.Z.read.1" file="shared_pseudocode.xml" hover="accessor: bits(width) Z[integer n]">Z</a>[d];

for e = 0 to elements-1
    bits(32) element = <a link="impl-shared.Elem.read.3" file="shared_pseudocode.xml" hover="accessor: bits(size) Elem[bits(N) vector, integer e, integer size]">Elem</a>[operand, e, 32];
    if <a link="impl-aarch64.ElemP.read.3" file="shared_pseudocode.xml" hover="accessor: bit ElemP[bits(N) pred, integer e, integer esize]">ElemP</a>[mask, e, 32] == '1' then
        <a link="impl-shared.Elem.write.3" file="shared_pseudocode.xml" hover="accessor: Elem[bits(N) &amp;vector, integer e, integer size] = bits(size) value">Elem</a>[result, 2*e+1, 16] = <a link="impl-shared.FPConvertBF.2" file="shared_pseudocode.xml" hover="function: bits(16) FPConvertBF(bits(32) op, FPCRType fpcr)">FPConvertBF</a>(element, FPCR&lt;31:0&gt;);

<a link="impl-aarch64.Z.write.1" file="shared_pseudocode.xml" hover="accessor: Z[integer n] = bits(width) value">Z</a>[d] = result;</pstext>
    </ps>
  </ps_section>
</instructionsection>
