<?xml version="1.0" encoding="utf-8"?>
<?xml-stylesheet type="text/xsl" encoding="UTF-8" href="iform.xsl" version="1.0"?>
<!DOCTYPE instructionsection PUBLIC "-//ARM//DTD instructionsection //EN" "iform-p.dtd">
<!-- Copyright (c) 2010-2020 Arm Limited or its affiliates. All rights reserved. -->
<!-- This document is Non-Confidential. This document may only be used and distributed in accordance with the terms of the agreement entered into by Arm and the party that Arm delivered this document to. -->

<instructionsection id="bfdot_z_zzzi" title="BFDOT (indexed)" type="instruction">
  <docvars>
    <docvar key="instr-class" value="sve" />
    <docvar key="isa" value="A64" />
    <docvar key="mnemonic" value="BFDOT" />
  </docvars>
  <heading>BFDOT (indexed)</heading>
  <desc>
    <brief>BFloat16 floating-point indexed dot product</brief>
    <description>
      <para>The BFloat16 floating-point (BF16) indexed dot product instruction computes the dot product of a pair of BF16 values held in each 32-bit element of the first source vector multiplied by a pair of BF16 values in an indexed 32-bit element of the second source vector, and then destructively adds the single-precision dot product to the corresponding single-precision element of the destination vector.</para>
      <para>The BF16 pairs within the second source vector are specified using an immediate index which selects the same BF16 pair position within each 128-bit vector segment. The index range is from 0 to 3. This instruction is unpredicated.</para>
      <para>All floating-point calculations performed by this instruction are performed with the following behaviors, irrespective of the value in FPCR:</para>
      <para>* Uses the non-IEEE 754 Round-to-Odd mode, which forces bit 0 of an inexact result to 1, and rounds an overflow to an appropriately signed Infinity.</para>
      <para>* The cumulative FPSR exception bits (IDC, IXC, UFC, OFC, DZC and IOC) are not modified.</para>
      <para>* Trapped floating-point exceptions are disabled, as if the FPCR trap enable bits (IDE, IXE, UFE, OFE, DZE and IOE) are all zero.</para>
      <para>* Denormalized inputs and results are flushed to zero, as if FPCR.FZ == 1.</para>
      <para>* Only the Default NaN is generated, as if FPCR.DN == 1. </para>
      <para>ID_AA64ZFR0_EL1.BF16 indicates whether this instruction is implemented.</para>
    </description>
    <status>Green</status>
    <predicated>False</predicated>
    <takes_movprfx>True</takes_movprfx>
    <takes_pred_movprfx>False</takes_pred_movprfx>
  </desc>
  <alias_list howmany="0"></alias_list>
  <classes>
    <iclass name="SVE" oneof="1" id="bfdot_z_zzzi_" no_encodings="1" isa="A64">
      <docvars>
        <docvar key="instr-class" value="sve" />
        <docvar key="isa" value="A64" />
        <docvar key="mnemonic" value="BFDOT" />
      </docvars>
      <iclassintro count="1"></iclassintro>
      <regdiagram form="32" psname="BFDOT-Z.ZZZi-_">
        <box hibit="31" width="9" settings="9">
          <c>0</c>
          <c>1</c>
          <c>1</c>
          <c>0</c>
          <c>0</c>
          <c>1</c>
          <c>0</c>
          <c>0</c>
          <c>0</c>
        </box>
        <box hibit="22" name="op" settings="1">
          <c>1</c>
        </box>
        <box hibit="21" settings="1">
          <c>1</c>
        </box>
        <box hibit="20" width="2" name="i2" usename="1">
          <c colspan="2"></c>
        </box>
        <box hibit="18" width="3" name="Zm" usename="1">
          <c colspan="3"></c>
        </box>
        <box hibit="15" width="6" settings="6">
          <c>0</c>
          <c>1</c>
          <c>0</c>
          <c>0</c>
          <c>0</c>
          <c>0</c>
        </box>
        <box hibit="9" width="5" name="Zn" usename="1">
          <c colspan="5"></c>
        </box>
        <box hibit="4" width="5" name="Zda" usename="1">
          <c colspan="5"></c>
        </box>
      </regdiagram>
      <encoding name="bfdot_z_zzzi_" oneofinclass="1" oneof="1" label="SVE">
        <docvars>
          <docvar key="instr-class" value="sve" />
          <docvar key="isa" value="A64" />
          <docvar key="mnemonic" value="BFDOT" />
        </docvars>
        <asmtemplate><text>BFDOT   </text><a link="zda" hover="Third source and destination scalable vector register (field &quot;Zda&quot;)">&lt;Zda&gt;</a><text>.S, </text><a link="zn" hover="First source scalable vector register (field &quot;Zn&quot;)">&lt;Zn&gt;</a><text>.H, </text><a link="zm" hover="Second source scalable vector register Z0-Z7 (field &quot;Zm&quot;)">&lt;Zm&gt;</a><text>.H[</text><a link="imm" hover="Immediate index [0-3] (field &quot;i2&quot;)">&lt;imm&gt;</a><text>]</text></asmtemplate>
      </encoding>
      <ps_section howmany="1">
        <ps name="BFDOT-Z.ZZZi-_" mylink="BFDOT-Z.ZZZi-_" enclabels="" sections="1" secttype="noheading">
          <pstext mayhavelinks="1" section="Decode" rep_section="decode">if !<a link="impl-aarch64.HaveSVE.0" file="shared_pseudocode.xml" hover="function: boolean HaveSVE()">HaveSVE</a>() || !<a link="impl-shared.HaveBF16Ext.0" file="shared_pseudocode.xml" hover="function: boolean HaveBF16Ext()">HaveBF16Ext</a>() then UNDEFINED;
integer n = <a link="impl-shared.UInt.1" file="shared_pseudocode.xml" hover="function: integer UInt(bits(N) x)">UInt</a>(Zn);
integer m = <a link="impl-shared.UInt.1" file="shared_pseudocode.xml" hover="function: integer UInt(bits(N) x)">UInt</a>(Zm);
integer da = <a link="impl-shared.UInt.1" file="shared_pseudocode.xml" hover="function: integer UInt(bits(N) x)">UInt</a>(Zda);
integer index = <a link="impl-shared.UInt.1" file="shared_pseudocode.xml" hover="function: integer UInt(bits(N) x)">UInt</a>(i2);</pstext>
        </ps>
      </ps_section>
    </iclass>
  </classes>
  <explanations scope="all">
    <explanation enclist="bfdot_z_zzzi_" symboldefcount="1">
      <symbol link="zda">&lt;Zda&gt;</symbol>
      <account encodedin="Zda">
        <intro>
          <para>Is the name of the third source and destination scalable vector register, encoded in the "Zda" field.</para>
        </intro>
      </account>
    </explanation>
    <explanation enclist="bfdot_z_zzzi_" symboldefcount="1">
      <symbol link="zn">&lt;Zn&gt;</symbol>
      <account encodedin="Zn">
        <intro>
          <para>Is the name of the first source scalable vector register, encoded in the "Zn" field.</para>
        </intro>
      </account>
    </explanation>
    <explanation enclist="bfdot_z_zzzi_" symboldefcount="1">
      <symbol link="zm">&lt;Zm&gt;</symbol>
      <account encodedin="Zm">
        <intro>
          <para>Is the name of the second source scalable vector register Z0-Z7, encoded in the "Zm" field.</para>
        </intro>
      </account>
    </explanation>
    <explanation enclist="bfdot_z_zzzi_" symboldefcount="1">
      <symbol link="imm">&lt;imm&gt;</symbol>
      <account encodedin="i2">
        <intro>
          <para>Is the immediate index, in the range 0 to 3, encoded in the "i2" field.</para>
        </intro>
      </account>
    </explanation>
  </explanations>
  <ps_section howmany="1">
    <ps name="BFDOT-Z.ZZZi-_" mylink="commonps" enclabels="" sections="1" secttype="Operation">
      <pstext mayhavelinks="1" section="Execute" rep_section="execute"><a link="impl-aarch64.CheckSVEEnabled.0" file="shared_pseudocode.xml" hover="function: CheckSVEEnabled()">CheckSVEEnabled</a>();
integer elements = <a link="impl-aarch64.VL.read.none" file="shared_pseudocode.xml" hover="accessor: integer VL">VL</a> DIV 32;
integer eltspersegment = 128 DIV 32;
bits(<a link="impl-aarch64.VL.read.none" file="shared_pseudocode.xml" hover="accessor: integer VL">VL</a>) operand1 = <a link="impl-aarch64.Z.read.1" file="shared_pseudocode.xml" hover="accessor: bits(width) Z[integer n]">Z</a>[n];
bits(<a link="impl-aarch64.VL.read.none" file="shared_pseudocode.xml" hover="accessor: integer VL">VL</a>) operand2 = <a link="impl-aarch64.Z.read.1" file="shared_pseudocode.xml" hover="accessor: bits(width) Z[integer n]">Z</a>[m];
bits(<a link="impl-aarch64.VL.read.none" file="shared_pseudocode.xml" hover="accessor: integer VL">VL</a>) operand3 = <a link="impl-aarch64.Z.read.1" file="shared_pseudocode.xml" hover="accessor: bits(width) Z[integer n]">Z</a>[da];
bits(<a link="impl-aarch64.VL.read.none" file="shared_pseudocode.xml" hover="accessor: integer VL">VL</a>) result;

for e = 0 to elements-1
    integer segmentbase = e - (e MOD eltspersegment);
    integer s = segmentbase + index;
    bits(16) elt1_a = <a link="impl-shared.Elem.read.3" file="shared_pseudocode.xml" hover="accessor: bits(size) Elem[bits(N) vector, integer e, integer size]">Elem</a>[operand1, 2 * e + 0, 16];
    bits(16) elt1_b = <a link="impl-shared.Elem.read.3" file="shared_pseudocode.xml" hover="accessor: bits(size) Elem[bits(N) vector, integer e, integer size]">Elem</a>[operand1, 2 * e + 1, 16];
    bits(16) elt2_a = <a link="impl-shared.Elem.read.3" file="shared_pseudocode.xml" hover="accessor: bits(size) Elem[bits(N) vector, integer e, integer size]">Elem</a>[operand2, 2 * s + 0, 16];
    bits(16) elt2_b = <a link="impl-shared.Elem.read.3" file="shared_pseudocode.xml" hover="accessor: bits(size) Elem[bits(N) vector, integer e, integer size]">Elem</a>[operand2, 2 * s + 1, 16];

    bits(32) sum = <a link="impl-shared.BFAdd.2" file="shared_pseudocode.xml" hover="function: bits(32) BFAdd(bits(32) op1, bits(32) op2)">BFAdd</a>(<a link="impl-shared.BFMul.2" file="shared_pseudocode.xml" hover="function: bits(32) BFMul(bits(16) op1, bits(16) op2)">BFMul</a>(elt1_a, elt2_a), <a link="impl-shared.BFMul.2" file="shared_pseudocode.xml" hover="function: bits(32) BFMul(bits(16) op1, bits(16) op2)">BFMul</a>(elt1_b, elt2_b));
    <a link="impl-shared.Elem.write.3" file="shared_pseudocode.xml" hover="accessor: Elem[bits(N) &amp;vector, integer e, integer size] = bits(size) value">Elem</a>[result, e, 32] = <a link="impl-shared.BFAdd.2" file="shared_pseudocode.xml" hover="function: bits(32) BFAdd(bits(32) op1, bits(32) op2)">BFAdd</a>(<a link="impl-shared.Elem.read.3" file="shared_pseudocode.xml" hover="accessor: bits(size) Elem[bits(N) vector, integer e, integer size]">Elem</a>[operand3, e, 32], sum);

<a link="impl-aarch64.Z.write.1" file="shared_pseudocode.xml" hover="accessor: Z[integer n] = bits(width) value">Z</a>[da] = result;</pstext>
    </ps>
  </ps_section>
</instructionsection>
