<?xml version="1.0" encoding="utf-8"?>
<?xml-stylesheet type="text/xsl" encoding="UTF-8" href="iform.xsl" version="1.0"?>
<!DOCTYPE instructionsection PUBLIC "-//ARM//DTD instructionsection //EN" "iform-p.dtd">
<!-- Copyright (c) 2010-2020 Arm Limited or its affiliates. All rights reserved. -->
<!-- This document is Non-Confidential. This document may only be used and distributed in accordance with the terms of the agreement entered into by Arm and the party that Arm delivered this document to. -->

<instructionsection id="BFDOT_advsimd_elt" title="BFDOT (by element) -- A64" type="instruction">
  <docvars>
    <docvar key="advsimd-reguse" value="2reg-element" />
    <docvar key="instr-class" value="advsimd" />
    <docvar key="isa" value="A64" />
    <docvar key="mnemonic" value="BFDOT" />
  </docvars>
  <heading>BFDOT (by element)</heading>
  <desc>
    <brief>
      <para>BFloat16 floating-point dot product (vector, by element)</para>
    </brief>
    <authored>
      <para>BFloat16 floating-point dot product (vector, by element). This instruction delimits the source vectors into pairs of 16-bit BF16 elements. Each pair of elements in the first source vector is multiplied by the specified pair of elements in the second source vector. The resulting single-precision products are then summed and added destructively to the single-precision element of the destination vector that aligns with the pair of BF16 values in the first source vector. The instruction ignores the <xref linkend="AArch64.fpcr">FPCR</xref> and does not update the <xref linkend="AArch64.fpsr">FPSR</xref> exception status.</para>
      <para>The BF16 pair within the second source vector is specified using an immediate index. The index range is from 0 to 3 inclusive. <xref linkend="AArch64.id_aa64isar1_el1">ID_AA64ISAR1_EL1</xref>.BF16 indicates whether this instruction is supported.</para>
    </authored>
  </desc>
  <alias_list howmany="0"></alias_list>
  <classes>
    <iclass name="Vector" oneof="1" id="BFDOT_asimdelem_E" no_encodings="1" isa="A64">
      <docvars>
        <docvar key="advsimd-reguse" value="2reg-element" />
        <docvar key="instr-class" value="advsimd" />
        <docvar key="isa" value="A64" />
        <docvar key="mnemonic" value="BFDOT" />
      </docvars>
      <iclassintro count="1"></iclassintro>
      <arch_variants>
        <arch_variant name="ARMv8.6" feature="ARMv8.2-BF16" />
      </arch_variants>
      <regdiagram form="32" psname="aarch64/instrs/vector/arithmetic/binary/element/bfdot">
        <box hibit="31" settings="1">
          <c>0</c>
        </box>
        <box hibit="30" name="Q" usename="1">
          <c></c>
        </box>
        <box hibit="29" name="U" settings="1">
          <c>0</c>
        </box>
        <box hibit="28" width="5" settings="5">
          <c>0</c>
          <c>1</c>
          <c>1</c>
          <c>1</c>
          <c>1</c>
        </box>
        <box hibit="23" width="2" name="size" settings="2">
          <c>0</c>
          <c>1</c>
        </box>
        <box hibit="21" name="L" usename="1">
          <c></c>
        </box>
        <box hibit="20" name="M" usename="1">
          <c></c>
        </box>
        <box hibit="19" width="4" name="Rm" usename="1">
          <c colspan="4"></c>
        </box>
        <box hibit="15" width="4" name="opcode" settings="4">
          <c>1</c>
          <c>1</c>
          <c>1</c>
          <c>1</c>
        </box>
        <box hibit="11" name="H" usename="1">
          <c></c>
        </box>
        <box hibit="10" settings="1">
          <c>0</c>
        </box>
        <box hibit="9" width="5" name="Rn" usename="1">
          <c colspan="5"></c>
        </box>
        <box hibit="4" width="5" name="Rd" usename="1">
          <c colspan="5"></c>
        </box>
      </regdiagram>
      <encoding name="BFDOT_asimdelem_E" oneofinclass="1" oneof="1" label="Vector">
        <docvars>
          <docvar key="advsimd-reguse" value="2reg-element" />
          <docvar key="instr-class" value="advsimd" />
          <docvar key="isa" value="A64" />
          <docvar key="mnemonic" value="BFDOT" />
        </docvars>
        <asmtemplate><text>BFDOT  </text><a link="vd" hover="SIMD&amp;FP destination register (field &quot;Rd&quot;)">&lt;Vd&gt;</a><text>.</text><a link="ta" hover="Arrangement specifier (field &quot;Q&quot;) [2S,4S]">&lt;Ta&gt;</a><text>, </text><a link="vn" hover="First SIMD&amp;FP source register (field &quot;Rn&quot;)">&lt;Vn&gt;</a><text>.</text><a link="tb" hover="Arrangement specifier (field &quot;Q&quot;) [4H,8H]">&lt;Tb&gt;</a><text>, </text><a link="vm" hover="Second SIMD&amp;FP source register (field &quot;M:Rm&quot;)">&lt;Vm&gt;</a><text>.2H[</text><a link="index" hover="Immediate index of a pair of 16-bit elements [0-3] (field &quot;H:L&quot;)">&lt;index&gt;</a><text>]</text></asmtemplate>
      </encoding>
      <ps_section howmany="1">
        <ps name="aarch64/instrs/vector/arithmetic/binary/element/bfdot" mylink="aarch64.instrs.vector.arithmetic.binary.element.bfdot" enclabels="" sections="1" secttype="noheading">
          <pstext mayhavelinks="1" section="Decode" rep_section="decode">if !<a link="impl-shared.HaveBF16Ext.0" file="shared_pseudocode.xml" hover="function: boolean HaveBF16Ext()">HaveBF16Ext</a>() then UNDEFINED;
integer n = <a link="impl-shared.UInt.1" file="shared_pseudocode.xml" hover="function: integer UInt(bits(N) x)">UInt</a>(Rn);
integer m = <a link="impl-shared.UInt.1" file="shared_pseudocode.xml" hover="function: integer UInt(bits(N) x)">UInt</a>(M:Rm);
integer d = <a link="impl-shared.UInt.1" file="shared_pseudocode.xml" hover="function: integer UInt(bits(N) x)">UInt</a>(Rd);
integer i = <a link="impl-shared.UInt.1" file="shared_pseudocode.xml" hover="function: integer UInt(bits(N) x)">UInt</a>(H:L);
integer datasize = if Q == '1' then 128 else 64;
integer elements = datasize DIV 32;</pstext>
        </ps>
      </ps_section>
    </iclass>
  </classes>
  <explanations scope="all">
    <explanation enclist="BFDOT_asimdelem_E" symboldefcount="1">
      <symbol link="vd">&lt;Vd&gt;</symbol>
      <account encodedin="Rd">
        <intro>
          <para>Is the name of the SIMD&amp;FP destination register, encoded in the "Rd" field.</para>
        </intro>
      </account>
    </explanation>
    <explanation enclist="BFDOT_asimdelem_E" symboldefcount="1">
      <symbol link="ta">&lt;Ta&gt;</symbol>
      <definition encodedin="Q">
        <intro>Is an arrangement specifier, </intro>
        <table class="valuetable">
          <tgroup cols="2">
            <thead>
              <row>
                <entry class="bitfield">Q</entry>
                <entry class="symbol">&lt;Ta&gt;</entry>
              </row>
            </thead>
            <tbody>
              <row>
                <entry class="bitfield">0</entry>
                <entry class="symbol">2S</entry>
              </row>
              <row>
                <entry class="bitfield">1</entry>
                <entry class="symbol">4S</entry>
              </row>
            </tbody>
          </tgroup>
        </table>
      </definition>
    </explanation>
    <explanation enclist="BFDOT_asimdelem_E" symboldefcount="1">
      <symbol link="vn">&lt;Vn&gt;</symbol>
      <account encodedin="Rn">
        <intro>
          <para>Is the name of the first SIMD&amp;FP source register, encoded in the "Rn" field.</para>
        </intro>
      </account>
    </explanation>
    <explanation enclist="BFDOT_asimdelem_E" symboldefcount="1">
      <symbol link="tb">&lt;Tb&gt;</symbol>
      <definition encodedin="Q">
        <intro>Is an arrangement specifier, </intro>
        <table class="valuetable">
          <tgroup cols="2">
            <thead>
              <row>
                <entry class="bitfield">Q</entry>
                <entry class="symbol">&lt;Tb&gt;</entry>
              </row>
            </thead>
            <tbody>
              <row>
                <entry class="bitfield">0</entry>
                <entry class="symbol">4H</entry>
              </row>
              <row>
                <entry class="bitfield">1</entry>
                <entry class="symbol">8H</entry>
              </row>
            </tbody>
          </tgroup>
        </table>
      </definition>
    </explanation>
    <explanation enclist="BFDOT_asimdelem_E" symboldefcount="1">
      <symbol link="vm">&lt;Vm&gt;</symbol>
      <account encodedin="M:Rm">
        <intro>
          <para>Is the name of the second SIMD&amp;FP source register, encoded in the "M:Rm" fields.</para>
        </intro>
      </account>
    </explanation>
    <explanation enclist="BFDOT_asimdelem_E" symboldefcount="1">
      <symbol link="index">&lt;index&gt;</symbol>
      <account encodedin="H:L">
        <intro>
          <para>Is the immediate index of a pair of 16-bit elements in the range 0 to 3, encoded in the "H:L" fields.</para>
        </intro>
      </account>
    </explanation>
  </explanations>
  <ps_section howmany="1">
    <ps name="aarch64/instrs/vector/arithmetic/binary/element/bfdot" mylink="commonps" enclabels="" sections="1" secttype="Operation">
      <pstext mayhavelinks="1" section="Execute" rep_section="execute"><a link="impl-aarch64.CheckFPAdvSIMDEnabled64.0" file="shared_pseudocode.xml" hover="function: CheckFPAdvSIMDEnabled64()">CheckFPAdvSIMDEnabled64</a>();
bits(datasize) operand1 = <a link="impl-aarch64.V.read.1" file="shared_pseudocode.xml" hover="accessor: bits(width) V[integer n]">V</a>[n];
bits(128)      operand2 = <a link="impl-aarch64.V.read.1" file="shared_pseudocode.xml" hover="accessor: bits(width) V[integer n]">V</a>[m];
bits(datasize) operand3 = <a link="impl-aarch64.V.read.1" file="shared_pseudocode.xml" hover="accessor: bits(width) V[integer n]">V</a>[d];
bits(datasize) result;

for e = 0 to elements-1
    bits(16) elt1_a = <a link="impl-shared.Elem.read.3" file="shared_pseudocode.xml" hover="accessor: bits(size) Elem[bits(N) vector, integer e, integer size]">Elem</a>[operand1, 2 * e + 0, 16];
    bits(16) elt1_b = <a link="impl-shared.Elem.read.3" file="shared_pseudocode.xml" hover="accessor: bits(size) Elem[bits(N) vector, integer e, integer size]">Elem</a>[operand1, 2 * e + 1, 16];
    bits(16) elt2_a = <a link="impl-shared.Elem.read.3" file="shared_pseudocode.xml" hover="accessor: bits(size) Elem[bits(N) vector, integer e, integer size]">Elem</a>[operand2, 2 * i + 0, 16];
    bits(16) elt2_b = <a link="impl-shared.Elem.read.3" file="shared_pseudocode.xml" hover="accessor: bits(size) Elem[bits(N) vector, integer e, integer size]">Elem</a>[operand2, 2 * i + 1, 16];

    bits(32) sum = <a link="impl-shared.BFAdd.2" file="shared_pseudocode.xml" hover="function: bits(32) BFAdd(bits(32) op1, bits(32) op2)">BFAdd</a>(<a link="impl-shared.BFMul.2" file="shared_pseudocode.xml" hover="function: bits(32) BFMul(bits(16) op1, bits(16) op2)">BFMul</a>(elt1_a, elt2_a), <a link="impl-shared.BFMul.2" file="shared_pseudocode.xml" hover="function: bits(32) BFMul(bits(16) op1, bits(16) op2)">BFMul</a>(elt1_b, elt2_b));
    <a link="impl-shared.Elem.write.3" file="shared_pseudocode.xml" hover="accessor: Elem[bits(N) &amp;vector, integer e, integer size] = bits(size) value">Elem</a>[result, e, 32] = <a link="impl-shared.BFAdd.2" file="shared_pseudocode.xml" hover="function: bits(32) BFAdd(bits(32) op1, bits(32) op2)">BFAdd</a>(<a link="impl-shared.Elem.read.3" file="shared_pseudocode.xml" hover="accessor: bits(size) Elem[bits(N) vector, integer e, integer size]">Elem</a>[operand3, e, 32], sum);

<a link="impl-aarch64.V.write.1" file="shared_pseudocode.xml" hover="accessor: V[integer n] = bits(width) value">V</a>[d] = result;</pstext>
    </ps>
  </ps_section>
</instructionsection>
