<?xml version="1.0" encoding="utf-8"?>
<?xml-stylesheet type="text/xsl" encoding="UTF-8" href="iform.xsl" version="1.0"?>
<!DOCTYPE instructionsection PUBLIC "-//ARM//DTD instructionsection //EN" "iform-p.dtd">
<!-- Copyright (c) 2010-2020 Arm Limited or its affiliates. All rights reserved. -->
<!-- This document is Non-Confidential. This document may only be used and distributed in accordance with the terms of the agreement entered into by Arm and the party that Arm delivered this document to. -->

<instructionsection id="BFI_BFM" title="BFI -- A64" type="alias">
  <docvars>
    <docvar key="alias_mnemonic" value="BFI" />
    <docvar key="bitfield-fill" value="nofill" />
    <docvar key="instr-class" value="general" />
    <docvar key="isa" value="A64" />
    <docvar key="mnemonic" value="BFM" />
    <docvar key="source-type" value="src-is-immediate" />
  </docvars>
  <heading>BFI</heading>
  <desc>
    <brief>
      <para>Bitfield Insert</para>
    </brief>
    <authored>
      <para>Bitfield Insert copies a bitfield of <syntax>&lt;width&gt;</syntax> bits from the least significant bits of the source register to bit position <syntax>&lt;lsb&gt;</syntax> of the destination register, leaving the other destination bits unchanged.</para>
    </authored>
  </desc>
  <operationalnotes>
    <para>If PSTATE.DIT is 1:</para>
    <list type="unordered">
      <listitem><content>The execution time of this instruction is independent of:<list type="unordered"><listitem><content>The values of the data supplied in any of its registers.</content></listitem><listitem><content>The values of the NZCV flags.</content></listitem></list></content></listitem>
      <listitem><content>The response of this instruction to asynchronous exceptions does not vary based on:<list type="unordered"><listitem><content>The values of the data supplied in any of its registers.</content></listitem><listitem><content>The values of the NZCV flags.</content></listitem></list></content></listitem>
    </list>
  </operationalnotes>
  <aliasto refiform="bfm.xml" iformid="BFM">BFM</aliasto>
  <classes>
    <iclass name="Leaving other bits unchanged" oneof="1" id="nofill" no_encodings="2" isa="A64">
      <docvars>
        <docvar key="bitfield-fill" value="nofill" />
        <docvar key="instr-class" value="general" />
        <docvar key="isa" value="A64" />
        <docvar key="mnemonic" value="BFM" />
      </docvars>
      <iclassintro count="2"></iclassintro>
      <regdiagram form="32" psname="aarch64/instrs/integer/bitfield" tworows="1">
        <box hibit="31" name="sf" usename="1">
          <c></c>
        </box>
        <box hibit="30" width="2" name="opc" usename="1" settings="2" psbits="xx">
          <c>0</c>
          <c>1</c>
        </box>
        <box hibit="28" width="6" settings="6">
          <c>1</c>
          <c>0</c>
          <c>0</c>
          <c>1</c>
          <c>1</c>
          <c>0</c>
        </box>
        <box hibit="22" name="N" usename="1">
          <c></c>
        </box>
        <box hibit="21" width="6" name="immr" usename="1">
          <c colspan="6"></c>
        </box>
        <box hibit="15" width="6" name="imms" usename="1">
          <c colspan="6"></c>
        </box>
        <box hibit="9" width="5" name="Rn" usename="1" settings="5" constraint="!= 11111" psbits="xxxxx">
          <c colspan="5">!= 11111</c>
        </box>
        <box hibit="4" width="5" name="Rd" usename="1">
          <c colspan="5"></c>
        </box>
      </regdiagram>
      <encoding name="BFI_BFM_32M_bitfield" oneofinclass="2" oneof="2" label="32-bit" bitdiffs="sf == 0 &amp;&amp; N == 0">
        <docvars>
          <docvar key="alias_mnemonic" value="BFI" />
          <docvar key="bitfield-fill" value="nofill" />
          <docvar key="datatype" value="32" />
          <docvar key="instr-class" value="general" />
          <docvar key="isa" value="A64" />
          <docvar key="mnemonic" value="BFM" />
          <docvar key="source-type" value="src-is-immediate" />
        </docvars>
        <box hibit="31" width="1" name="sf">
          <c>0</c>
        </box>
        <box hibit="22" width="1" name="N">
          <c>0</c>
        </box>
        <asmtemplate><text>BFI  </text><a link="wd" hover="32-bit general-purpose destination register (field &quot;Rd&quot;)">&lt;Wd&gt;</a><text>, </text><a link="wn" hover="32-bit general-purpose source register (field &quot;Rn&quot;)">&lt;Wn&gt;</a><text>, #</text><a link="lsb" hover="Bit number of lsb of the destination bitfield [0-31]">&lt;lsb&gt;</a><text>, #</text><a link="width" hover="Width of bitfield [1-32-&lt;lsb&gt;]">&lt;width&gt;</a></asmtemplate>
        <equivalent_to>
          <asmtemplate><a href="bfm.xml#BFM_32M_bitfield">BFM</a><text>  </text><a link="wd" hover="32-bit general-purpose destination register (field &quot;Rd&quot;)">&lt;Wd&gt;</a><text>, </text><a link="wn" hover="32-bit general-purpose source register (field &quot;Rn&quot;)">&lt;Wn&gt;</a><text>, #(-</text><a link="lsb" hover="Bit number of lsb of the destination bitfield [0-31]">&lt;lsb&gt;</a><text> MOD 32), #(</text><a link="width" hover="Width of bitfield [1-32-&lt;lsb&gt;]">&lt;width&gt;</a><text>-1)</text></asmtemplate>
          <aliascond><a link="impl-shared.UInt.1" file="shared_pseudocode.xml" hover="function: integer UInt(bits(N) x)">UInt</a>(imms) &lt; <a link="impl-shared.UInt.1" file="shared_pseudocode.xml" hover="function: integer UInt(bits(N) x)">UInt</a>(immr)</aliascond>
        </equivalent_to>
      </encoding>
      <encoding name="BFI_BFM_64M_bitfield" oneofinclass="2" oneof="2" label="64-bit" bitdiffs="sf == 1 &amp;&amp; N == 1">
        <docvars>
          <docvar key="alias_mnemonic" value="BFI" />
          <docvar key="bitfield-fill" value="nofill" />
          <docvar key="datatype" value="64" />
          <docvar key="instr-class" value="general" />
          <docvar key="isa" value="A64" />
          <docvar key="mnemonic" value="BFM" />
          <docvar key="source-type" value="src-is-immediate" />
        </docvars>
        <box hibit="31" width="1" name="sf">
          <c>1</c>
        </box>
        <box hibit="22" width="1" name="N">
          <c>1</c>
        </box>
        <asmtemplate><text>BFI  </text><a link="xd" hover="64-bit general-purpose destination register (field &quot;Rd&quot;)">&lt;Xd&gt;</a><text>, </text><a link="xn" hover="64-bit general-purpose source register (field &quot;Rn&quot;)">&lt;Xn&gt;</a><text>, #</text><a link="lsb_2" hover="Bit number of lsb of the destination bitfield [0-63]">&lt;lsb&gt;</a><text>, #</text><a link="width_1" hover="Width of bitfield [1-64-&lt;lsb&gt;]">&lt;width&gt;</a></asmtemplate>
        <equivalent_to>
          <asmtemplate><a href="bfm.xml#BFM_64M_bitfield">BFM</a><text>  </text><a link="xd" hover="64-bit general-purpose destination register (field &quot;Rd&quot;)">&lt;Xd&gt;</a><text>, </text><a link="xn" hover="64-bit general-purpose source register (field &quot;Rn&quot;)">&lt;Xn&gt;</a><text>, #(-</text><a link="lsb_2" hover="Bit number of lsb of the destination bitfield [0-63]">&lt;lsb&gt;</a><text> MOD 64), #(</text><a link="width_1" hover="Width of bitfield [1-64-&lt;lsb&gt;]">&lt;width&gt;</a><text>-1)</text></asmtemplate>
          <aliascond><a link="impl-shared.UInt.1" file="shared_pseudocode.xml" hover="function: integer UInt(bits(N) x)">UInt</a>(imms) &lt; <a link="impl-shared.UInt.1" file="shared_pseudocode.xml" hover="function: integer UInt(bits(N) x)">UInt</a>(immr)</aliascond>
        </equivalent_to>
      </encoding>
    </iclass>
  </classes>
  <explanations scope="all">
    <explanation enclist="BFI_BFM_32M_bitfield" symboldefcount="1">
      <symbol link="wd">&lt;Wd&gt;</symbol>
      <account encodedin="Rd">
        <intro>
          <para>Is the 32-bit name of the general-purpose destination register, encoded in the "Rd" field.</para>
        </intro>
      </account>
    </explanation>
    <explanation enclist="BFI_BFM_32M_bitfield" symboldefcount="1">
      <symbol link="wn">&lt;Wn&gt;</symbol>
      <account encodedin="Rn">
        <intro>
          <para>Is the 32-bit name of the general-purpose source register, encoded in the "Rn" field.</para>
        </intro>
      </account>
    </explanation>
    <explanation enclist="BFI_BFM_64M_bitfield" symboldefcount="1">
      <symbol link="xd">&lt;Xd&gt;</symbol>
      <account encodedin="Rd">
        <intro>
          <para>Is the 64-bit name of the general-purpose destination register, encoded in the "Rd" field.</para>
        </intro>
      </account>
    </explanation>
    <explanation enclist="BFI_BFM_64M_bitfield" symboldefcount="1">
      <symbol link="xn">&lt;Xn&gt;</symbol>
      <account encodedin="Rn">
        <intro>
          <para>Is the 64-bit name of the general-purpose source register, encoded in the "Rn" field.</para>
        </intro>
      </account>
    </explanation>
    <explanation enclist="BFI_BFM_32M_bitfield" symboldefcount="1">
      <symbol link="lsb">&lt;lsb&gt;</symbol>
      <account encodedin="">
        <docvars>
          <docvar key="datatype" value="32" />
        </docvars>
        <intro>
          <para>For the 32-bit variant: is the bit number of the lsb of the destination bitfield, in the range 0 to 31.</para>
        </intro>
      </account>
    </explanation>
    <explanation enclist="BFI_BFM_64M_bitfield" symboldefcount="2">
      <symbol link="lsb_2">&lt;lsb&gt;</symbol>
      <account encodedin="">
        <docvars>
          <docvar key="datatype" value="64" />
        </docvars>
        <intro>
          <para>For the 64-bit variant: is the bit number of the lsb of the destination bitfield, in the range 0 to 63.</para>
        </intro>
      </account>
    </explanation>
    <explanation enclist="BFI_BFM_32M_bitfield" symboldefcount="1">
      <symbol link="width">&lt;width&gt;</symbol>
      <account encodedin="">
        <docvars>
          <docvar key="datatype" value="32" />
        </docvars>
        <intro>
          <para>For the 32-bit variant: is the width of the bitfield, in the range 1 to 32-&lt;lsb&gt;.</para>
        </intro>
      </account>
    </explanation>
    <explanation enclist="BFI_BFM_64M_bitfield" symboldefcount="2">
      <symbol link="width_1">&lt;width&gt;</symbol>
      <account encodedin="">
        <docvars>
          <docvar key="datatype" value="64" />
        </docvars>
        <intro>
          <para>For the 64-bit variant: is the width of the bitfield, in the range 1 to 64-&lt;lsb&gt;.</para>
        </intro>
      </account>
    </explanation>
  </explanations>
</instructionsection>
