<?xml version="1.0" encoding="utf-8"?>
<?xml-stylesheet type="text/xsl" encoding="UTF-8" href="iform.xsl" version="1.0"?>
<!DOCTYPE instructionsection PUBLIC "-//ARM//DTD instructionsection //EN" "iform-p.dtd">
<!-- Copyright (c) 2010-2020 Arm Limited or its affiliates. All rights reserved. -->
<!-- This document is Non-Confidential. This document may only be used and distributed in accordance with the terms of the agreement entered into by Arm and the party that Arm delivered this document to. -->

<instructionsection id="BIF_advsimd" title="BIF -- A64" type="instruction">
  <docvars>
    <docvar key="advsimd-reguse" value="3reg-same" />
    <docvar key="advsimd-type" value="simd" />
    <docvar key="instr-class" value="advsimd" />
    <docvar key="isa" value="A64" />
    <docvar key="mnemonic" value="BIF" />
  </docvars>
  <heading>BIF</heading>
  <desc>
    <brief>
      <para>Bitwise Insert if False</para>
    </brief>
    <authored>
      <para>Bitwise Insert if False. This instruction inserts each bit from the first source SIMD&amp;FP register into the destination SIMD&amp;FP register if the corresponding bit of the second source SIMD&amp;FP register is 0, otherwise leaves the bit in the destination register unchanged.</para>
      <para>Depending on the settings in the <xref linkend="AArch64.cpacr_el1">CPACR_EL1</xref>, <xref linkend="AArch64.cptr_el2">CPTR_EL2</xref>, and <xref linkend="AArch64.cptr_el3">CPTR_EL3</xref> registers, and the current Security state and Exception level, an attempt to execute the instruction might be trapped.</para>
    </authored>
  </desc>
  <operationalnotes>
    <para>If PSTATE.DIT is 1:</para>
    <list type="unordered">
      <listitem><content>The execution time of this instruction is independent of:<list type="unordered"><listitem><content>The values of the data supplied in any of its registers.</content></listitem><listitem><content>The values of the NZCV flags.</content></listitem></list></content></listitem>
      <listitem><content>The response of this instruction to asynchronous exceptions does not vary based on:<list type="unordered"><listitem><content>The values of the data supplied in any of its registers.</content></listitem><listitem><content>The values of the NZCV flags.</content></listitem></list></content></listitem>
    </list>
  </operationalnotes>
  <alias_list howmany="0"></alias_list>
  <classes>
    <iclass name="Three registers of the same type" oneof="1" id="BIF_asimdsame_only" no_encodings="1" isa="A64">
      <docvars>
        <docvar key="advsimd-reguse" value="3reg-same" />
        <docvar key="advsimd-type" value="simd" />
        <docvar key="instr-class" value="advsimd" />
        <docvar key="isa" value="A64" />
        <docvar key="mnemonic" value="BIF" />
      </docvars>
      <iclassintro count="1"></iclassintro>
      <regdiagram form="32" psname="aarch64/instrs/vector/arithmetic/binary/uniform/logical/bsl-eor" tworows="1">
        <box hibit="31" settings="1">
          <c>0</c>
        </box>
        <box hibit="30" name="Q" usename="1">
          <c></c>
        </box>
        <box hibit="29" name="U" settings="1">
          <c>1</c>
        </box>
        <box hibit="28" width="5" settings="5">
          <c>0</c>
          <c>1</c>
          <c>1</c>
          <c>1</c>
          <c>0</c>
        </box>
        <box hibit="23" width="2" name="opc2" usename="1" settings="2" psbits="xx">
          <c>1</c>
          <c>1</c>
        </box>
        <box hibit="21" settings="1">
          <c>1</c>
        </box>
        <box hibit="20" width="5" name="Rm" usename="1">
          <c colspan="5"></c>
        </box>
        <box hibit="15" width="5" name="opcode" settings="5">
          <c>0</c>
          <c>0</c>
          <c>0</c>
          <c>1</c>
          <c>1</c>
        </box>
        <box hibit="10" settings="1">
          <c>1</c>
        </box>
        <box hibit="9" width="5" name="Rn" usename="1">
          <c colspan="5"></c>
        </box>
        <box hibit="4" width="5" name="Rd" usename="1">
          <c colspan="5"></c>
        </box>
      </regdiagram>
      <encoding name="BIF_asimdsame_only" oneofinclass="1" oneof="1" label="Three registers of the same type">
        <docvars>
          <docvar key="advsimd-reguse" value="3reg-same" />
          <docvar key="advsimd-type" value="simd" />
          <docvar key="instr-class" value="advsimd" />
          <docvar key="isa" value="A64" />
          <docvar key="mnemonic" value="BIF" />
        </docvars>
        <asmtemplate><text>BIF  </text><a link="vd" hover="SIMD&amp;FP destination register (field &quot;Rd&quot;)">&lt;Vd&gt;</a><text>.</text><a link="t" hover="Arrangement specifier (field &quot;Q&quot;) [8B,16B]">&lt;T&gt;</a><text>, </text><a link="vn" hover="First SIMD&amp;FP source register (field &quot;Rn&quot;)">&lt;Vn&gt;</a><text>.</text><a link="t" hover="Arrangement specifier (field &quot;Q&quot;) [8B,16B]">&lt;T&gt;</a><text>, </text><a link="vm" hover="Second SIMD&amp;FP source register (field &quot;Rm&quot;)">&lt;Vm&gt;</a><text>.</text><a link="t" hover="Arrangement specifier (field &quot;Q&quot;) [8B,16B]">&lt;T&gt;</a></asmtemplate>
      </encoding>
      <ps_section howmany="1">
        <ps name="aarch64/instrs/vector/arithmetic/binary/uniform/logical/bsl-eor" mylink="aarch64.instrs.vector.arithmetic.binary.uniform.logical.bsl-eor" enclabels="" sections="1" secttype="noheading">
          <pstext mayhavelinks="1" section="Decode" rep_section="decode">integer d = <a link="impl-shared.UInt.1" file="shared_pseudocode.xml" hover="function: integer UInt(bits(N) x)">UInt</a>(Rd);
integer n = <a link="impl-shared.UInt.1" file="shared_pseudocode.xml" hover="function: integer UInt(bits(N) x)">UInt</a>(Rn);
integer m = <a link="impl-shared.UInt.1" file="shared_pseudocode.xml" hover="function: integer UInt(bits(N) x)">UInt</a>(Rm);
integer esize = 8;
integer datasize = if Q == '1' then 128 else 64;
integer elements = datasize DIV esize;

<a link="VBitOp" file="shared_pseudocode.xml" hover="enumeration VBitOp      {VBitOp_VBIF, VBitOp_VBIT, VBitOp_VBSL, VBitOp_VEOR}">VBitOp</a> op;

case opc2 of
    when '00' op = <a link="VBitOp_VEOR" file="shared_pseudocode.xml" hover="enumeration VBitOp      {VBitOp_VBIF, VBitOp_VBIT, VBitOp_VBSL, VBitOp_VEOR}">VBitOp_VEOR</a>;
    when '01' op = <a link="VBitOp_VBSL" file="shared_pseudocode.xml" hover="enumeration VBitOp      {VBitOp_VBIF, VBitOp_VBIT, VBitOp_VBSL, VBitOp_VEOR}">VBitOp_VBSL</a>;
    when '10' op = <a link="VBitOp_VBIT" file="shared_pseudocode.xml" hover="enumeration VBitOp      {VBitOp_VBIF, VBitOp_VBIT, VBitOp_VBSL, VBitOp_VEOR}">VBitOp_VBIT</a>;
    when '11' op = <a link="VBitOp_VBIF" file="shared_pseudocode.xml" hover="enumeration VBitOp      {VBitOp_VBIF, VBitOp_VBIT, VBitOp_VBSL, VBitOp_VEOR}">VBitOp_VBIF</a>;</pstext>
        </ps>
      </ps_section>
    </iclass>
  </classes>
  <explanations scope="all">
    <explanation enclist="BIF_asimdsame_only" symboldefcount="1">
      <symbol link="vd">&lt;Vd&gt;</symbol>
      <account encodedin="Rd">
        <intro>
          <para>Is the name of the SIMD&amp;FP destination register, encoded in the "Rd" field.</para>
        </intro>
      </account>
    </explanation>
    <explanation enclist="BIF_asimdsame_only" symboldefcount="1">
      <symbol link="t">&lt;T&gt;</symbol>
      <definition encodedin="Q">
        <intro>Is an arrangement specifier, </intro>
        <table class="valuetable">
          <tgroup cols="2">
            <thead>
              <row>
                <entry class="bitfield">Q</entry>
                <entry class="symbol">&lt;T&gt;</entry>
              </row>
            </thead>
            <tbody>
              <row>
                <entry class="bitfield">0</entry>
                <entry class="symbol">8B</entry>
              </row>
              <row>
                <entry class="bitfield">1</entry>
                <entry class="symbol">16B</entry>
              </row>
            </tbody>
          </tgroup>
        </table>
      </definition>
    </explanation>
    <explanation enclist="BIF_asimdsame_only" symboldefcount="1">
      <symbol link="vn">&lt;Vn&gt;</symbol>
      <account encodedin="Rn">
        <intro>
          <para>Is the name of the first SIMD&amp;FP source register, encoded in the "Rn" field.</para>
        </intro>
      </account>
    </explanation>
    <explanation enclist="BIF_asimdsame_only" symboldefcount="1">
      <symbol link="vm">&lt;Vm&gt;</symbol>
      <account encodedin="Rm">
        <intro>
          <para>Is the name of the second SIMD&amp;FP source register, encoded in the "Rm" field.</para>
        </intro>
      </account>
    </explanation>
  </explanations>
  <ps_section howmany="1">
    <ps name="aarch64/instrs/vector/arithmetic/binary/uniform/logical/bsl-eor" mylink="commonps" enclabels="" sections="1" secttype="Operation">
      <pstext mayhavelinks="1" section="Execute" rep_section="execute"><a link="impl-aarch64.CheckFPAdvSIMDEnabled64.0" file="shared_pseudocode.xml" hover="function: CheckFPAdvSIMDEnabled64()">CheckFPAdvSIMDEnabled64</a>();
bits(datasize) operand1;
bits(datasize) operand2;
bits(datasize) operand3;
bits(datasize) operand4 = <a link="impl-aarch64.V.read.1" file="shared_pseudocode.xml" hover="accessor: bits(width) V[integer n]">V</a>[n];

case op of
    when <a link="VBitOp_VEOR" file="shared_pseudocode.xml" hover="enumeration VBitOp      {VBitOp_VBIF, VBitOp_VBIT, VBitOp_VBSL, VBitOp_VEOR}">VBitOp_VEOR</a>
        operand1 = <a link="impl-aarch64.V.read.1" file="shared_pseudocode.xml" hover="accessor: bits(width) V[integer n]">V</a>[m];
        operand2 = <a link="impl-shared.Zeros.0" file="shared_pseudocode.xml" hover="function: bits(N) Zeros()">Zeros</a>();
        operand3 = <a link="impl-shared.Ones.0" file="shared_pseudocode.xml" hover="function: bits(N) Ones()">Ones</a>();
    when <a link="VBitOp_VBSL" file="shared_pseudocode.xml" hover="enumeration VBitOp      {VBitOp_VBIF, VBitOp_VBIT, VBitOp_VBSL, VBitOp_VEOR}">VBitOp_VBSL</a>
        operand1 = <a link="impl-aarch64.V.read.1" file="shared_pseudocode.xml" hover="accessor: bits(width) V[integer n]">V</a>[m];
        operand2 = operand1;
        operand3 = <a link="impl-aarch64.V.read.1" file="shared_pseudocode.xml" hover="accessor: bits(width) V[integer n]">V</a>[d];
    when <a link="VBitOp_VBIT" file="shared_pseudocode.xml" hover="enumeration VBitOp      {VBitOp_VBIF, VBitOp_VBIT, VBitOp_VBSL, VBitOp_VEOR}">VBitOp_VBIT</a>
        operand1 = <a link="impl-aarch64.V.read.1" file="shared_pseudocode.xml" hover="accessor: bits(width) V[integer n]">V</a>[d];
        operand2 = operand1;
        operand3 = <a link="impl-aarch64.V.read.1" file="shared_pseudocode.xml" hover="accessor: bits(width) V[integer n]">V</a>[m];
    when <a link="VBitOp_VBIF" file="shared_pseudocode.xml" hover="enumeration VBitOp      {VBitOp_VBIF, VBitOp_VBIT, VBitOp_VBSL, VBitOp_VEOR}">VBitOp_VBIF</a>
        operand1 = <a link="impl-aarch64.V.read.1" file="shared_pseudocode.xml" hover="accessor: bits(width) V[integer n]">V</a>[d];
        operand2 = operand1;
        operand3 = NOT(<a link="impl-aarch64.V.read.1" file="shared_pseudocode.xml" hover="accessor: bits(width) V[integer n]">V</a>[m]);

<a link="impl-aarch64.V.write.1" file="shared_pseudocode.xml" hover="accessor: V[integer n] = bits(width) value">V</a>[d] = operand1 EOR ((operand2 EOR operand4) AND operand3);</pstext>
    </ps>
  </ps_section>
</instructionsection>
