<?xml version="1.0" encoding="utf-8"?>
<?xml-stylesheet type="text/xsl" encoding="UTF-8" href="iform.xsl" version="1.0"?>
<!DOCTYPE instructionsection PUBLIC "-//ARM//DTD instructionsection //EN" "iform-p.dtd">
<!-- Copyright (c) 2010-2020 Arm Limited or its affiliates. All rights reserved. -->
<!-- This document is Non-Confidential. This document may only be used and distributed in accordance with the terms of the agreement entered into by Arm and the party that Arm delivered this document to. -->

<instructionsection id="BLR" title="BLR -- A64" type="instruction">
  <docvars>
    <docvar key="instr-class" value="general" />
    <docvar key="isa" value="A64" />
    <docvar key="mnemonic" value="BLR" />
  </docvars>
  <heading>BLR</heading>
  <desc>
    <brief>
      <para>Branch with Link to Register</para>
    </brief>
    <authored>
      <para>Branch with Link to Register calls a subroutine at an address in a register, setting register X30 to PC+4.</para>
    </authored>
  </desc>
  <alias_list howmany="0"></alias_list>
  <classes>
    <iclass name="Integer" oneof="1" id="BLR_64_branch_reg" no_encodings="1" isa="A64">
      <docvars>
        <docvar key="instr-class" value="general" />
        <docvar key="isa" value="A64" />
        <docvar key="mnemonic" value="BLR" />
      </docvars>
      <iclassintro count="1"></iclassintro>
      <regdiagram form="32" psname="aarch64/instrs/branch/unconditional/register" tworows="1">
        <box hibit="31" width="7" settings="7">
          <c>1</c>
          <c>1</c>
          <c>0</c>
          <c>1</c>
          <c>0</c>
          <c>1</c>
          <c>1</c>
        </box>
        <box hibit="24" name="Z" usename="1" settings="1" psbits="x">
          <c>0</c>
        </box>
        <box hibit="23" name="opc[2:1]" settings="1">
          <c>0</c>
        </box>
        <box hibit="22" width="2" name="op" usename="1" settings="2" psbits="xx">
          <c>0</c>
          <c>1</c>
        </box>
        <box hibit="20" width="5" name="op2" settings="5">
          <c>1</c>
          <c>1</c>
          <c>1</c>
          <c>1</c>
          <c>1</c>
        </box>
        <box hibit="15" width="4" name="op3[5:2]" settings="4">
          <c>0</c>
          <c>0</c>
          <c>0</c>
          <c>0</c>
        </box>
        <box hibit="11" name="A" usename="1" settings="1" psbits="x">
          <c>0</c>
        </box>
        <box hibit="10" name="M" usename="1" settings="1" psbits="x">
          <c>0</c>
        </box>
        <box hibit="9" width="5" name="Rn" usename="1">
          <c colspan="5"></c>
        </box>
        <box hibit="4" width="5" name="Rm" usename="1" settings="5" psbits="xxxxx">
          <c>0</c>
          <c>0</c>
          <c>0</c>
          <c>0</c>
          <c>0</c>
        </box>
      </regdiagram>
      <encoding name="BLR_64_branch_reg" oneofinclass="1" oneof="1" label="Integer">
        <docvars>
          <docvar key="instr-class" value="general" />
          <docvar key="isa" value="A64" />
          <docvar key="mnemonic" value="BLR" />
        </docvars>
        <asmtemplate><text>BLR  </text><a link="xn" hover="64-bit general-purpose register holding address to be branched to (field &quot;Rn&quot;)">&lt;Xn&gt;</a></asmtemplate>
      </encoding>
      <ps_section howmany="1">
        <ps name="aarch64/instrs/branch/unconditional/register" mylink="aarch64.instrs.branch.unconditional.register" enclabels="" sections="1" secttype="noheading">
          <pstext mayhavelinks="1" section="Decode" rep_section="decode">integer n = <a link="impl-shared.UInt.1" file="shared_pseudocode.xml" hover="function: integer UInt(bits(N) x)">UInt</a>(Rn);
<a link="BranchType" file="shared_pseudocode.xml" hover="enumeration BranchType {&#13; BranchType_DIRCALL, BranchType_INDCALL, BranchType_ERET, BranchType_DBGEXIT, BranchType_RET, BranchType_DIR, BranchType_INDIR, BranchType_EXCEPTION, BranchType_RESET, BranchType_UNKNOWN}">BranchType</a> branch_type;
integer m = <a link="impl-shared.UInt.1" file="shared_pseudocode.xml" hover="function: integer UInt(bits(N) x)">UInt</a>(Rm);
boolean pac = (A == '1');
boolean use_key_a = (M == '0');
boolean source_is_sp = ((Z == '1') &amp;&amp; (m == 31));

if !pac &amp;&amp; m != 0 then 
    UNDEFINED;
elsif pac &amp;&amp; !<a link="impl-aarch64.HavePACExt.0" file="shared_pseudocode.xml" hover="function: boolean HavePACExt()">HavePACExt</a>() then 
    UNDEFINED;

case op of
    when '00' branch_type = <a link="BranchType_INDIR" file="shared_pseudocode.xml" hover="enumeration BranchType {&#13; BranchType_DIRCALL, BranchType_INDCALL, BranchType_ERET, BranchType_DBGEXIT, BranchType_RET, BranchType_DIR, BranchType_INDIR, BranchType_EXCEPTION, BranchType_RESET, BranchType_UNKNOWN}">BranchType_INDIR</a>;
    when '01' branch_type = <a link="BranchType_INDCALL" file="shared_pseudocode.xml" hover="enumeration BranchType {&#13; BranchType_DIRCALL, BranchType_INDCALL, BranchType_ERET, BranchType_DBGEXIT, BranchType_RET, BranchType_DIR, BranchType_INDIR, BranchType_EXCEPTION, BranchType_RESET, BranchType_UNKNOWN}">BranchType_INDCALL</a>;
    when '10' branch_type = <a link="BranchType_RET" file="shared_pseudocode.xml" hover="enumeration BranchType {&#13; BranchType_DIRCALL, BranchType_INDCALL, BranchType_ERET, BranchType_DBGEXIT, BranchType_RET, BranchType_DIR, BranchType_INDIR, BranchType_EXCEPTION, BranchType_RESET, BranchType_UNKNOWN}">BranchType_RET</a>;
    otherwise UNDEFINED;

if pac then
    if Z == '0' &amp;&amp; m != 31 then
        UNDEFINED;

    if branch_type == <a link="BranchType_RET" file="shared_pseudocode.xml" hover="enumeration BranchType {&#13; BranchType_DIRCALL, BranchType_INDCALL, BranchType_ERET, BranchType_DBGEXIT, BranchType_RET, BranchType_DIR, BranchType_INDIR, BranchType_EXCEPTION, BranchType_RESET, BranchType_UNKNOWN}">BranchType_RET</a> then
        if n != 31 then UNDEFINED;
        n = 30;
        source_is_sp = TRUE;</pstext>
        </ps>
      </ps_section>
    </iclass>
  </classes>
  <explanations scope="all">
    <explanation enclist="BLR_64_branch_reg" symboldefcount="1">
      <symbol link="xn">&lt;Xn&gt;</symbol>
      <account encodedin="Rn">
        <intro>
          <para>Is the 64-bit name of the general-purpose register holding the address to be branched to, encoded in the "Rn" field.</para>
        </intro>
      </account>
    </explanation>
  </explanations>
  <ps_section howmany="1">
    <ps name="aarch64/instrs/branch/unconditional/register" mylink="commonps" enclabels="" sections="1" secttype="Operation">
      <pstext mayhavelinks="1" section="Execute" rep_section="execute">bits(64) target = <a link="impl-aarch64.X.read.1" file="shared_pseudocode.xml" hover="accessor: bits(width) X[integer n]">X</a>[n];
boolean auth_then_branch = TRUE;

if pac then
    bits(64) modifier = if source_is_sp then <a link="impl-aarch64.SP.read.0" file="shared_pseudocode.xml" hover="accessor: bits(width) SP[]">SP</a>[] else <a link="impl-aarch64.X.read.1" file="shared_pseudocode.xml" hover="accessor: bits(width) X[integer n]">X</a>[m];

    if use_key_a then
        target = <a link="impl-aarch64.AuthIA.3" file="shared_pseudocode.xml" hover="function: bits(64) AuthIA(bits(64) X, bits(64) Y, boolean is_combined)">AuthIA</a>(target, modifier, auth_then_branch);
    else
        target = <a link="impl-aarch64.AuthIB.3" file="shared_pseudocode.xml" hover="function: bits(64) AuthIB(bits(64) X, bits(64) Y, boolean is_combined)">AuthIB</a>(target, modifier, auth_then_branch);

if branch_type == <a link="BranchType_INDCALL" file="shared_pseudocode.xml" hover="enumeration BranchType {&#13; BranchType_DIRCALL, BranchType_INDCALL, BranchType_ERET, BranchType_DBGEXIT, BranchType_RET, BranchType_DIR, BranchType_INDIR, BranchType_EXCEPTION, BranchType_RESET, BranchType_UNKNOWN}">BranchType_INDCALL</a> then <a link="impl-aarch64.X.write.1" file="shared_pseudocode.xml" hover="accessor: X[integer n] = bits(width) value">X</a>[30] = <a link="impl-aarch64.PC.read.0" file="shared_pseudocode.xml" hover="accessor: bits(64) PC[]">PC</a>[] + 4;

// Value in BTypeNext will be used to set PSTATE.BTYPE
case branch_type of
    when <a link="BranchType_INDIR" file="shared_pseudocode.xml" hover="enumeration BranchType {&#13; BranchType_DIRCALL, BranchType_INDCALL, BranchType_ERET, BranchType_DBGEXIT, BranchType_RET, BranchType_DIR, BranchType_INDIR, BranchType_EXCEPTION, BranchType_RESET, BranchType_UNKNOWN}">BranchType_INDIR</a>           // BR, BRAA, BRAB, BRAAZ, BRABZ
        if InGuardedPage then
            if n == 16 || n == 17 then
                BTypeNext = '01';
            else
                BTypeNext = '11';
        else
            BTypeNext = '01';
    when <a link="BranchType_INDCALL" file="shared_pseudocode.xml" hover="enumeration BranchType {&#13; BranchType_DIRCALL, BranchType_INDCALL, BranchType_ERET, BranchType_DBGEXIT, BranchType_RET, BranchType_DIR, BranchType_INDIR, BranchType_EXCEPTION, BranchType_RESET, BranchType_UNKNOWN}">BranchType_INDCALL</a>         // BLR, BLRAA, BLRAB, BLRAAZ, BLRABZ
        BTypeNext = '10';
    when <a link="BranchType_RET" file="shared_pseudocode.xml" hover="enumeration BranchType {&#13; BranchType_DIRCALL, BranchType_INDCALL, BranchType_ERET, BranchType_DBGEXIT, BranchType_RET, BranchType_DIR, BranchType_INDIR, BranchType_EXCEPTION, BranchType_RESET, BranchType_UNKNOWN}">BranchType_RET</a>             // RET, RETAA, RETAB 
        BTypeNext = '00';

<a link="impl-shared.BranchTo.2" file="shared_pseudocode.xml" hover="function: BranchTo(bits(N) target, BranchType branch_type)">BranchTo</a>(target, branch_type);</pstext>
    </ps>
  </ps_section>
</instructionsection>
