<?xml version="1.0" encoding="utf-8"?>
<?xml-stylesheet type="text/xsl" encoding="UTF-8" href="iform.xsl" version="1.0"?>
<!DOCTYPE instructionsection PUBLIC "-//ARM//DTD instructionsection //EN" "iform-p.dtd">
<!-- Copyright (c) 2010-2020 Arm Limited or its affiliates. All rights reserved. -->
<!-- This document is Non-Confidential. This document may only be used and distributed in accordance with the terms of the agreement entered into by Arm and the party that Arm delivered this document to. -->

<instructionsection id="BLRA" title="BLRAA, BLRAAZ, BLRAB, BLRABZ -- A64" type="instruction">
  <docvars>
    <docvar key="instr-class" value="general" />
    <docvar key="isa" value="A64" />
  </docvars>
  <heading>BLRAA, BLRAAZ, BLRAB, BLRABZ</heading>
  <desc>
    <brief>
      <para>Branch with Link to Register, with pointer authentication</para>
    </brief>
    <authored>
      <para>Branch with Link to Register, with pointer authentication. This instruction authenticates the address in the general-purpose register that is specified by <syntax>&lt;Xn&gt;</syntax>, using a modifier and the specified key, and calls a subroutine at the authenticated address, setting register X30 to PC+4.</para>
      <para>The modifier is:</para>
      <list type="unordered">
        <listitem><content>In the general-purpose register or stack pointer that is specified by <syntax>&lt;Xm|SP&gt;</syntax> for <instruction>BLRAA</instruction> and <instruction>BLRAB</instruction>.</content></listitem>
        <listitem><content>The value zero, for <instruction>BLRAAZ</instruction> and <instruction>BLRABZ</instruction>.</content></listitem>
      </list>
      <para>Key A is used for <instruction>BLRAA</instruction> and <instruction>BLRAAZ</instruction>, and key B is used for <instruction>BLRAB</instruction> and <instruction>BLRABZ</instruction>.</para>
      <para>If the authentication passes, the PE continues execution at the target of the branch. If the authentication fails, a Translation fault is generated.</para>
      <para>The authenticated address is not written back to the general-purpose register.</para>
    </authored>
  </desc>
  <alias_list howmany="0"></alias_list>
  <classes>
    <iclass name="Integer" oneof="1" id="general" no_encodings="4" isa="A64">
      <docvars>
        <docvar key="instr-class" value="general" />
        <docvar key="isa" value="A64" />
      </docvars>
      <iclassintro count="4"></iclassintro>
      <arch_variants>
        <arch_variant name="ARMv8.3" feature="ARMv8.3-PAuth" />
      </arch_variants>
      <regdiagram form="32" psname="aarch64/instrs/branch/unconditional/register" tworows="1">
        <box hibit="31" width="7" settings="7">
          <c>1</c>
          <c>1</c>
          <c>0</c>
          <c>1</c>
          <c>0</c>
          <c>1</c>
          <c>1</c>
        </box>
        <box hibit="24" name="Z" usename="1">
          <c></c>
        </box>
        <box hibit="23" name="opc[2:1]" settings="1">
          <c>0</c>
        </box>
        <box hibit="22" width="2" name="op" usename="1" settings="2" psbits="xx">
          <c>0</c>
          <c>1</c>
        </box>
        <box hibit="20" width="5" name="op2" settings="5">
          <c>1</c>
          <c>1</c>
          <c>1</c>
          <c>1</c>
          <c>1</c>
        </box>
        <box hibit="15" width="4" name="op3[5:2]" settings="4">
          <c>0</c>
          <c>0</c>
          <c>0</c>
          <c>0</c>
        </box>
        <box hibit="11" name="A" usename="1" settings="1" psbits="x">
          <c>1</c>
        </box>
        <box hibit="10" name="M" usename="1">
          <c></c>
        </box>
        <box hibit="9" width="5" name="Rn" usename="1">
          <c colspan="5"></c>
        </box>
        <box hibit="4" width="5" name="Rm" usename="1">
          <c colspan="5"></c>
        </box>
      </regdiagram>
      <encoding name="BLRAAZ_64_branch_reg" oneofinclass="4" oneof="4" label="Key A, zero modifier" bitdiffs="Z == 0 &amp;&amp; M == 0 &amp;&amp; Rm == 11111">
        <docvars>
          <docvar key="instr-class" value="general" />
          <docvar key="isa" value="A64" />
          <docvar key="loadstore-bra" value="key-a-zmod" />
          <docvar key="mnemonic" value="BLRAAZ" />
        </docvars>
        <box hibit="24" width="1" name="Z">
          <c>0</c>
        </box>
        <box hibit="10" width="1" name="M">
          <c>0</c>
        </box>
        <box hibit="4" width="5" name="Rm">
          <c>1</c>
          <c>1</c>
          <c>1</c>
          <c>1</c>
          <c>1</c>
        </box>
        <asmtemplate><text>BLRAAZ  </text><a link="xn" hover="64-bit general-purpose register holding address to be branched to (field &quot;Rn&quot;)">&lt;Xn&gt;</a></asmtemplate>
      </encoding>
      <encoding name="BLRAA_64P_branch_reg" oneofinclass="4" oneof="4" label="Key A, register modifier" bitdiffs="Z == 1 &amp;&amp; M == 0">
        <docvars>
          <docvar key="instr-class" value="general" />
          <docvar key="isa" value="A64" />
          <docvar key="loadstore-bra" value="key-a-regmod" />
          <docvar key="mnemonic" value="BLRAA" />
        </docvars>
        <box hibit="24" width="1" name="Z">
          <c>1</c>
        </box>
        <box hibit="10" width="1" name="M">
          <c>0</c>
        </box>
        <asmtemplate><text>BLRAA  </text><a link="xn" hover="64-bit general-purpose register holding address to be branched to (field &quot;Rn&quot;)">&lt;Xn&gt;</a><text>, </text><a link="xm_sp" hover="64-bit general-purpose source register or SP holding modifier (field &quot;Rm&quot;)">&lt;Xm|SP&gt;</a></asmtemplate>
      </encoding>
      <encoding name="BLRABZ_64_branch_reg" oneofinclass="4" oneof="4" label="Key B, zero modifier" bitdiffs="Z == 0 &amp;&amp; M == 1 &amp;&amp; Rm == 11111">
        <docvars>
          <docvar key="instr-class" value="general" />
          <docvar key="isa" value="A64" />
          <docvar key="loadstore-bra" value="key-b-zmod" />
          <docvar key="mnemonic" value="BLRABZ" />
        </docvars>
        <box hibit="24" width="1" name="Z">
          <c>0</c>
        </box>
        <box hibit="10" width="1" name="M">
          <c>1</c>
        </box>
        <box hibit="4" width="5" name="Rm">
          <c>1</c>
          <c>1</c>
          <c>1</c>
          <c>1</c>
          <c>1</c>
        </box>
        <asmtemplate><text>BLRABZ  </text><a link="xn" hover="64-bit general-purpose register holding address to be branched to (field &quot;Rn&quot;)">&lt;Xn&gt;</a></asmtemplate>
      </encoding>
      <encoding name="BLRAB_64P_branch_reg" oneofinclass="4" oneof="4" label="Key B, register modifier" bitdiffs="Z == 1 &amp;&amp; M == 1">
        <docvars>
          <docvar key="instr-class" value="general" />
          <docvar key="isa" value="A64" />
          <docvar key="loadstore-bra" value="key-b-regmod" />
          <docvar key="mnemonic" value="BLRAB" />
        </docvars>
        <box hibit="24" width="1" name="Z">
          <c>1</c>
        </box>
        <box hibit="10" width="1" name="M">
          <c>1</c>
        </box>
        <asmtemplate><text>BLRAB  </text><a link="xn" hover="64-bit general-purpose register holding address to be branched to (field &quot;Rn&quot;)">&lt;Xn&gt;</a><text>, </text><a link="xm_sp" hover="64-bit general-purpose source register or SP holding modifier (field &quot;Rm&quot;)">&lt;Xm|SP&gt;</a></asmtemplate>
      </encoding>
      <ps_section howmany="1">
        <ps name="aarch64/instrs/branch/unconditional/register" mylink="aarch64.instrs.branch.unconditional.register" enclabels="" sections="1" secttype="noheading">
          <pstext mayhavelinks="1" section="Decode" rep_section="decode">integer n = <a link="impl-shared.UInt.1" file="shared_pseudocode.xml" hover="function: integer UInt(bits(N) x)">UInt</a>(Rn);
<a link="BranchType" file="shared_pseudocode.xml" hover="enumeration BranchType {&#13; BranchType_DIRCALL, BranchType_INDCALL, BranchType_ERET, BranchType_DBGEXIT, BranchType_RET, BranchType_DIR, BranchType_INDIR, BranchType_EXCEPTION, BranchType_RESET, BranchType_UNKNOWN}">BranchType</a> branch_type;
integer m = <a link="impl-shared.UInt.1" file="shared_pseudocode.xml" hover="function: integer UInt(bits(N) x)">UInt</a>(Rm);
boolean pac = (A == '1');
boolean use_key_a = (M == '0');
boolean source_is_sp = ((Z == '1') &amp;&amp; (m == 31));

if !pac &amp;&amp; m != 0 then 
    UNDEFINED;
elsif pac &amp;&amp; !<a link="impl-aarch64.HavePACExt.0" file="shared_pseudocode.xml" hover="function: boolean HavePACExt()">HavePACExt</a>() then 
    UNDEFINED;

case op of
    when '00' branch_type = <a link="BranchType_INDIR" file="shared_pseudocode.xml" hover="enumeration BranchType {&#13; BranchType_DIRCALL, BranchType_INDCALL, BranchType_ERET, BranchType_DBGEXIT, BranchType_RET, BranchType_DIR, BranchType_INDIR, BranchType_EXCEPTION, BranchType_RESET, BranchType_UNKNOWN}">BranchType_INDIR</a>;
    when '01' branch_type = <a link="BranchType_INDCALL" file="shared_pseudocode.xml" hover="enumeration BranchType {&#13; BranchType_DIRCALL, BranchType_INDCALL, BranchType_ERET, BranchType_DBGEXIT, BranchType_RET, BranchType_DIR, BranchType_INDIR, BranchType_EXCEPTION, BranchType_RESET, BranchType_UNKNOWN}">BranchType_INDCALL</a>;
    when '10' branch_type = <a link="BranchType_RET" file="shared_pseudocode.xml" hover="enumeration BranchType {&#13; BranchType_DIRCALL, BranchType_INDCALL, BranchType_ERET, BranchType_DBGEXIT, BranchType_RET, BranchType_DIR, BranchType_INDIR, BranchType_EXCEPTION, BranchType_RESET, BranchType_UNKNOWN}">BranchType_RET</a>;
    otherwise UNDEFINED;

if pac then
    if Z == '0' &amp;&amp; m != 31 then
        UNDEFINED;

    if branch_type == <a link="BranchType_RET" file="shared_pseudocode.xml" hover="enumeration BranchType {&#13; BranchType_DIRCALL, BranchType_INDCALL, BranchType_ERET, BranchType_DBGEXIT, BranchType_RET, BranchType_DIR, BranchType_INDIR, BranchType_EXCEPTION, BranchType_RESET, BranchType_UNKNOWN}">BranchType_RET</a> then
        if n != 31 then UNDEFINED;
        n = 30;
        source_is_sp = TRUE;</pstext>
        </ps>
      </ps_section>
    </iclass>
  </classes>
  <explanations scope="all">
    <explanation enclist="BLRAA_64P_branch_reg, BLRAAZ_64_branch_reg, BLRAB_64P_branch_reg, BLRABZ_64_branch_reg" symboldefcount="1">
      <symbol link="xn">&lt;Xn&gt;</symbol>
      <account encodedin="Rn">
        <intro>
          <para>Is the 64-bit name of the general-purpose register holding the address to be branched to, encoded in the "Rn" field.</para>
        </intro>
      </account>
    </explanation>
    <explanation enclist="BLRAA_64P_branch_reg, BLRAB_64P_branch_reg" symboldefcount="1">
      <symbol link="xm_sp">&lt;Xm|SP&gt;</symbol>
      <account encodedin="Rm">
        <intro>
          <para>Is the 64-bit name of the general-purpose source register or stack pointer holding the modifier, encoded in the "Rm" field.</para>
        </intro>
      </account>
    </explanation>
  </explanations>
  <ps_section howmany="1">
    <ps name="aarch64/instrs/branch/unconditional/register" mylink="commonps" enclabels="" sections="1" secttype="Operation">
      <pstext mayhavelinks="1" section="Execute" rep_section="execute">bits(64) target = <a link="impl-aarch64.X.read.1" file="shared_pseudocode.xml" hover="accessor: bits(width) X[integer n]">X</a>[n];
boolean auth_then_branch = TRUE;

if pac then
    bits(64) modifier = if source_is_sp then <a link="impl-aarch64.SP.read.0" file="shared_pseudocode.xml" hover="accessor: bits(width) SP[]">SP</a>[] else <a link="impl-aarch64.X.read.1" file="shared_pseudocode.xml" hover="accessor: bits(width) X[integer n]">X</a>[m];

    if use_key_a then
        target = <a link="impl-aarch64.AuthIA.3" file="shared_pseudocode.xml" hover="function: bits(64) AuthIA(bits(64) X, bits(64) Y, boolean is_combined)">AuthIA</a>(target, modifier, auth_then_branch);
    else
        target = <a link="impl-aarch64.AuthIB.3" file="shared_pseudocode.xml" hover="function: bits(64) AuthIB(bits(64) X, bits(64) Y, boolean is_combined)">AuthIB</a>(target, modifier, auth_then_branch);

if branch_type == <a link="BranchType_INDCALL" file="shared_pseudocode.xml" hover="enumeration BranchType {&#13; BranchType_DIRCALL, BranchType_INDCALL, BranchType_ERET, BranchType_DBGEXIT, BranchType_RET, BranchType_DIR, BranchType_INDIR, BranchType_EXCEPTION, BranchType_RESET, BranchType_UNKNOWN}">BranchType_INDCALL</a> then <a link="impl-aarch64.X.write.1" file="shared_pseudocode.xml" hover="accessor: X[integer n] = bits(width) value">X</a>[30] = <a link="impl-aarch64.PC.read.0" file="shared_pseudocode.xml" hover="accessor: bits(64) PC[]">PC</a>[] + 4;

// Value in BTypeNext will be used to set PSTATE.BTYPE
case branch_type of
    when <a link="BranchType_INDIR" file="shared_pseudocode.xml" hover="enumeration BranchType {&#13; BranchType_DIRCALL, BranchType_INDCALL, BranchType_ERET, BranchType_DBGEXIT, BranchType_RET, BranchType_DIR, BranchType_INDIR, BranchType_EXCEPTION, BranchType_RESET, BranchType_UNKNOWN}">BranchType_INDIR</a>           // BR, BRAA, BRAB, BRAAZ, BRABZ
        if InGuardedPage then
            if n == 16 || n == 17 then
                BTypeNext = '01';
            else
                BTypeNext = '11';
        else
            BTypeNext = '01';
    when <a link="BranchType_INDCALL" file="shared_pseudocode.xml" hover="enumeration BranchType {&#13; BranchType_DIRCALL, BranchType_INDCALL, BranchType_ERET, BranchType_DBGEXIT, BranchType_RET, BranchType_DIR, BranchType_INDIR, BranchType_EXCEPTION, BranchType_RESET, BranchType_UNKNOWN}">BranchType_INDCALL</a>         // BLR, BLRAA, BLRAB, BLRAAZ, BLRABZ
        BTypeNext = '10';
    when <a link="BranchType_RET" file="shared_pseudocode.xml" hover="enumeration BranchType {&#13; BranchType_DIRCALL, BranchType_INDCALL, BranchType_ERET, BranchType_DBGEXIT, BranchType_RET, BranchType_DIR, BranchType_INDIR, BranchType_EXCEPTION, BranchType_RESET, BranchType_UNKNOWN}">BranchType_RET</a>             // RET, RETAA, RETAB 
        BTypeNext = '00';

<a link="impl-shared.BranchTo.2" file="shared_pseudocode.xml" hover="function: BranchTo(bits(N) target, BranchType branch_type)">BranchTo</a>(target, branch_type);</pstext>
    </ps>
  </ps_section>
</instructionsection>
