<?xml version="1.0" encoding="utf-8"?>
<?xml-stylesheet type="text/xsl" encoding="UTF-8" href="iform.xsl" version="1.0"?>
<!DOCTYPE instructionsection PUBLIC "-//ARM//DTD instructionsection //EN" "iform-p.dtd">
<!-- Copyright (c) 2010-2020 Arm Limited or its affiliates. All rights reserved. -->
<!-- This document is Non-Confidential. This document may only be used and distributed in accordance with the terms of the agreement entered into by Arm and the party that Arm delivered this document to. -->

<instructionsection id="brkb_p_p_p" title="BRKB, BRKBS" type="instruction">
  <docvars>
    <docvar key="instr-class" value="sve" />
    <docvar key="isa" value="A64" />
  </docvars>
  <heading>BRKB, BRKBS</heading>
  <desc>
    <brief>Break before first true condition</brief>
    <description>
      <para>Sets destination predicate elements up to but not including the first active and true source element to true, then sets subsequent elements to false. Inactive elements in the destination predicate register remain unmodified or are set to zero, depending on whether merging or zeroing predication is selected. Optionally sets the <arm-defined-word>First</arm-defined-word> (N), <arm-defined-word>None</arm-defined-word> (Z), <arm-defined-word>!Last</arm-defined-word> (C) condition flags based on the predicate result, and the V flag to zero.</para>
    </description>
    <status>Green</status>
    <predicated>True</predicated>
    <takes_movprfx>False</takes_movprfx>
    <takes_pred_movprfx>False</takes_pred_movprfx>
  </desc>
  <alias_list howmany="0"></alias_list>
  <classes>
    <classesintro count="2">
      <txt>It has encodings from 2 classes:</txt>
      <a href="#brkb_p_p_p_">Not setting the condition flags</a>
      <txt> and </txt>
      <a href="#brkbs_p_p_p_z">Setting the condition flags</a>
    </classesintro>
    <iclass name="Not setting the condition flags" oneof="2" id="brkb_p_p_p_" no_encodings="1" isa="A64">
      <docvars>
        <docvar key="cond-setting" value="no-s" />
        <docvar key="instr-class" value="sve" />
        <docvar key="isa" value="A64" />
        <docvar key="mnemonic" value="BRKB" />
      </docvars>
      <iclassintro count="1"></iclassintro>
      <regdiagram form="32" psname="BRKB-P.P.P-_" tworows="1">
        <box hibit="31" width="8" settings="8">
          <c>0</c>
          <c>0</c>
          <c>1</c>
          <c>0</c>
          <c>0</c>
          <c>1</c>
          <c>0</c>
          <c>1</c>
        </box>
        <box hibit="23" name="B" usename="1" settings="1">
          <c>1</c>
        </box>
        <box hibit="22" name="S" usename="1" settings="1">
          <c>0</c>
        </box>
        <box hibit="21" width="8" settings="8">
          <c>0</c>
          <c>1</c>
          <c>0</c>
          <c>0</c>
          <c>0</c>
          <c>0</c>
          <c>0</c>
          <c>1</c>
        </box>
        <box hibit="13" width="4" name="Pg" usename="1">
          <c colspan="4"></c>
        </box>
        <box hibit="9" settings="1">
          <c>0</c>
        </box>
        <box hibit="8" width="4" name="Pn" usename="1">
          <c colspan="4"></c>
        </box>
        <box hibit="4" name="M" usename="1">
          <c></c>
        </box>
        <box hibit="3" width="4" name="Pd" usename="1">
          <c colspan="4"></c>
        </box>
      </regdiagram>
      <encoding name="brkb_p_p_p_" oneofinclass="1" oneof="2" label="Not setting the condition flags">
        <docvars>
          <docvar key="cond-setting" value="no-s" />
          <docvar key="instr-class" value="sve" />
          <docvar key="isa" value="A64" />
          <docvar key="mnemonic" value="BRKB" />
        </docvars>
        <asmtemplate><text>BRKB    </text><a link="pd" hover="Destination scalable predicate register (field &quot;Pd&quot;)">&lt;Pd&gt;</a><text>.B, </text><a link="pg" hover="Governing scalable predicate register (field &quot;Pg&quot;)">&lt;Pg&gt;</a><text>/</text><a link="zm" hover="Predication qualifier (field &quot;M&quot;) [M,Z]">&lt;ZM&gt;</a><text>, </text><a link="pn" hover="Source scalable predicate register (field &quot;Pn&quot;)">&lt;Pn&gt;</a><text>.B</text></asmtemplate>
      </encoding>
      <ps_section howmany="1">
        <ps name="BRKB-P.P.P-_" mylink="BRKB-P.P.P-_" enclabels="" sections="1" secttype="noheading">
          <pstext mayhavelinks="1" section="Decode" rep_section="decode">if !<a link="impl-aarch64.HaveSVE.0" file="shared_pseudocode.xml" hover="function: boolean HaveSVE()">HaveSVE</a>() then UNDEFINED;
integer esize = 8;
integer g = <a link="impl-shared.UInt.1" file="shared_pseudocode.xml" hover="function: integer UInt(bits(N) x)">UInt</a>(Pg);
integer n = <a link="impl-shared.UInt.1" file="shared_pseudocode.xml" hover="function: integer UInt(bits(N) x)">UInt</a>(Pn);
integer d = <a link="impl-shared.UInt.1" file="shared_pseudocode.xml" hover="function: integer UInt(bits(N) x)">UInt</a>(Pd);
boolean merging = (M == '1');
boolean setflags = FALSE;</pstext>
        </ps>
      </ps_section>
    </iclass>
    <iclass name="Setting the condition flags" oneof="2" id="brkbs_p_p_p_z" no_encodings="1" isa="A64">
      <docvars>
        <docvar key="cond-setting" value="s" />
        <docvar key="instr-class" value="sve" />
        <docvar key="isa" value="A64" />
        <docvar key="mnemonic" value="BRKBS" />
      </docvars>
      <iclassintro count="1"></iclassintro>
      <regdiagram form="32" psname="BRKBS-P.P.P-Z" tworows="1">
        <box hibit="31" width="8" settings="8">
          <c>0</c>
          <c>0</c>
          <c>1</c>
          <c>0</c>
          <c>0</c>
          <c>1</c>
          <c>0</c>
          <c>1</c>
        </box>
        <box hibit="23" name="B" usename="1" settings="1">
          <c>1</c>
        </box>
        <box hibit="22" name="S" usename="1" settings="1">
          <c>1</c>
        </box>
        <box hibit="21" width="8" settings="8">
          <c>0</c>
          <c>1</c>
          <c>0</c>
          <c>0</c>
          <c>0</c>
          <c>0</c>
          <c>0</c>
          <c>1</c>
        </box>
        <box hibit="13" width="4" name="Pg" usename="1">
          <c colspan="4"></c>
        </box>
        <box hibit="9" settings="1">
          <c>0</c>
        </box>
        <box hibit="8" width="4" name="Pn" usename="1">
          <c colspan="4"></c>
        </box>
        <box hibit="4" name="M" usename="1" settings="1">
          <c>0</c>
        </box>
        <box hibit="3" width="4" name="Pd" usename="1">
          <c colspan="4"></c>
        </box>
      </regdiagram>
      <encoding name="brkbs_p_p_p_z" oneofinclass="1" oneof="2" label="Setting the condition flags">
        <docvars>
          <docvar key="cond-setting" value="s" />
          <docvar key="instr-class" value="sve" />
          <docvar key="isa" value="A64" />
          <docvar key="mnemonic" value="BRKBS" />
        </docvars>
        <asmtemplate><text>BRKBS   </text><a link="pd" hover="Destination scalable predicate register (field &quot;Pd&quot;)">&lt;Pd&gt;</a><text>.B, </text><a link="pg" hover="Governing scalable predicate register (field &quot;Pg&quot;)">&lt;Pg&gt;</a><text>/Z, </text><a link="pn" hover="Source scalable predicate register (field &quot;Pn&quot;)">&lt;Pn&gt;</a><text>.B</text></asmtemplate>
      </encoding>
      <ps_section howmany="1">
        <ps name="BRKBS-P.P.P-Z" mylink="BRKBS-P.P.P-Z" enclabels="" sections="1" secttype="noheading">
          <pstext mayhavelinks="1" section="Decode" rep_section="decode">if !<a link="impl-aarch64.HaveSVE.0" file="shared_pseudocode.xml" hover="function: boolean HaveSVE()">HaveSVE</a>() then UNDEFINED;
integer esize = 8;
integer g = <a link="impl-shared.UInt.1" file="shared_pseudocode.xml" hover="function: integer UInt(bits(N) x)">UInt</a>(Pg);
integer n = <a link="impl-shared.UInt.1" file="shared_pseudocode.xml" hover="function: integer UInt(bits(N) x)">UInt</a>(Pn);
integer d = <a link="impl-shared.UInt.1" file="shared_pseudocode.xml" hover="function: integer UInt(bits(N) x)">UInt</a>(Pd);
boolean merging = FALSE;
boolean setflags = TRUE;</pstext>
        </ps>
      </ps_section>
    </iclass>
  </classes>
  <explanations scope="all">
    <explanation enclist="brkbs_p_p_p_z, brkb_p_p_p_" symboldefcount="1">
      <symbol link="pd">&lt;Pd&gt;</symbol>
      <account encodedin="Pd">
        <intro>
          <para>Is the name of the destination scalable predicate register, encoded in the "Pd" field.</para>
        </intro>
      </account>
    </explanation>
    <explanation enclist="brkbs_p_p_p_z, brkb_p_p_p_" symboldefcount="1">
      <symbol link="pg">&lt;Pg&gt;</symbol>
      <account encodedin="Pg">
        <intro>
          <para>Is the name of the governing scalable predicate register, encoded in the "Pg" field.</para>
        </intro>
      </account>
    </explanation>
    <explanation enclist="brkb_p_p_p_" symboldefcount="1">
      <symbol link="zm">&lt;ZM&gt;</symbol>
      <definition encodedin="M">
        <intro>Is the predication qualifier, </intro>
        <table class="valuetable">
          <tgroup cols="2">
            <thead>
              <row>
                <entry class="bitfield">M</entry>
                <entry class="symbol">&lt;ZM&gt;</entry>
              </row>
            </thead>
            <tbody>
              <row>
                <entry class="bitfield">0</entry>
                <entry class="symbol">Z</entry>
              </row>
              <row>
                <entry class="bitfield">1</entry>
                <entry class="symbol">M</entry>
              </row>
            </tbody>
          </tgroup>
        </table>
      </definition>
    </explanation>
    <explanation enclist="brkbs_p_p_p_z, brkb_p_p_p_" symboldefcount="1">
      <symbol link="pn">&lt;Pn&gt;</symbol>
      <account encodedin="Pn">
        <intro>
          <para>Is the name of the source scalable predicate register, encoded in the "Pn" field.</para>
        </intro>
      </account>
    </explanation>
  </explanations>
  <ps_section howmany="1">
    <ps name="BRKB-P.P.P-_" mylink="commonps" enclabels="" sections="1" secttype="Operation">
      <pstext mayhavelinks="1" section="Execute" rep_section="execute"><a link="impl-aarch64.CheckSVEEnabled.0" file="shared_pseudocode.xml" hover="function: CheckSVEEnabled()">CheckSVEEnabled</a>();
integer elements = <a link="impl-aarch64.VL.read.none" file="shared_pseudocode.xml" hover="accessor: integer VL">VL</a> DIV esize;
bits(<a link="impl-aarch64.PL.read.none" file="shared_pseudocode.xml" hover="accessor: integer PL">PL</a>) mask = <a link="impl-aarch64.P.read.1" file="shared_pseudocode.xml" hover="accessor: bits(width) P[integer n]">P</a>[g];
bits(<a link="impl-aarch64.PL.read.none" file="shared_pseudocode.xml" hover="accessor: integer PL">PL</a>) operand  = <a link="impl-aarch64.P.read.1" file="shared_pseudocode.xml" hover="accessor: bits(width) P[integer n]">P</a>[n];
bits(<a link="impl-aarch64.PL.read.none" file="shared_pseudocode.xml" hover="accessor: integer PL">PL</a>) operand2 = <a link="impl-aarch64.P.read.1" file="shared_pseudocode.xml" hover="accessor: bits(width) P[integer n]">P</a>[d];
boolean break = FALSE;
bits(<a link="impl-aarch64.PL.read.none" file="shared_pseudocode.xml" hover="accessor: integer PL">PL</a>) result;

for e = 0 to elements-1
    boolean element = <a link="impl-aarch64.ElemP.read.3" file="shared_pseudocode.xml" hover="accessor: bit ElemP[bits(N) pred, integer e, integer esize]">ElemP</a>[operand, e, esize] == '1';
    if <a link="impl-aarch64.ElemP.read.3" file="shared_pseudocode.xml" hover="accessor: bit ElemP[bits(N) pred, integer e, integer esize]">ElemP</a>[mask, e, esize] == '1' then
        break = break || element;
        <a link="impl-aarch64.ElemP.write.3" file="shared_pseudocode.xml" hover="accessor: ElemP[bits(N) &amp;pred, integer e, integer esize] = bit value">ElemP</a>[result, e, esize] = if !break then '1' else '0';
    elsif merging then
        <a link="impl-aarch64.ElemP.write.3" file="shared_pseudocode.xml" hover="accessor: ElemP[bits(N) &amp;pred, integer e, integer esize] = bit value">ElemP</a>[result, e, esize] = <a link="impl-aarch64.ElemP.read.3" file="shared_pseudocode.xml" hover="accessor: bit ElemP[bits(N) pred, integer e, integer esize]">ElemP</a>[operand2, e, esize];
    else
        <a link="impl-aarch64.ElemP.write.3" file="shared_pseudocode.xml" hover="accessor: ElemP[bits(N) &amp;pred, integer e, integer esize] = bit value">ElemP</a>[result, e, esize] = '0';

if setflags then
    PSTATE.&lt;N,Z,C,V&gt; = <a link="impl-aarch64.PredTest.3" file="shared_pseudocode.xml" hover="function: bits(4) PredTest(bits(N) mask, bits(N) result, integer esize)">PredTest</a>(mask, result, esize);
<a link="impl-aarch64.P.write.1" file="shared_pseudocode.xml" hover="accessor: P[integer n] = bits(width) value">P</a>[d] = result;</pstext>
    </ps>
  </ps_section>
</instructionsection>
