<?xml version="1.0" encoding="utf-8"?>
<?xml-stylesheet type="text/xsl" encoding="UTF-8" href="iform.xsl" version="1.0"?>
<!DOCTYPE instructionsection PUBLIC "-//ARM//DTD instructionsection //EN" "iform-p.dtd">
<!-- Copyright (c) 2010-2020 Arm Limited or its affiliates. All rights reserved. -->
<!-- This document is Non-Confidential. This document may only be used and distributed in accordance with the terms of the agreement entered into by Arm and the party that Arm delivered this document to. -->

<instructionsection id="CASP" title="CASP, CASPA, CASPAL, CASPL -- A64" type="instruction">
  <docvars>
    <docvar key="address-form" value="base-register" />
    <docvar key="instr-class" value="general" />
    <docvar key="isa" value="A64" />
  </docvars>
  <heading>CASP, CASPA, CASPAL, CASPL</heading>
  <desc>
    <brief>
      <para>Compare and Swap Pair of words or doublewords in memory</para>
    </brief>
    <authored>
      <para>Compare and Swap Pair of words or doublewords in memory reads a pair of 32-bit words or 64-bit doublewords from memory, and compares them against the values held in the first pair of registers. If the comparison is equal, the values in the second pair of registers are written to memory. If the writes are performed, the reads and writes occur atomically such that no other modification of the memory location can take place between the reads and writes.</para>
      <list type="unordered">
        <listitem><content><instruction>CASPA</instruction> and <instruction>CASPAL</instruction> load from memory with acquire semantics.</content></listitem>
        <listitem><content><instruction>CASPL</instruction> and <instruction>CASPAL</instruction> store to memory with release semantics.</content></listitem>
        <listitem><content><instruction>CAS</instruction> has neither acquire nor release semantics.</content></listitem>
      </list>
      <para>For more information about memory ordering semantics see <xref linkend="BEIHCHEF">Load-Acquire, Store-Release</xref>.</para>
      <para>For information about memory accesses see <xref linkend="CHDIIIBB">Load/Store addressing modes</xref>.</para>
      <para>The architecture permits that the data read clears any exclusive monitors associated with that location, even if the compare subsequently fails.</para>
      <para>If the instruction generates a synchronous Data Abort, the registers which are compared and loaded, that is <syntax>&lt;Ws&gt;</syntax> and <syntax>&lt;W(s+1)&gt;</syntax>, or <syntax>&lt;Xs&gt;</syntax> and <syntax>&lt;X(s+1)&gt;</syntax>, are restored to the values held in the registers before the instruction was executed.</para>
    </authored>
  </desc>
  <alias_list howmany="0"></alias_list>
  <classes>
    <iclass name="No offset" oneof="1" id="base_register" no_encodings="8" isa="A64">
      <docvars>
        <docvar key="address-form" value="base-register" />
        <docvar key="instr-class" value="general" />
        <docvar key="isa" value="A64" />
      </docvars>
      <iclassintro count="8"></iclassintro>
      <arch_variants>
        <arch_variant name="ARMv8.1" feature="ARMv8.1-LSE" />
      </arch_variants>
      <regdiagram form="32" psname="aarch64/instrs/memory/atomicops/cas/pair" tworows="1">
        <box hibit="31" settings="1">
          <c>0</c>
        </box>
        <box hibit="30" name="sz" usename="1">
          <c></c>
        </box>
        <box hibit="29" width="6" settings="6">
          <c>0</c>
          <c>0</c>
          <c>1</c>
          <c>0</c>
          <c>0</c>
          <c>0</c>
        </box>
        <box hibit="23" name="o2" settings="1">
          <c>0</c>
        </box>
        <box hibit="22" name="L" usename="1">
          <c></c>
        </box>
        <box hibit="21" name="o1" settings="1">
          <c>1</c>
        </box>
        <box hibit="20" width="5" name="Rs" usename="1">
          <c colspan="5"></c>
        </box>
        <box hibit="15" name="o0" usename="1">
          <c></c>
        </box>
        <box hibit="14" width="5" name="Rt2" usename="1" settings="5" psbits="xxxxx">
          <c>1</c>
          <c>1</c>
          <c>1</c>
          <c>1</c>
          <c>1</c>
        </box>
        <box hibit="9" width="5" name="Rn" usename="1">
          <c colspan="5"></c>
        </box>
        <box hibit="4" width="5" name="Rt" usename="1">
          <c colspan="5"></c>
        </box>
      </regdiagram>
      <encoding name="CASP_CP32_ldstexcl" oneofinclass="8" oneof="8" label="32-bit CASP" bitdiffs="sz == 0 &amp;&amp; L == 0 &amp;&amp; o0 == 0">
        <docvars>
          <docvar key="address-form" value="base-register" />
          <docvar key="address-form-reg-type" value="base-register-pair-32" />
          <docvar key="atomic-ops" value="CASP-pair-32" />
          <docvar key="instr-class" value="general" />
          <docvar key="isa" value="A64" />
          <docvar key="mnemonic" value="CASP" />
          <docvar key="reg-type" value="pair-32" />
        </docvars>
        <box hibit="30" width="1" name="sz">
          <c>0</c>
        </box>
        <box hibit="22" width="1" name="L">
          <c>0</c>
        </box>
        <box hibit="15" width="1" name="o0">
          <c>0</c>
        </box>
        <asmtemplate><text>CASP  </text><a link="ws" hover="First 32-bit general-purpose register to be compared and loaded (field &quot;Rs&quot;)">&lt;Ws&gt;</a><text>, </text><a link="w_s_plus_1" hover="Second 32-bit general-purpose register to be compared and loaded">&lt;W(s+1)&gt;</a><text>, </text><a link="wt" hover="First 32-bit general-purpose register to be conditionally stored (field &quot;Rt&quot;)">&lt;Wt&gt;</a><text>, </text><a link="w_t_plus_1" hover="Second 32-bit general-purpose register to be conditionally stored">&lt;W(t+1)&gt;</a><text>, [</text><a link="xn_sp" hover="64-bit general-purpose base register or SP (field &quot;Rn&quot;)">&lt;Xn|SP&gt;</a><text>{,#0}</text><text>]</text></asmtemplate>
      </encoding>
      <encoding name="CASPA_CP32_ldstexcl" oneofinclass="8" oneof="8" label="32-bit CASPA" bitdiffs="sz == 0 &amp;&amp; L == 1 &amp;&amp; o0 == 0">
        <docvars>
          <docvar key="address-form" value="base-register" />
          <docvar key="address-form-reg-type" value="base-register-pair-32" />
          <docvar key="atomic-ops" value="CASPA-pair-32" />
          <docvar key="instr-class" value="general" />
          <docvar key="isa" value="A64" />
          <docvar key="mnemonic" value="CASPA" />
          <docvar key="reg-type" value="pair-32" />
        </docvars>
        <box hibit="30" width="1" name="sz">
          <c>0</c>
        </box>
        <box hibit="22" width="1" name="L">
          <c>1</c>
        </box>
        <box hibit="15" width="1" name="o0">
          <c>0</c>
        </box>
        <asmtemplate><text>CASPA  </text><a link="ws" hover="First 32-bit general-purpose register to be compared and loaded (field &quot;Rs&quot;)">&lt;Ws&gt;</a><text>, </text><a link="w_s_plus_1" hover="Second 32-bit general-purpose register to be compared and loaded">&lt;W(s+1)&gt;</a><text>, </text><a link="wt" hover="First 32-bit general-purpose register to be conditionally stored (field &quot;Rt&quot;)">&lt;Wt&gt;</a><text>, </text><a link="w_t_plus_1" hover="Second 32-bit general-purpose register to be conditionally stored">&lt;W(t+1)&gt;</a><text>, [</text><a link="xn_sp" hover="64-bit general-purpose base register or SP (field &quot;Rn&quot;)">&lt;Xn|SP&gt;</a><text>{,#0}</text><text>]</text></asmtemplate>
      </encoding>
      <encoding name="CASPAL_CP32_ldstexcl" oneofinclass="8" oneof="8" label="32-bit CASPAL" bitdiffs="sz == 0 &amp;&amp; L == 1 &amp;&amp; o0 == 1">
        <docvars>
          <docvar key="address-form" value="base-register" />
          <docvar key="address-form-reg-type" value="base-register-pair-32" />
          <docvar key="atomic-ops" value="CASPAL-pair-32" />
          <docvar key="instr-class" value="general" />
          <docvar key="isa" value="A64" />
          <docvar key="mnemonic" value="CASPAL" />
          <docvar key="reg-type" value="pair-32" />
        </docvars>
        <box hibit="30" width="1" name="sz">
          <c>0</c>
        </box>
        <box hibit="22" width="1" name="L">
          <c>1</c>
        </box>
        <box hibit="15" width="1" name="o0">
          <c>1</c>
        </box>
        <asmtemplate><text>CASPAL  </text><a link="ws" hover="First 32-bit general-purpose register to be compared and loaded (field &quot;Rs&quot;)">&lt;Ws&gt;</a><text>, </text><a link="w_s_plus_1" hover="Second 32-bit general-purpose register to be compared and loaded">&lt;W(s+1)&gt;</a><text>, </text><a link="wt" hover="First 32-bit general-purpose register to be conditionally stored (field &quot;Rt&quot;)">&lt;Wt&gt;</a><text>, </text><a link="w_t_plus_1" hover="Second 32-bit general-purpose register to be conditionally stored">&lt;W(t+1)&gt;</a><text>, [</text><a link="xn_sp" hover="64-bit general-purpose base register or SP (field &quot;Rn&quot;)">&lt;Xn|SP&gt;</a><text>{,#0}</text><text>]</text></asmtemplate>
      </encoding>
      <encoding name="CASPL_CP32_ldstexcl" oneofinclass="8" oneof="8" label="32-bit CASPL" bitdiffs="sz == 0 &amp;&amp; L == 0 &amp;&amp; o0 == 1">
        <docvars>
          <docvar key="address-form" value="base-register" />
          <docvar key="address-form-reg-type" value="base-register-pair-32" />
          <docvar key="atomic-ops" value="CASPL-pair-32" />
          <docvar key="instr-class" value="general" />
          <docvar key="isa" value="A64" />
          <docvar key="mnemonic" value="CASPL" />
          <docvar key="reg-type" value="pair-32" />
        </docvars>
        <box hibit="30" width="1" name="sz">
          <c>0</c>
        </box>
        <box hibit="22" width="1" name="L">
          <c>0</c>
        </box>
        <box hibit="15" width="1" name="o0">
          <c>1</c>
        </box>
        <asmtemplate><text>CASPL  </text><a link="ws" hover="First 32-bit general-purpose register to be compared and loaded (field &quot;Rs&quot;)">&lt;Ws&gt;</a><text>, </text><a link="w_s_plus_1" hover="Second 32-bit general-purpose register to be compared and loaded">&lt;W(s+1)&gt;</a><text>, </text><a link="wt" hover="First 32-bit general-purpose register to be conditionally stored (field &quot;Rt&quot;)">&lt;Wt&gt;</a><text>, </text><a link="w_t_plus_1" hover="Second 32-bit general-purpose register to be conditionally stored">&lt;W(t+1)&gt;</a><text>, [</text><a link="xn_sp" hover="64-bit general-purpose base register or SP (field &quot;Rn&quot;)">&lt;Xn|SP&gt;</a><text>{,#0}</text><text>]</text></asmtemplate>
      </encoding>
      <encoding name="CASP_CP64_ldstexcl" oneofinclass="8" oneof="8" label="64-bit CASP" bitdiffs="sz == 1 &amp;&amp; L == 0 &amp;&amp; o0 == 0">
        <docvars>
          <docvar key="address-form" value="base-register" />
          <docvar key="address-form-reg-type" value="base-register-pair-64" />
          <docvar key="atomic-ops" value="CASP-pair-64" />
          <docvar key="instr-class" value="general" />
          <docvar key="isa" value="A64" />
          <docvar key="mnemonic" value="CASP" />
          <docvar key="reg-type" value="pair-64" />
        </docvars>
        <box hibit="30" width="1" name="sz">
          <c>1</c>
        </box>
        <box hibit="22" width="1" name="L">
          <c>0</c>
        </box>
        <box hibit="15" width="1" name="o0">
          <c>0</c>
        </box>
        <asmtemplate><text>CASP  </text><a link="xs" hover="First 64-bit general-purpose register to be compared and loaded (field &quot;Rs&quot;)">&lt;Xs&gt;</a><text>, </text><a link="x_s_plus_1" hover="Second 64-bit general-purpose register to be compared and loaded">&lt;X(s+1)&gt;</a><text>, </text><a link="xt" hover="First 64-bit general-purpose register to be conditionally stored (field &quot;Rt&quot;)">&lt;Xt&gt;</a><text>, </text><a link="x_t_plus_1" hover="Second 64-bit general-purpose register to be conditionally stored">&lt;X(t+1)&gt;</a><text>, [</text><a link="xn_sp" hover="64-bit general-purpose base register or SP (field &quot;Rn&quot;)">&lt;Xn|SP&gt;</a><text>{,#0}</text><text>]</text></asmtemplate>
      </encoding>
      <encoding name="CASPA_CP64_ldstexcl" oneofinclass="8" oneof="8" label="64-bit CASPA" bitdiffs="sz == 1 &amp;&amp; L == 1 &amp;&amp; o0 == 0">
        <docvars>
          <docvar key="address-form" value="base-register" />
          <docvar key="address-form-reg-type" value="base-register-pair-64" />
          <docvar key="atomic-ops" value="CASPA-pair-64" />
          <docvar key="instr-class" value="general" />
          <docvar key="isa" value="A64" />
          <docvar key="mnemonic" value="CASPA" />
          <docvar key="reg-type" value="pair-64" />
        </docvars>
        <box hibit="30" width="1" name="sz">
          <c>1</c>
        </box>
        <box hibit="22" width="1" name="L">
          <c>1</c>
        </box>
        <box hibit="15" width="1" name="o0">
          <c>0</c>
        </box>
        <asmtemplate><text>CASPA  </text><a link="xs" hover="First 64-bit general-purpose register to be compared and loaded (field &quot;Rs&quot;)">&lt;Xs&gt;</a><text>, </text><a link="x_s_plus_1" hover="Second 64-bit general-purpose register to be compared and loaded">&lt;X(s+1)&gt;</a><text>, </text><a link="xt" hover="First 64-bit general-purpose register to be conditionally stored (field &quot;Rt&quot;)">&lt;Xt&gt;</a><text>, </text><a link="x_t_plus_1" hover="Second 64-bit general-purpose register to be conditionally stored">&lt;X(t+1)&gt;</a><text>, [</text><a link="xn_sp" hover="64-bit general-purpose base register or SP (field &quot;Rn&quot;)">&lt;Xn|SP&gt;</a><text>{,#0}</text><text>]</text></asmtemplate>
      </encoding>
      <encoding name="CASPAL_CP64_ldstexcl" oneofinclass="8" oneof="8" label="64-bit CASPAL" bitdiffs="sz == 1 &amp;&amp; L == 1 &amp;&amp; o0 == 1">
        <docvars>
          <docvar key="address-form" value="base-register" />
          <docvar key="address-form-reg-type" value="base-register-pair-64" />
          <docvar key="atomic-ops" value="CASPAL-pair-64" />
          <docvar key="instr-class" value="general" />
          <docvar key="isa" value="A64" />
          <docvar key="mnemonic" value="CASPAL" />
          <docvar key="reg-type" value="pair-64" />
        </docvars>
        <box hibit="30" width="1" name="sz">
          <c>1</c>
        </box>
        <box hibit="22" width="1" name="L">
          <c>1</c>
        </box>
        <box hibit="15" width="1" name="o0">
          <c>1</c>
        </box>
        <asmtemplate><text>CASPAL  </text><a link="xs" hover="First 64-bit general-purpose register to be compared and loaded (field &quot;Rs&quot;)">&lt;Xs&gt;</a><text>, </text><a link="x_s_plus_1" hover="Second 64-bit general-purpose register to be compared and loaded">&lt;X(s+1)&gt;</a><text>, </text><a link="xt" hover="First 64-bit general-purpose register to be conditionally stored (field &quot;Rt&quot;)">&lt;Xt&gt;</a><text>, </text><a link="x_t_plus_1" hover="Second 64-bit general-purpose register to be conditionally stored">&lt;X(t+1)&gt;</a><text>, [</text><a link="xn_sp" hover="64-bit general-purpose base register or SP (field &quot;Rn&quot;)">&lt;Xn|SP&gt;</a><text>{,#0}</text><text>]</text></asmtemplate>
      </encoding>
      <encoding name="CASPL_CP64_ldstexcl" oneofinclass="8" oneof="8" label="64-bit CASPL" bitdiffs="sz == 1 &amp;&amp; L == 0 &amp;&amp; o0 == 1">
        <docvars>
          <docvar key="address-form" value="base-register" />
          <docvar key="address-form-reg-type" value="base-register-pair-64" />
          <docvar key="atomic-ops" value="CASPL-pair-64" />
          <docvar key="instr-class" value="general" />
          <docvar key="isa" value="A64" />
          <docvar key="mnemonic" value="CASPL" />
          <docvar key="reg-type" value="pair-64" />
        </docvars>
        <box hibit="30" width="1" name="sz">
          <c>1</c>
        </box>
        <box hibit="22" width="1" name="L">
          <c>0</c>
        </box>
        <box hibit="15" width="1" name="o0">
          <c>1</c>
        </box>
        <asmtemplate><text>CASPL  </text><a link="xs" hover="First 64-bit general-purpose register to be compared and loaded (field &quot;Rs&quot;)">&lt;Xs&gt;</a><text>, </text><a link="x_s_plus_1" hover="Second 64-bit general-purpose register to be compared and loaded">&lt;X(s+1)&gt;</a><text>, </text><a link="xt" hover="First 64-bit general-purpose register to be conditionally stored (field &quot;Rt&quot;)">&lt;Xt&gt;</a><text>, </text><a link="x_t_plus_1" hover="Second 64-bit general-purpose register to be conditionally stored">&lt;X(t+1)&gt;</a><text>, [</text><a link="xn_sp" hover="64-bit general-purpose base register or SP (field &quot;Rn&quot;)">&lt;Xn|SP&gt;</a><text>{,#0}</text><text>]</text></asmtemplate>
      </encoding>
      <ps_section howmany="1">
        <ps name="aarch64/instrs/memory/atomicops/cas/pair" mylink="aarch64.instrs.memory.atomicops.cas.pair" enclabels="" sections="1" secttype="noheading">
          <pstext mayhavelinks="1" section="Decode" rep_section="decode">if !<a link="impl-shared.HaveAtomicExt.0" file="shared_pseudocode.xml" hover="function: boolean HaveAtomicExt()">HaveAtomicExt</a>() then UNDEFINED;
if Rs&lt;0&gt; == '1' then UNDEFINED;
if Rt&lt;0&gt; == '1' then UNDEFINED;

integer n = <a link="impl-shared.UInt.1" file="shared_pseudocode.xml" hover="function: integer UInt(bits(N) x)">UInt</a>(Rn);
integer t = <a link="impl-shared.UInt.1" file="shared_pseudocode.xml" hover="function: integer UInt(bits(N) x)">UInt</a>(Rt);
integer s = <a link="impl-shared.UInt.1" file="shared_pseudocode.xml" hover="function: integer UInt(bits(N) x)">UInt</a>(Rs);

integer datasize = 32 &lt;&lt; <a link="impl-shared.UInt.1" file="shared_pseudocode.xml" hover="function: integer UInt(bits(N) x)">UInt</a>(sz);
integer regsize = datasize;
<a link="AccType" file="shared_pseudocode.xml" hover="enumeration AccType {AccType_NORMAL, AccType_VEC, AccType_STREAM, AccType_VECSTREAM, AccType_ATOMIC, AccType_ATOMICRW, AccType_ORDERED, AccType_ORDEREDRW, AccType_ORDEREDATOMIC, AccType_ORDEREDATOMICRW,&#13; AccType_LIMITEDORDERED, AccType_UNPRIV, AccType_IFETCH, AccType_PTW, AccType_NONFAULT, AccType_CNOTFIRST, AccType_NV2REGISTER,   AccType_DC, AccType_DC_UNPRIV, AccType_IC, AccType_DCZVA, AccType_AT}">AccType</a> ldacctype = if L == '1' then <a link="AccType_ORDEREDATOMICRW" file="shared_pseudocode.xml" hover="enumeration AccType {AccType_NORMAL, AccType_VEC, AccType_STREAM, AccType_VECSTREAM, AccType_ATOMIC, AccType_ATOMICRW, AccType_ORDERED, AccType_ORDEREDRW, AccType_ORDEREDATOMIC, AccType_ORDEREDATOMICRW,&#13; AccType_LIMITEDORDERED, AccType_UNPRIV, AccType_IFETCH, AccType_PTW, AccType_NONFAULT, AccType_CNOTFIRST, AccType_NV2REGISTER,   AccType_DC, AccType_DC_UNPRIV, AccType_IC, AccType_DCZVA, AccType_AT}">AccType_ORDEREDATOMICRW</a> else <a link="AccType_ATOMICRW" file="shared_pseudocode.xml" hover="enumeration AccType {AccType_NORMAL, AccType_VEC, AccType_STREAM, AccType_VECSTREAM, AccType_ATOMIC, AccType_ATOMICRW, AccType_ORDERED, AccType_ORDEREDRW, AccType_ORDEREDATOMIC, AccType_ORDEREDATOMICRW,&#13; AccType_LIMITEDORDERED, AccType_UNPRIV, AccType_IFETCH, AccType_PTW, AccType_NONFAULT, AccType_CNOTFIRST, AccType_NV2REGISTER,   AccType_DC, AccType_DC_UNPRIV, AccType_IC, AccType_DCZVA, AccType_AT}">AccType_ATOMICRW</a>;
<a link="AccType" file="shared_pseudocode.xml" hover="enumeration AccType {AccType_NORMAL, AccType_VEC, AccType_STREAM, AccType_VECSTREAM, AccType_ATOMIC, AccType_ATOMICRW, AccType_ORDERED, AccType_ORDEREDRW, AccType_ORDEREDATOMIC, AccType_ORDEREDATOMICRW,&#13; AccType_LIMITEDORDERED, AccType_UNPRIV, AccType_IFETCH, AccType_PTW, AccType_NONFAULT, AccType_CNOTFIRST, AccType_NV2REGISTER,   AccType_DC, AccType_DC_UNPRIV, AccType_IC, AccType_DCZVA, AccType_AT}">AccType</a> stacctype = if o0 == '1' then <a link="AccType_ORDEREDATOMICRW" file="shared_pseudocode.xml" hover="enumeration AccType {AccType_NORMAL, AccType_VEC, AccType_STREAM, AccType_VECSTREAM, AccType_ATOMIC, AccType_ATOMICRW, AccType_ORDERED, AccType_ORDEREDRW, AccType_ORDEREDATOMIC, AccType_ORDEREDATOMICRW,&#13; AccType_LIMITEDORDERED, AccType_UNPRIV, AccType_IFETCH, AccType_PTW, AccType_NONFAULT, AccType_CNOTFIRST, AccType_NV2REGISTER,   AccType_DC, AccType_DC_UNPRIV, AccType_IC, AccType_DCZVA, AccType_AT}">AccType_ORDEREDATOMICRW</a> else <a link="AccType_ATOMICRW" file="shared_pseudocode.xml" hover="enumeration AccType {AccType_NORMAL, AccType_VEC, AccType_STREAM, AccType_VECSTREAM, AccType_ATOMIC, AccType_ATOMICRW, AccType_ORDERED, AccType_ORDEREDRW, AccType_ORDEREDATOMIC, AccType_ORDEREDATOMICRW,&#13; AccType_LIMITEDORDERED, AccType_UNPRIV, AccType_IFETCH, AccType_PTW, AccType_NONFAULT, AccType_CNOTFIRST, AccType_NV2REGISTER,   AccType_DC, AccType_DC_UNPRIV, AccType_IC, AccType_DCZVA, AccType_AT}">AccType_ATOMICRW</a>;
boolean tag_checked = n != 31;</pstext>
        </ps>
      </ps_section>
    </iclass>
  </classes>
  <explanations scope="all">
    <explanation enclist="CASP_CP32_ldstexcl, CASPA_CP32_ldstexcl, CASPL_CP32_ldstexcl, CASPAL_CP32_ldstexcl" symboldefcount="1">
      <symbol link="ws">&lt;Ws&gt;</symbol>
      <account encodedin="Rs">
        <intro>
          <para>Is the 32-bit name of the first general-purpose register to be compared and loaded, encoded in the "Rs" field. &lt;Ws&gt; must be an even-numbered register.</para>
        </intro>
      </account>
    </explanation>
    <explanation enclist="CASP_CP32_ldstexcl, CASPA_CP32_ldstexcl, CASPL_CP32_ldstexcl, CASPAL_CP32_ldstexcl" symboldefcount="1">
      <symbol link="w_s_plus_1">&lt;W(s+1)&gt;</symbol>
      <account encodedin="">
        <intro>
          <para>Is the 32-bit name of the second general-purpose register to be compared and loaded.</para>
        </intro>
      </account>
    </explanation>
    <explanation enclist="CASP_CP32_ldstexcl, CASPA_CP32_ldstexcl, CASPL_CP32_ldstexcl, CASPAL_CP32_ldstexcl" symboldefcount="1">
      <symbol link="wt">&lt;Wt&gt;</symbol>
      <account encodedin="Rt">
        <intro>
          <para>Is the 32-bit name of the first general-purpose register to be conditionally stored, encoded in the "Rt" field. &lt;Wt&gt; must be an even-numbered register.</para>
        </intro>
      </account>
    </explanation>
    <explanation enclist="CASP_CP32_ldstexcl, CASPA_CP32_ldstexcl, CASPL_CP32_ldstexcl, CASPAL_CP32_ldstexcl" symboldefcount="1">
      <symbol link="w_t_plus_1">&lt;W(t+1)&gt;</symbol>
      <account encodedin="">
        <intro>
          <para>Is the 32-bit name of the second general-purpose register to be conditionally stored.</para>
        </intro>
      </account>
    </explanation>
    <explanation enclist="CASP_CP64_ldstexcl, CASPA_CP64_ldstexcl, CASPL_CP64_ldstexcl, CASPAL_CP64_ldstexcl" symboldefcount="1">
      <symbol link="xs">&lt;Xs&gt;</symbol>
      <account encodedin="Rs">
        <intro>
          <para>Is the 64-bit name of the first general-purpose register to be compared and loaded, encoded in the "Rs" field. &lt;Xs&gt; must be an even-numbered register.</para>
        </intro>
      </account>
    </explanation>
    <explanation enclist="CASP_CP64_ldstexcl, CASPA_CP64_ldstexcl, CASPL_CP64_ldstexcl, CASPAL_CP64_ldstexcl" symboldefcount="1">
      <symbol link="x_s_plus_1">&lt;X(s+1)&gt;</symbol>
      <account encodedin="">
        <intro>
          <para>Is the 64-bit name of the second general-purpose register to be compared and loaded.</para>
        </intro>
      </account>
    </explanation>
    <explanation enclist="CASP_CP64_ldstexcl, CASPA_CP64_ldstexcl, CASPL_CP64_ldstexcl, CASPAL_CP64_ldstexcl" symboldefcount="1">
      <symbol link="xt">&lt;Xt&gt;</symbol>
      <account encodedin="Rt">
        <intro>
          <para>Is the 64-bit name of the first general-purpose register to be conditionally stored, encoded in the "Rt" field. &lt;Xt&gt; must be an even-numbered register.</para>
        </intro>
      </account>
    </explanation>
    <explanation enclist="CASP_CP64_ldstexcl, CASPA_CP64_ldstexcl, CASPL_CP64_ldstexcl, CASPAL_CP64_ldstexcl" symboldefcount="1">
      <symbol link="x_t_plus_1">&lt;X(t+1)&gt;</symbol>
      <account encodedin="">
        <intro>
          <para>Is the 64-bit name of the second general-purpose register to be conditionally stored.</para>
        </intro>
      </account>
    </explanation>
    <explanation enclist="CASP_CP32_ldstexcl, CASP_CP64_ldstexcl, CASPA_CP32_ldstexcl, CASPA_CP64_ldstexcl, CASPL_CP32_ldstexcl, CASPL_CP64_ldstexcl, CASPAL_CP32_ldstexcl, CASPAL_CP64_ldstexcl" symboldefcount="1">
      <symbol link="xn_sp">&lt;Xn|SP&gt;</symbol>
      <account encodedin="Rn">
        <intro>
          <para>Is the 64-bit name of the general-purpose base register or stack pointer, encoded in the "Rn" field.</para>
        </intro>
      </account>
    </explanation>
  </explanations>
  <ps_section howmany="1">
    <ps name="aarch64/instrs/memory/atomicops/cas/pair" mylink="commonps" enclabels="" sections="1" secttype="Operation">
      <pstext mayhavelinks="1" section="Execute" rep_section="execute">bits(64) address;
bits(2*datasize) comparevalue;
bits(2*datasize) newvalue;
bits(2*datasize) data;

bits(datasize) s1 = <a link="impl-aarch64.X.read.1" file="shared_pseudocode.xml" hover="accessor: bits(width) X[integer n]">X</a>[s];
bits(datasize) s2 = <a link="impl-aarch64.X.read.1" file="shared_pseudocode.xml" hover="accessor: bits(width) X[integer n]">X</a>[s+1];
bits(datasize) t1 = <a link="impl-aarch64.X.read.1" file="shared_pseudocode.xml" hover="accessor: bits(width) X[integer n]">X</a>[t];
bits(datasize) t2 = <a link="impl-aarch64.X.read.1" file="shared_pseudocode.xml" hover="accessor: bits(width) X[integer n]">X</a>[t+1];
comparevalue = if <a link="impl-shared.BigEndian.0" file="shared_pseudocode.xml" hover="function: boolean BigEndian()">BigEndian</a>() then s1:s2 else s2:s1;
newvalue     = if <a link="impl-shared.BigEndian.0" file="shared_pseudocode.xml" hover="function: boolean BigEndian()">BigEndian</a>() then t1:t2 else t2:t1;

if <a link="impl-shared.HaveMTEExt.0" file="shared_pseudocode.xml" hover="function: boolean HaveMTEExt()">HaveMTEExt</a>() then
    <a link="impl-aarch64.SetTagCheckedInstruction.1" file="shared_pseudocode.xml" hover="function: SetTagCheckedInstruction(boolean checked)">SetTagCheckedInstruction</a>(tag_checked);

if n == 31 then
    <a link="impl-aarch64.CheckSPAlignment.0" file="shared_pseudocode.xml" hover="function: CheckSPAlignment()">CheckSPAlignment</a>();
    address = <a link="impl-aarch64.SP.read.0" file="shared_pseudocode.xml" hover="accessor: bits(width) SP[]">SP</a>[];
else
    address = <a link="impl-aarch64.X.read.1" file="shared_pseudocode.xml" hover="accessor: bits(width) X[integer n]">X</a>[n];

data = <a link="impl-aarch64.MemAtomicCompareAndSwap.5" file="shared_pseudocode.xml" hover="function: bits(size) MemAtomicCompareAndSwap(bits(64) address, bits(size) expectedvalue,&#13; bits(size) newvalue, AccType ldacctype, AccType stacctype)">MemAtomicCompareAndSwap</a>(address, comparevalue, newvalue, ldacctype, stacctype);

if <a link="impl-shared.BigEndian.0" file="shared_pseudocode.xml" hover="function: boolean BigEndian()">BigEndian</a>() then
    <a link="impl-aarch64.X.write.1" file="shared_pseudocode.xml" hover="accessor: X[integer n] = bits(width) value">X</a>[s]   = <a link="impl-shared.ZeroExtend.2" file="shared_pseudocode.xml" hover="function: bits(N) ZeroExtend(bits(M) x, integer N)">ZeroExtend</a>(data&lt;2*datasize-1:datasize&gt;, regsize);
    <a link="impl-aarch64.X.write.1" file="shared_pseudocode.xml" hover="accessor: X[integer n] = bits(width) value">X</a>[s+1] = <a link="impl-shared.ZeroExtend.2" file="shared_pseudocode.xml" hover="function: bits(N) ZeroExtend(bits(M) x, integer N)">ZeroExtend</a>(data&lt;datasize-1:0&gt;, regsize);
else
    <a link="impl-aarch64.X.write.1" file="shared_pseudocode.xml" hover="accessor: X[integer n] = bits(width) value">X</a>[s]   = <a link="impl-shared.ZeroExtend.2" file="shared_pseudocode.xml" hover="function: bits(N) ZeroExtend(bits(M) x, integer N)">ZeroExtend</a>(data&lt;datasize-1:0&gt;, regsize);
    <a link="impl-aarch64.X.write.1" file="shared_pseudocode.xml" hover="accessor: X[integer n] = bits(width) value">X</a>[s+1] = <a link="impl-shared.ZeroExtend.2" file="shared_pseudocode.xml" hover="function: bits(N) ZeroExtend(bits(M) x, integer N)">ZeroExtend</a>(data&lt;2*datasize-1:datasize&gt;, regsize);</pstext>
    </ps>
  </ps_section>
</instructionsection>
