<?xml version="1.0" encoding="utf-8"?>
<?xml-stylesheet type="text/xsl" encoding="UTF-8" href="iform.xsl" version="1.0"?>
<!DOCTYPE instructionsection PUBLIC "-//ARM//DTD instructionsection //EN" "iform-p.dtd">
<!-- Copyright (c) 2010-2020 Arm Limited or its affiliates. All rights reserved. -->
<!-- This document is Non-Confidential. This document may only be used and distributed in accordance with the terms of the agreement entered into by Arm and the party that Arm delivered this document to. -->

<instructionsection id="clastb_z_p_zz" title="CLASTB (vectors)" type="instruction">
  <docvars>
    <docvar key="instr-class" value="sve" />
    <docvar key="isa" value="A64" />
    <docvar key="mnemonic" value="CLASTB" />
  </docvars>
  <heading>CLASTB (vectors)</heading>
  <desc>
    <brief>Conditionally extract last element to vector register</brief>
    <description>
      <para>From the second source vector register extract the last active element, and then replicate that element to destructively fill the destination and first source vector.</para>
      <para> If there are no active elements then leave the destination and source vector unmodified.</para>
    </description>
    <status>Green</status>
    <predicated>True</predicated>
    <takes_movprfx>True</takes_movprfx>
    <takes_pred_movprfx>False</takes_pred_movprfx>
  </desc>
  <alias_list howmany="0"></alias_list>
  <classes>
    <iclass name="SVE" oneof="1" id="clastb_z_p_zz_" no_encodings="1" isa="A64">
      <docvars>
        <docvar key="instr-class" value="sve" />
        <docvar key="isa" value="A64" />
        <docvar key="mnemonic" value="CLASTB" />
      </docvars>
      <iclassintro count="1"></iclassintro>
      <regdiagram form="32" psname="CLASTB-Z.P.ZZ-_" tworows="1">
        <box hibit="31" width="8" settings="8">
          <c>0</c>
          <c>0</c>
          <c>0</c>
          <c>0</c>
          <c>0</c>
          <c>1</c>
          <c>0</c>
          <c>1</c>
        </box>
        <box hibit="23" width="2" name="size" usename="1">
          <c colspan="2"></c>
        </box>
        <box hibit="21" width="5" settings="5">
          <c>1</c>
          <c>0</c>
          <c>1</c>
          <c>0</c>
          <c>0</c>
        </box>
        <box hibit="16" name="B" usename="1" settings="1">
          <c>1</c>
        </box>
        <box hibit="15" width="3" settings="3">
          <c>1</c>
          <c>0</c>
          <c>0</c>
        </box>
        <box hibit="12" width="3" name="Pg" usename="1">
          <c colspan="3"></c>
        </box>
        <box hibit="9" width="5" name="Zm" usename="1">
          <c colspan="5"></c>
        </box>
        <box hibit="4" width="5" name="Zdn" usename="1">
          <c colspan="5"></c>
        </box>
      </regdiagram>
      <encoding name="clastb_z_p_zz_" oneofinclass="1" oneof="1" label="SVE">
        <docvars>
          <docvar key="instr-class" value="sve" />
          <docvar key="isa" value="A64" />
          <docvar key="mnemonic" value="CLASTB" />
        </docvars>
        <asmtemplate><text>CLASTB  </text><a link="zdn" hover="First source and destination scalable vector register (field &quot;Zdn&quot;)">&lt;Zdn&gt;</a><text>.</text><a link="t" hover="Size specifier (field &quot;size&quot;) [B,D,H,S]">&lt;T&gt;</a><text>, </text><a link="pg" hover="Governing scalable predicate register P0-P7 (field &quot;Pg&quot;)">&lt;Pg&gt;</a><text>, </text><a link="zdn" hover="First source and destination scalable vector register (field &quot;Zdn&quot;)">&lt;Zdn&gt;</a><text>.</text><a link="t" hover="Size specifier (field &quot;size&quot;) [B,D,H,S]">&lt;T&gt;</a><text>, </text><a link="zm" hover="Second source scalable vector register (field &quot;Zm&quot;)">&lt;Zm&gt;</a><text>.</text><a link="t" hover="Size specifier (field &quot;size&quot;) [B,D,H,S]">&lt;T&gt;</a></asmtemplate>
      </encoding>
      <ps_section howmany="1">
        <ps name="CLASTB-Z.P.ZZ-_" mylink="CLASTB-Z.P.ZZ-_" enclabels="" sections="1" secttype="noheading">
          <pstext mayhavelinks="1" section="Decode" rep_section="decode">if !<a link="impl-aarch64.HaveSVE.0" file="shared_pseudocode.xml" hover="function: boolean HaveSVE()">HaveSVE</a>() then UNDEFINED;
integer esize = 8 &lt;&lt; <a link="impl-shared.UInt.1" file="shared_pseudocode.xml" hover="function: integer UInt(bits(N) x)">UInt</a>(size);
integer g = <a link="impl-shared.UInt.1" file="shared_pseudocode.xml" hover="function: integer UInt(bits(N) x)">UInt</a>(Pg);
integer dn = <a link="impl-shared.UInt.1" file="shared_pseudocode.xml" hover="function: integer UInt(bits(N) x)">UInt</a>(Zdn);
integer m = <a link="impl-shared.UInt.1" file="shared_pseudocode.xml" hover="function: integer UInt(bits(N) x)">UInt</a>(Zm);
boolean isBefore = TRUE;</pstext>
        </ps>
      </ps_section>
    </iclass>
  </classes>
  <explanations scope="all">
    <explanation enclist="clastb_z_p_zz_" symboldefcount="1">
      <symbol link="zdn">&lt;Zdn&gt;</symbol>
      <account encodedin="Zdn">
        <intro>
          <para>Is the name of the first source and destination scalable vector register, encoded in the "Zdn" field.</para>
        </intro>
      </account>
    </explanation>
    <explanation enclist="clastb_z_p_zz_" symboldefcount="1">
      <symbol link="t">&lt;T&gt;</symbol>
      <definition encodedin="size">
        <intro>Is the size specifier, </intro>
        <table class="valuetable">
          <tgroup cols="2">
            <thead>
              <row>
                <entry class="bitfield">size</entry>
                <entry class="symbol">&lt;T&gt;</entry>
              </row>
            </thead>
            <tbody>
              <row>
                <entry class="bitfield">00</entry>
                <entry class="symbol">B</entry>
              </row>
              <row>
                <entry class="bitfield">01</entry>
                <entry class="symbol">H</entry>
              </row>
              <row>
                <entry class="bitfield">10</entry>
                <entry class="symbol">S</entry>
              </row>
              <row>
                <entry class="bitfield">11</entry>
                <entry class="symbol">D</entry>
              </row>
            </tbody>
          </tgroup>
        </table>
      </definition>
    </explanation>
    <explanation enclist="clastb_z_p_zz_" symboldefcount="1">
      <symbol link="pg">&lt;Pg&gt;</symbol>
      <account encodedin="Pg">
        <intro>
          <para>Is the name of the governing scalable predicate register P0-P7, encoded in the "Pg" field.</para>
        </intro>
      </account>
    </explanation>
    <explanation enclist="clastb_z_p_zz_" symboldefcount="1">
      <symbol link="zm">&lt;Zm&gt;</symbol>
      <account encodedin="Zm">
        <intro>
          <para>Is the name of the second source scalable vector register, encoded in the "Zm" field.</para>
        </intro>
      </account>
    </explanation>
  </explanations>
  <ps_section howmany="1">
    <ps name="CLASTB-Z.P.ZZ-_" mylink="commonps" enclabels="" sections="1" secttype="Operation">
      <pstext mayhavelinks="1" section="Execute" rep_section="execute"><a link="impl-aarch64.CheckSVEEnabled.0" file="shared_pseudocode.xml" hover="function: CheckSVEEnabled()">CheckSVEEnabled</a>();
integer elements = <a link="impl-aarch64.VL.read.none" file="shared_pseudocode.xml" hover="accessor: integer VL">VL</a> DIV esize;
bits(<a link="impl-aarch64.PL.read.none" file="shared_pseudocode.xml" hover="accessor: integer PL">PL</a>) mask = <a link="impl-aarch64.P.read.1" file="shared_pseudocode.xml" hover="accessor: bits(width) P[integer n]">P</a>[g];
bits(<a link="impl-aarch64.VL.read.none" file="shared_pseudocode.xml" hover="accessor: integer VL">VL</a>) operand1 = <a link="impl-aarch64.Z.read.1" file="shared_pseudocode.xml" hover="accessor: bits(width) Z[integer n]">Z</a>[dn];
bits(<a link="impl-aarch64.VL.read.none" file="shared_pseudocode.xml" hover="accessor: integer VL">VL</a>) operand2 = <a link="impl-aarch64.Z.read.1" file="shared_pseudocode.xml" hover="accessor: bits(width) Z[integer n]">Z</a>[m];
bits(<a link="impl-aarch64.VL.read.none" file="shared_pseudocode.xml" hover="accessor: integer VL">VL</a>) result;
integer last = <a link="impl-aarch64.LastActiveElement.2" file="shared_pseudocode.xml" hover="function: integer LastActiveElement(bits(N) mask, integer esize)">LastActiveElement</a>(mask, esize);

if last &lt; 0 then
    result = operand1;
else
    if !isBefore then
        last = last + 1;
        if last &gt;= elements then last = 0;
    for e = 0 to elements-1
        <a link="impl-shared.Elem.write.3" file="shared_pseudocode.xml" hover="accessor: Elem[bits(N) &amp;vector, integer e, integer size] = bits(size) value">Elem</a>[result, e, esize] = <a link="impl-shared.Elem.read.3" file="shared_pseudocode.xml" hover="accessor: bits(size) Elem[bits(N) vector, integer e, integer size]">Elem</a>[operand2, last, esize];

<a link="impl-aarch64.Z.write.1" file="shared_pseudocode.xml" hover="accessor: Z[integer n] = bits(width) value">Z</a>[dn] = result;</pstext>
    </ps>
  </ps_section>
</instructionsection>
