<?xml version="1.0" encoding="utf-8"?>
<?xml-stylesheet type="text/xsl" encoding="UTF-8" href="iform.xsl" version="1.0"?>
<!DOCTYPE instructionsection PUBLIC "-//ARM//DTD instructionsection //EN" "iform-p.dtd">
<!-- Copyright (c) 2010-2020 Arm Limited or its affiliates. All rights reserved. -->
<!-- This document is Non-Confidential. This document may only be used and distributed in accordance with the terms of the agreement entered into by Arm and the party that Arm delivered this document to. -->

<instructionsection id="cmpeq_p_p_zi" title="CMP&lt;cc&gt; (immediate)" type="instruction">
  <docvars>
    <docvar key="instr-class" value="sve" />
    <docvar key="isa" value="A64" />
  </docvars>
  <heading>CMP&lt;cc&gt; (immediate)</heading>
  <desc>
    <brief>Compare vector to immediate</brief>
    <description>
      <para>Compare active integer elements in the source vector with an immediate, and place the boolean results of the specified comparison in the corresponding elements of the destination predicate. Inactive elements in the destination predicate register are set to zero. Sets the <arm-defined-word>First</arm-defined-word> (N), <arm-defined-word>None</arm-defined-word> (Z), <arm-defined-word>!Last</arm-defined-word> (C) condition flags based on the predicate result, and the V flag to zero.</para>
      <para />
      <para>The <syntax>&lt;cc&gt;</syntax> symbol specifies one of the standard ARM condition codes: <syntax>EQ</syntax>, <syntax>GE</syntax>, <syntax>GT</syntax>, <syntax>HI</syntax>, <syntax>HS</syntax>, <syntax>LE</syntax>, <syntax>LO</syntax>, <syntax>LS</syntax>, <syntax>LT</syntax> or <syntax>NE</syntax>.</para>
    </description>
    <status>Green</status>
    <predicated>True</predicated>
    <takes_movprfx>False</takes_movprfx>
    <takes_pred_movprfx>False</takes_pred_movprfx>
  </desc>
  <alias_list howmany="0"></alias_list>
  <classes>
    <classesintro count="10">
      <txt>It has encodings from 10 classes:</txt>
      <a href="#cmpeq_p_p_zi_">Equal</a>
      <txt>, </txt>
      <a href="#cmpgt_p_p_zi_">Greater than</a>
      <txt>, </txt>
      <a href="#cmpge_p_p_zi_">Greater than or equal</a>
      <txt>, </txt>
      <a href="#cmphi_p_p_zi_">Higher</a>
      <txt>, </txt>
      <a href="#cmphs_p_p_zi_">Higher or same</a>
      <txt>, </txt>
      <a href="#cmplt_p_p_zi_">Less than</a>
      <txt>, </txt>
      <a href="#cmple_p_p_zi_">Less than or equal</a>
      <txt>, </txt>
      <a href="#cmplo_p_p_zi_">Lower</a>
      <txt>, </txt>
      <a href="#cmpls_p_p_zi_">Lower or same</a>
      <txt> and </txt>
      <a href="#cmpne_p_p_zi_">Not equal</a>
    </classesintro>
    <iclass name="Equal" oneof="10" id="cmpeq_p_p_zi_" no_encodings="1" isa="A64">
      <docvars>
        <docvar key="instr-class" value="sve" />
        <docvar key="isa" value="A64" />
        <docvar key="mnemonic" value="CMPEQ" />
        <docvar key="sve-compare-type" value="eq" />
      </docvars>
      <iclassintro count="1"></iclassintro>
      <regdiagram form="32" psname="CMPEQ-P.P.ZI-_" tworows="1">
        <box hibit="31" width="8" settings="8">
          <c>0</c>
          <c>0</c>
          <c>1</c>
          <c>0</c>
          <c>0</c>
          <c>1</c>
          <c>0</c>
          <c>1</c>
        </box>
        <box hibit="23" width="2" name="size" usename="1">
          <c colspan="2"></c>
        </box>
        <box hibit="21" settings="1">
          <c>0</c>
        </box>
        <box hibit="20" width="5" name="imm5" usename="1">
          <c colspan="5"></c>
        </box>
        <box hibit="15" name="op" settings="1">
          <c>1</c>
        </box>
        <box hibit="14" settings="1">
          <c>0</c>
        </box>
        <box hibit="13" name="o2" settings="1">
          <c>0</c>
        </box>
        <box hibit="12" width="3" name="Pg" usename="1">
          <c colspan="3"></c>
        </box>
        <box hibit="9" width="5" name="Zn" usename="1">
          <c colspan="5"></c>
        </box>
        <box hibit="4" name="ne" usename="1" settings="1">
          <c>0</c>
        </box>
        <box hibit="3" width="4" name="Pd" usename="1">
          <c colspan="4"></c>
        </box>
      </regdiagram>
      <encoding name="cmpeq_p_p_zi_" oneofinclass="1" oneof="10" label="Equal">
        <docvars>
          <docvar key="instr-class" value="sve" />
          <docvar key="isa" value="A64" />
          <docvar key="mnemonic" value="CMPEQ" />
          <docvar key="sve-compare-type" value="eq" />
        </docvars>
        <asmtemplate><text>CMPEQ   </text><a link="pd" hover="Destination scalable predicate register (field &quot;Pd&quot;)">&lt;Pd&gt;</a><text>.</text><a link="t" hover="Size specifier (field &quot;size&quot;) [B,D,H,S]">&lt;T&gt;</a><text>, </text><a link="pg" hover="Governing scalable predicate register P0-P7 (field &quot;Pg&quot;)">&lt;Pg&gt;</a><text>/Z, </text><a link="zn" hover="Source scalable vector register (field &quot;Zn&quot;)">&lt;Zn&gt;</a><text>.</text><a link="t" hover="Size specifier (field &quot;size&quot;) [B,D,H,S]">&lt;T&gt;</a><text>, #</text><a link="imm_1" hover="Signed immediate operand [-16-15] (field &quot;imm5&quot;)">&lt;imm&gt;</a></asmtemplate>
      </encoding>
      <ps_section howmany="1">
        <ps name="CMPEQ-P.P.ZI-_" mylink="CMPEQ-P.P.ZI-_" enclabels="" sections="1" secttype="noheading">
          <pstext mayhavelinks="1" section="Decode" rep_section="decode">if !<a link="impl-aarch64.HaveSVE.0" file="shared_pseudocode.xml" hover="function: boolean HaveSVE()">HaveSVE</a>() then UNDEFINED;
integer esize = 8 &lt;&lt; <a link="impl-shared.UInt.1" file="shared_pseudocode.xml" hover="function: integer UInt(bits(N) x)">UInt</a>(size);
integer g = <a link="impl-shared.UInt.1" file="shared_pseudocode.xml" hover="function: integer UInt(bits(N) x)">UInt</a>(Pg);
integer n = <a link="impl-shared.UInt.1" file="shared_pseudocode.xml" hover="function: integer UInt(bits(N) x)">UInt</a>(Zn);
integer d = <a link="impl-shared.UInt.1" file="shared_pseudocode.xml" hover="function: integer UInt(bits(N) x)">UInt</a>(Pd);
<a link="SVECmp" file="shared_pseudocode.xml" hover="enumeration SVECmp { Cmp_EQ, Cmp_NE, Cmp_GE, Cmp_GT, Cmp_LT, Cmp_LE, Cmp_UN }">SVECmp</a> op = <a link="Cmp_EQ" file="shared_pseudocode.xml" hover="enumeration SVECmp { Cmp_EQ, Cmp_NE, Cmp_GE, Cmp_GT, Cmp_LT, Cmp_LE, Cmp_UN }">Cmp_EQ</a>;
integer imm = <a link="impl-shared.SInt.1" file="shared_pseudocode.xml" hover="function: integer SInt(bits(N) x)">SInt</a>(imm5);
boolean unsigned = FALSE;</pstext>
        </ps>
      </ps_section>
    </iclass>
    <iclass name="Greater than" oneof="10" id="cmpgt_p_p_zi_" no_encodings="1" isa="A64">
      <docvars>
        <docvar key="instr-class" value="sve" />
        <docvar key="isa" value="A64" />
        <docvar key="mnemonic" value="CMPGT" />
        <docvar key="sve-compare-type" value="gt" />
      </docvars>
      <iclassintro count="1"></iclassintro>
      <regdiagram form="32" psname="CMPGT-P.P.ZI-_" tworows="1">
        <box hibit="31" width="8" settings="8">
          <c>0</c>
          <c>0</c>
          <c>1</c>
          <c>0</c>
          <c>0</c>
          <c>1</c>
          <c>0</c>
          <c>1</c>
        </box>
        <box hibit="23" width="2" name="size" usename="1">
          <c colspan="2"></c>
        </box>
        <box hibit="21" settings="1">
          <c>0</c>
        </box>
        <box hibit="20" width="5" name="imm5" usename="1">
          <c colspan="5"></c>
        </box>
        <box hibit="15" name="op" settings="1">
          <c>0</c>
        </box>
        <box hibit="14" settings="1">
          <c>0</c>
        </box>
        <box hibit="13" name="lt" usename="1" settings="1">
          <c>0</c>
        </box>
        <box hibit="12" width="3" name="Pg" usename="1">
          <c colspan="3"></c>
        </box>
        <box hibit="9" width="5" name="Zn" usename="1">
          <c colspan="5"></c>
        </box>
        <box hibit="4" name="ne" usename="1" settings="1">
          <c>1</c>
        </box>
        <box hibit="3" width="4" name="Pd" usename="1">
          <c colspan="4"></c>
        </box>
      </regdiagram>
      <encoding name="cmpgt_p_p_zi_" oneofinclass="1" oneof="10" label="Greater than">
        <docvars>
          <docvar key="instr-class" value="sve" />
          <docvar key="isa" value="A64" />
          <docvar key="mnemonic" value="CMPGT" />
          <docvar key="sve-compare-type" value="gt" />
        </docvars>
        <asmtemplate><text>CMPGT   </text><a link="pd" hover="Destination scalable predicate register (field &quot;Pd&quot;)">&lt;Pd&gt;</a><text>.</text><a link="t" hover="Size specifier (field &quot;size&quot;) [B,D,H,S]">&lt;T&gt;</a><text>, </text><a link="pg" hover="Governing scalable predicate register P0-P7 (field &quot;Pg&quot;)">&lt;Pg&gt;</a><text>/Z, </text><a link="zn" hover="Source scalable vector register (field &quot;Zn&quot;)">&lt;Zn&gt;</a><text>.</text><a link="t" hover="Size specifier (field &quot;size&quot;) [B,D,H,S]">&lt;T&gt;</a><text>, #</text><a link="imm_1" hover="Signed immediate operand [-16-15] (field &quot;imm5&quot;)">&lt;imm&gt;</a></asmtemplate>
      </encoding>
      <ps_section howmany="1">
        <ps name="CMPGT-P.P.ZI-_" mylink="CMPGT-P.P.ZI-_" enclabels="" sections="1" secttype="noheading">
          <pstext mayhavelinks="1" section="Decode" rep_section="decode">if !<a link="impl-aarch64.HaveSVE.0" file="shared_pseudocode.xml" hover="function: boolean HaveSVE()">HaveSVE</a>() then UNDEFINED;
integer esize = 8 &lt;&lt; <a link="impl-shared.UInt.1" file="shared_pseudocode.xml" hover="function: integer UInt(bits(N) x)">UInt</a>(size);
integer g = <a link="impl-shared.UInt.1" file="shared_pseudocode.xml" hover="function: integer UInt(bits(N) x)">UInt</a>(Pg);
integer n = <a link="impl-shared.UInt.1" file="shared_pseudocode.xml" hover="function: integer UInt(bits(N) x)">UInt</a>(Zn);
integer d = <a link="impl-shared.UInt.1" file="shared_pseudocode.xml" hover="function: integer UInt(bits(N) x)">UInt</a>(Pd);
<a link="SVECmp" file="shared_pseudocode.xml" hover="enumeration SVECmp { Cmp_EQ, Cmp_NE, Cmp_GE, Cmp_GT, Cmp_LT, Cmp_LE, Cmp_UN }">SVECmp</a> op = <a link="Cmp_GT" file="shared_pseudocode.xml" hover="enumeration SVECmp { Cmp_EQ, Cmp_NE, Cmp_GE, Cmp_GT, Cmp_LT, Cmp_LE, Cmp_UN }">Cmp_GT</a>;
integer imm = <a link="impl-shared.SInt.1" file="shared_pseudocode.xml" hover="function: integer SInt(bits(N) x)">SInt</a>(imm5);
boolean unsigned = FALSE;</pstext>
        </ps>
      </ps_section>
    </iclass>
    <iclass name="Greater than or equal" oneof="10" id="cmpge_p_p_zi_" no_encodings="1" isa="A64">
      <docvars>
        <docvar key="instr-class" value="sve" />
        <docvar key="isa" value="A64" />
        <docvar key="mnemonic" value="CMPGE" />
        <docvar key="sve-compare-type" value="ge" />
      </docvars>
      <iclassintro count="1"></iclassintro>
      <regdiagram form="32" psname="CMPGE-P.P.ZI-_" tworows="1">
        <box hibit="31" width="8" settings="8">
          <c>0</c>
          <c>0</c>
          <c>1</c>
          <c>0</c>
          <c>0</c>
          <c>1</c>
          <c>0</c>
          <c>1</c>
        </box>
        <box hibit="23" width="2" name="size" usename="1">
          <c colspan="2"></c>
        </box>
        <box hibit="21" settings="1">
          <c>0</c>
        </box>
        <box hibit="20" width="5" name="imm5" usename="1">
          <c colspan="5"></c>
        </box>
        <box hibit="15" name="op" settings="1">
          <c>0</c>
        </box>
        <box hibit="14" settings="1">
          <c>0</c>
        </box>
        <box hibit="13" name="lt" usename="1" settings="1">
          <c>0</c>
        </box>
        <box hibit="12" width="3" name="Pg" usename="1">
          <c colspan="3"></c>
        </box>
        <box hibit="9" width="5" name="Zn" usename="1">
          <c colspan="5"></c>
        </box>
        <box hibit="4" name="ne" usename="1" settings="1">
          <c>0</c>
        </box>
        <box hibit="3" width="4" name="Pd" usename="1">
          <c colspan="4"></c>
        </box>
      </regdiagram>
      <encoding name="cmpge_p_p_zi_" oneofinclass="1" oneof="10" label="Greater than or equal">
        <docvars>
          <docvar key="instr-class" value="sve" />
          <docvar key="isa" value="A64" />
          <docvar key="mnemonic" value="CMPGE" />
          <docvar key="sve-compare-type" value="ge" />
        </docvars>
        <asmtemplate><text>CMPGE   </text><a link="pd" hover="Destination scalable predicate register (field &quot;Pd&quot;)">&lt;Pd&gt;</a><text>.</text><a link="t" hover="Size specifier (field &quot;size&quot;) [B,D,H,S]">&lt;T&gt;</a><text>, </text><a link="pg" hover="Governing scalable predicate register P0-P7 (field &quot;Pg&quot;)">&lt;Pg&gt;</a><text>/Z, </text><a link="zn" hover="Source scalable vector register (field &quot;Zn&quot;)">&lt;Zn&gt;</a><text>.</text><a link="t" hover="Size specifier (field &quot;size&quot;) [B,D,H,S]">&lt;T&gt;</a><text>, #</text><a link="imm_1" hover="Signed immediate operand [-16-15] (field &quot;imm5&quot;)">&lt;imm&gt;</a></asmtemplate>
      </encoding>
      <ps_section howmany="1">
        <ps name="CMPGE-P.P.ZI-_" mylink="CMPGE-P.P.ZI-_" enclabels="" sections="1" secttype="noheading">
          <pstext mayhavelinks="1" section="Decode" rep_section="decode">if !<a link="impl-aarch64.HaveSVE.0" file="shared_pseudocode.xml" hover="function: boolean HaveSVE()">HaveSVE</a>() then UNDEFINED;
integer esize = 8 &lt;&lt; <a link="impl-shared.UInt.1" file="shared_pseudocode.xml" hover="function: integer UInt(bits(N) x)">UInt</a>(size);
integer g = <a link="impl-shared.UInt.1" file="shared_pseudocode.xml" hover="function: integer UInt(bits(N) x)">UInt</a>(Pg);
integer n = <a link="impl-shared.UInt.1" file="shared_pseudocode.xml" hover="function: integer UInt(bits(N) x)">UInt</a>(Zn);
integer d = <a link="impl-shared.UInt.1" file="shared_pseudocode.xml" hover="function: integer UInt(bits(N) x)">UInt</a>(Pd);
<a link="SVECmp" file="shared_pseudocode.xml" hover="enumeration SVECmp { Cmp_EQ, Cmp_NE, Cmp_GE, Cmp_GT, Cmp_LT, Cmp_LE, Cmp_UN }">SVECmp</a> op = <a link="Cmp_GE" file="shared_pseudocode.xml" hover="enumeration SVECmp { Cmp_EQ, Cmp_NE, Cmp_GE, Cmp_GT, Cmp_LT, Cmp_LE, Cmp_UN }">Cmp_GE</a>;
integer imm = <a link="impl-shared.SInt.1" file="shared_pseudocode.xml" hover="function: integer SInt(bits(N) x)">SInt</a>(imm5);
boolean unsigned = FALSE;</pstext>
        </ps>
      </ps_section>
    </iclass>
    <iclass name="Higher" oneof="10" id="cmphi_p_p_zi_" no_encodings="1" isa="A64">
      <docvars>
        <docvar key="instr-class" value="sve" />
        <docvar key="isa" value="A64" />
        <docvar key="mnemonic" value="CMPHI" />
        <docvar key="sve-compare-type" value="hi" />
      </docvars>
      <iclassintro count="1"></iclassintro>
      <regdiagram form="32" psname="CMPHI-P.P.ZI-_" tworows="1">
        <box hibit="31" width="8" settings="8">
          <c>0</c>
          <c>0</c>
          <c>1</c>
          <c>0</c>
          <c>0</c>
          <c>1</c>
          <c>0</c>
          <c>0</c>
        </box>
        <box hibit="23" width="2" name="size" usename="1">
          <c colspan="2"></c>
        </box>
        <box hibit="21" settings="1">
          <c>1</c>
        </box>
        <box hibit="20" width="7" name="imm7" usename="1">
          <c colspan="7"></c>
        </box>
        <box hibit="13" name="lt" usename="1" settings="1">
          <c>0</c>
        </box>
        <box hibit="12" width="3" name="Pg" usename="1">
          <c colspan="3"></c>
        </box>
        <box hibit="9" width="5" name="Zn" usename="1">
          <c colspan="5"></c>
        </box>
        <box hibit="4" name="ne" usename="1" settings="1">
          <c>1</c>
        </box>
        <box hibit="3" width="4" name="Pd" usename="1">
          <c colspan="4"></c>
        </box>
      </regdiagram>
      <encoding name="cmphi_p_p_zi_" oneofinclass="1" oneof="10" label="Higher">
        <docvars>
          <docvar key="instr-class" value="sve" />
          <docvar key="isa" value="A64" />
          <docvar key="mnemonic" value="CMPHI" />
          <docvar key="sve-compare-type" value="hi" />
        </docvars>
        <asmtemplate><text>CMPHI   </text><a link="pd" hover="Destination scalable predicate register (field &quot;Pd&quot;)">&lt;Pd&gt;</a><text>.</text><a link="t" hover="Size specifier (field &quot;size&quot;) [B,D,H,S]">&lt;T&gt;</a><text>, </text><a link="pg" hover="Governing scalable predicate register P0-P7 (field &quot;Pg&quot;)">&lt;Pg&gt;</a><text>/Z, </text><a link="zn" hover="Source scalable vector register (field &quot;Zn&quot;)">&lt;Zn&gt;</a><text>.</text><a link="t" hover="Size specifier (field &quot;size&quot;) [B,D,H,S]">&lt;T&gt;</a><text>, #</text><a link="imm" hover="Unsigned immediate operand [0-127] (field &quot;imm7&quot;)">&lt;imm&gt;</a></asmtemplate>
      </encoding>
      <ps_section howmany="1">
        <ps name="CMPHI-P.P.ZI-_" mylink="CMPHI-P.P.ZI-_" enclabels="" sections="1" secttype="noheading">
          <pstext mayhavelinks="1" section="Decode" rep_section="decode">if !<a link="impl-aarch64.HaveSVE.0" file="shared_pseudocode.xml" hover="function: boolean HaveSVE()">HaveSVE</a>() then UNDEFINED;
integer esize = 8 &lt;&lt; <a link="impl-shared.UInt.1" file="shared_pseudocode.xml" hover="function: integer UInt(bits(N) x)">UInt</a>(size);
integer g = <a link="impl-shared.UInt.1" file="shared_pseudocode.xml" hover="function: integer UInt(bits(N) x)">UInt</a>(Pg);
integer n = <a link="impl-shared.UInt.1" file="shared_pseudocode.xml" hover="function: integer UInt(bits(N) x)">UInt</a>(Zn);
integer d = <a link="impl-shared.UInt.1" file="shared_pseudocode.xml" hover="function: integer UInt(bits(N) x)">UInt</a>(Pd);
<a link="SVECmp" file="shared_pseudocode.xml" hover="enumeration SVECmp { Cmp_EQ, Cmp_NE, Cmp_GE, Cmp_GT, Cmp_LT, Cmp_LE, Cmp_UN }">SVECmp</a> op = <a link="Cmp_GT" file="shared_pseudocode.xml" hover="enumeration SVECmp { Cmp_EQ, Cmp_NE, Cmp_GE, Cmp_GT, Cmp_LT, Cmp_LE, Cmp_UN }">Cmp_GT</a>;
integer imm = <a link="impl-shared.UInt.1" file="shared_pseudocode.xml" hover="function: integer UInt(bits(N) x)">UInt</a>(imm7);
boolean unsigned = TRUE;</pstext>
        </ps>
      </ps_section>
    </iclass>
    <iclass name="Higher or same" oneof="10" id="cmphs_p_p_zi_" no_encodings="1" isa="A64">
      <docvars>
        <docvar key="instr-class" value="sve" />
        <docvar key="isa" value="A64" />
        <docvar key="mnemonic" value="CMPHS" />
        <docvar key="sve-compare-type" value="hs" />
      </docvars>
      <iclassintro count="1"></iclassintro>
      <regdiagram form="32" psname="CMPHS-P.P.ZI-_" tworows="1">
        <box hibit="31" width="8" settings="8">
          <c>0</c>
          <c>0</c>
          <c>1</c>
          <c>0</c>
          <c>0</c>
          <c>1</c>
          <c>0</c>
          <c>0</c>
        </box>
        <box hibit="23" width="2" name="size" usename="1">
          <c colspan="2"></c>
        </box>
        <box hibit="21" settings="1">
          <c>1</c>
        </box>
        <box hibit="20" width="7" name="imm7" usename="1">
          <c colspan="7"></c>
        </box>
        <box hibit="13" name="lt" usename="1" settings="1">
          <c>0</c>
        </box>
        <box hibit="12" width="3" name="Pg" usename="1">
          <c colspan="3"></c>
        </box>
        <box hibit="9" width="5" name="Zn" usename="1">
          <c colspan="5"></c>
        </box>
        <box hibit="4" name="ne" usename="1" settings="1">
          <c>0</c>
        </box>
        <box hibit="3" width="4" name="Pd" usename="1">
          <c colspan="4"></c>
        </box>
      </regdiagram>
      <encoding name="cmphs_p_p_zi_" oneofinclass="1" oneof="10" label="Higher or same">
        <docvars>
          <docvar key="instr-class" value="sve" />
          <docvar key="isa" value="A64" />
          <docvar key="mnemonic" value="CMPHS" />
          <docvar key="sve-compare-type" value="hs" />
        </docvars>
        <asmtemplate><text>CMPHS   </text><a link="pd" hover="Destination scalable predicate register (field &quot;Pd&quot;)">&lt;Pd&gt;</a><text>.</text><a link="t" hover="Size specifier (field &quot;size&quot;) [B,D,H,S]">&lt;T&gt;</a><text>, </text><a link="pg" hover="Governing scalable predicate register P0-P7 (field &quot;Pg&quot;)">&lt;Pg&gt;</a><text>/Z, </text><a link="zn" hover="Source scalable vector register (field &quot;Zn&quot;)">&lt;Zn&gt;</a><text>.</text><a link="t" hover="Size specifier (field &quot;size&quot;) [B,D,H,S]">&lt;T&gt;</a><text>, #</text><a link="imm" hover="Unsigned immediate operand [0-127] (field &quot;imm7&quot;)">&lt;imm&gt;</a></asmtemplate>
      </encoding>
      <ps_section howmany="1">
        <ps name="CMPHS-P.P.ZI-_" mylink="CMPHS-P.P.ZI-_" enclabels="" sections="1" secttype="noheading">
          <pstext mayhavelinks="1" section="Decode" rep_section="decode">if !<a link="impl-aarch64.HaveSVE.0" file="shared_pseudocode.xml" hover="function: boolean HaveSVE()">HaveSVE</a>() then UNDEFINED;
integer esize = 8 &lt;&lt; <a link="impl-shared.UInt.1" file="shared_pseudocode.xml" hover="function: integer UInt(bits(N) x)">UInt</a>(size);
integer g = <a link="impl-shared.UInt.1" file="shared_pseudocode.xml" hover="function: integer UInt(bits(N) x)">UInt</a>(Pg);
integer n = <a link="impl-shared.UInt.1" file="shared_pseudocode.xml" hover="function: integer UInt(bits(N) x)">UInt</a>(Zn);
integer d = <a link="impl-shared.UInt.1" file="shared_pseudocode.xml" hover="function: integer UInt(bits(N) x)">UInt</a>(Pd);
<a link="SVECmp" file="shared_pseudocode.xml" hover="enumeration SVECmp { Cmp_EQ, Cmp_NE, Cmp_GE, Cmp_GT, Cmp_LT, Cmp_LE, Cmp_UN }">SVECmp</a> op = <a link="Cmp_GE" file="shared_pseudocode.xml" hover="enumeration SVECmp { Cmp_EQ, Cmp_NE, Cmp_GE, Cmp_GT, Cmp_LT, Cmp_LE, Cmp_UN }">Cmp_GE</a>;
integer imm = <a link="impl-shared.UInt.1" file="shared_pseudocode.xml" hover="function: integer UInt(bits(N) x)">UInt</a>(imm7);
boolean unsigned = TRUE;</pstext>
        </ps>
      </ps_section>
    </iclass>
    <iclass name="Less than" oneof="10" id="cmplt_p_p_zi_" no_encodings="1" isa="A64">
      <docvars>
        <docvar key="instr-class" value="sve" />
        <docvar key="isa" value="A64" />
        <docvar key="mnemonic" value="CMPLT" />
        <docvar key="sve-compare-type" value="lt" />
      </docvars>
      <iclassintro count="1"></iclassintro>
      <regdiagram form="32" psname="CMPLT-P.P.ZI-_" tworows="1">
        <box hibit="31" width="8" settings="8">
          <c>0</c>
          <c>0</c>
          <c>1</c>
          <c>0</c>
          <c>0</c>
          <c>1</c>
          <c>0</c>
          <c>1</c>
        </box>
        <box hibit="23" width="2" name="size" usename="1">
          <c colspan="2"></c>
        </box>
        <box hibit="21" settings="1">
          <c>0</c>
        </box>
        <box hibit="20" width="5" name="imm5" usename="1">
          <c colspan="5"></c>
        </box>
        <box hibit="15" name="op" settings="1">
          <c>0</c>
        </box>
        <box hibit="14" settings="1">
          <c>0</c>
        </box>
        <box hibit="13" name="lt" usename="1" settings="1">
          <c>1</c>
        </box>
        <box hibit="12" width="3" name="Pg" usename="1">
          <c colspan="3"></c>
        </box>
        <box hibit="9" width="5" name="Zn" usename="1">
          <c colspan="5"></c>
        </box>
        <box hibit="4" name="ne" usename="1" settings="1">
          <c>0</c>
        </box>
        <box hibit="3" width="4" name="Pd" usename="1">
          <c colspan="4"></c>
        </box>
      </regdiagram>
      <encoding name="cmplt_p_p_zi_" oneofinclass="1" oneof="10" label="Less than">
        <docvars>
          <docvar key="instr-class" value="sve" />
          <docvar key="isa" value="A64" />
          <docvar key="mnemonic" value="CMPLT" />
          <docvar key="sve-compare-type" value="lt" />
        </docvars>
        <asmtemplate><text>CMPLT   </text><a link="pd" hover="Destination scalable predicate register (field &quot;Pd&quot;)">&lt;Pd&gt;</a><text>.</text><a link="t" hover="Size specifier (field &quot;size&quot;) [B,D,H,S]">&lt;T&gt;</a><text>, </text><a link="pg" hover="Governing scalable predicate register P0-P7 (field &quot;Pg&quot;)">&lt;Pg&gt;</a><text>/Z, </text><a link="zn" hover="Source scalable vector register (field &quot;Zn&quot;)">&lt;Zn&gt;</a><text>.</text><a link="t" hover="Size specifier (field &quot;size&quot;) [B,D,H,S]">&lt;T&gt;</a><text>, #</text><a link="imm_1" hover="Signed immediate operand [-16-15] (field &quot;imm5&quot;)">&lt;imm&gt;</a></asmtemplate>
      </encoding>
      <ps_section howmany="1">
        <ps name="CMPLT-P.P.ZI-_" mylink="CMPLT-P.P.ZI-_" enclabels="" sections="1" secttype="noheading">
          <pstext mayhavelinks="1" section="Decode" rep_section="decode">if !<a link="impl-aarch64.HaveSVE.0" file="shared_pseudocode.xml" hover="function: boolean HaveSVE()">HaveSVE</a>() then UNDEFINED;
integer esize = 8 &lt;&lt; <a link="impl-shared.UInt.1" file="shared_pseudocode.xml" hover="function: integer UInt(bits(N) x)">UInt</a>(size);
integer g = <a link="impl-shared.UInt.1" file="shared_pseudocode.xml" hover="function: integer UInt(bits(N) x)">UInt</a>(Pg);
integer n = <a link="impl-shared.UInt.1" file="shared_pseudocode.xml" hover="function: integer UInt(bits(N) x)">UInt</a>(Zn);
integer d = <a link="impl-shared.UInt.1" file="shared_pseudocode.xml" hover="function: integer UInt(bits(N) x)">UInt</a>(Pd);
<a link="SVECmp" file="shared_pseudocode.xml" hover="enumeration SVECmp { Cmp_EQ, Cmp_NE, Cmp_GE, Cmp_GT, Cmp_LT, Cmp_LE, Cmp_UN }">SVECmp</a> op = <a link="Cmp_LT" file="shared_pseudocode.xml" hover="enumeration SVECmp { Cmp_EQ, Cmp_NE, Cmp_GE, Cmp_GT, Cmp_LT, Cmp_LE, Cmp_UN }">Cmp_LT</a>;
integer imm = <a link="impl-shared.SInt.1" file="shared_pseudocode.xml" hover="function: integer SInt(bits(N) x)">SInt</a>(imm5);
boolean unsigned = FALSE;</pstext>
        </ps>
      </ps_section>
    </iclass>
    <iclass name="Less than or equal" oneof="10" id="cmple_p_p_zi_" no_encodings="1" isa="A64">
      <docvars>
        <docvar key="instr-class" value="sve" />
        <docvar key="isa" value="A64" />
        <docvar key="mnemonic" value="CMPLE" />
        <docvar key="sve-compare-type" value="le" />
      </docvars>
      <iclassintro count="1"></iclassintro>
      <regdiagram form="32" psname="CMPLE-P.P.ZI-_" tworows="1">
        <box hibit="31" width="8" settings="8">
          <c>0</c>
          <c>0</c>
          <c>1</c>
          <c>0</c>
          <c>0</c>
          <c>1</c>
          <c>0</c>
          <c>1</c>
        </box>
        <box hibit="23" width="2" name="size" usename="1">
          <c colspan="2"></c>
        </box>
        <box hibit="21" settings="1">
          <c>0</c>
        </box>
        <box hibit="20" width="5" name="imm5" usename="1">
          <c colspan="5"></c>
        </box>
        <box hibit="15" name="op" settings="1">
          <c>0</c>
        </box>
        <box hibit="14" settings="1">
          <c>0</c>
        </box>
        <box hibit="13" name="lt" usename="1" settings="1">
          <c>1</c>
        </box>
        <box hibit="12" width="3" name="Pg" usename="1">
          <c colspan="3"></c>
        </box>
        <box hibit="9" width="5" name="Zn" usename="1">
          <c colspan="5"></c>
        </box>
        <box hibit="4" name="ne" usename="1" settings="1">
          <c>1</c>
        </box>
        <box hibit="3" width="4" name="Pd" usename="1">
          <c colspan="4"></c>
        </box>
      </regdiagram>
      <encoding name="cmple_p_p_zi_" oneofinclass="1" oneof="10" label="Less than or equal">
        <docvars>
          <docvar key="instr-class" value="sve" />
          <docvar key="isa" value="A64" />
          <docvar key="mnemonic" value="CMPLE" />
          <docvar key="sve-compare-type" value="le" />
        </docvars>
        <asmtemplate><text>CMPLE   </text><a link="pd" hover="Destination scalable predicate register (field &quot;Pd&quot;)">&lt;Pd&gt;</a><text>.</text><a link="t" hover="Size specifier (field &quot;size&quot;) [B,D,H,S]">&lt;T&gt;</a><text>, </text><a link="pg" hover="Governing scalable predicate register P0-P7 (field &quot;Pg&quot;)">&lt;Pg&gt;</a><text>/Z, </text><a link="zn" hover="Source scalable vector register (field &quot;Zn&quot;)">&lt;Zn&gt;</a><text>.</text><a link="t" hover="Size specifier (field &quot;size&quot;) [B,D,H,S]">&lt;T&gt;</a><text>, #</text><a link="imm_1" hover="Signed immediate operand [-16-15] (field &quot;imm5&quot;)">&lt;imm&gt;</a></asmtemplate>
      </encoding>
      <ps_section howmany="1">
        <ps name="CMPLE-P.P.ZI-_" mylink="CMPLE-P.P.ZI-_" enclabels="" sections="1" secttype="noheading">
          <pstext mayhavelinks="1" section="Decode" rep_section="decode">if !<a link="impl-aarch64.HaveSVE.0" file="shared_pseudocode.xml" hover="function: boolean HaveSVE()">HaveSVE</a>() then UNDEFINED;
integer esize = 8 &lt;&lt; <a link="impl-shared.UInt.1" file="shared_pseudocode.xml" hover="function: integer UInt(bits(N) x)">UInt</a>(size);
integer g = <a link="impl-shared.UInt.1" file="shared_pseudocode.xml" hover="function: integer UInt(bits(N) x)">UInt</a>(Pg);
integer n = <a link="impl-shared.UInt.1" file="shared_pseudocode.xml" hover="function: integer UInt(bits(N) x)">UInt</a>(Zn);
integer d = <a link="impl-shared.UInt.1" file="shared_pseudocode.xml" hover="function: integer UInt(bits(N) x)">UInt</a>(Pd);
<a link="SVECmp" file="shared_pseudocode.xml" hover="enumeration SVECmp { Cmp_EQ, Cmp_NE, Cmp_GE, Cmp_GT, Cmp_LT, Cmp_LE, Cmp_UN }">SVECmp</a> op = <a link="Cmp_LE" file="shared_pseudocode.xml" hover="enumeration SVECmp { Cmp_EQ, Cmp_NE, Cmp_GE, Cmp_GT, Cmp_LT, Cmp_LE, Cmp_UN }">Cmp_LE</a>;
integer imm = <a link="impl-shared.SInt.1" file="shared_pseudocode.xml" hover="function: integer SInt(bits(N) x)">SInt</a>(imm5);
boolean unsigned = FALSE;</pstext>
        </ps>
      </ps_section>
    </iclass>
    <iclass name="Lower" oneof="10" id="cmplo_p_p_zi_" no_encodings="1" isa="A64">
      <docvars>
        <docvar key="instr-class" value="sve" />
        <docvar key="isa" value="A64" />
        <docvar key="mnemonic" value="CMPLO" />
        <docvar key="sve-compare-type" value="lo" />
      </docvars>
      <iclassintro count="1"></iclassintro>
      <regdiagram form="32" psname="CMPLO-P.P.ZI-_" tworows="1">
        <box hibit="31" width="8" settings="8">
          <c>0</c>
          <c>0</c>
          <c>1</c>
          <c>0</c>
          <c>0</c>
          <c>1</c>
          <c>0</c>
          <c>0</c>
        </box>
        <box hibit="23" width="2" name="size" usename="1">
          <c colspan="2"></c>
        </box>
        <box hibit="21" settings="1">
          <c>1</c>
        </box>
        <box hibit="20" width="7" name="imm7" usename="1">
          <c colspan="7"></c>
        </box>
        <box hibit="13" name="lt" usename="1" settings="1">
          <c>1</c>
        </box>
        <box hibit="12" width="3" name="Pg" usename="1">
          <c colspan="3"></c>
        </box>
        <box hibit="9" width="5" name="Zn" usename="1">
          <c colspan="5"></c>
        </box>
        <box hibit="4" name="ne" usename="1" settings="1">
          <c>0</c>
        </box>
        <box hibit="3" width="4" name="Pd" usename="1">
          <c colspan="4"></c>
        </box>
      </regdiagram>
      <encoding name="cmplo_p_p_zi_" oneofinclass="1" oneof="10" label="Lower">
        <docvars>
          <docvar key="instr-class" value="sve" />
          <docvar key="isa" value="A64" />
          <docvar key="mnemonic" value="CMPLO" />
          <docvar key="sve-compare-type" value="lo" />
        </docvars>
        <asmtemplate><text>CMPLO   </text><a link="pd" hover="Destination scalable predicate register (field &quot;Pd&quot;)">&lt;Pd&gt;</a><text>.</text><a link="t" hover="Size specifier (field &quot;size&quot;) [B,D,H,S]">&lt;T&gt;</a><text>, </text><a link="pg" hover="Governing scalable predicate register P0-P7 (field &quot;Pg&quot;)">&lt;Pg&gt;</a><text>/Z, </text><a link="zn" hover="Source scalable vector register (field &quot;Zn&quot;)">&lt;Zn&gt;</a><text>.</text><a link="t" hover="Size specifier (field &quot;size&quot;) [B,D,H,S]">&lt;T&gt;</a><text>, #</text><a link="imm" hover="Unsigned immediate operand [0-127] (field &quot;imm7&quot;)">&lt;imm&gt;</a></asmtemplate>
      </encoding>
      <ps_section howmany="1">
        <ps name="CMPLO-P.P.ZI-_" mylink="CMPLO-P.P.ZI-_" enclabels="" sections="1" secttype="noheading">
          <pstext mayhavelinks="1" section="Decode" rep_section="decode">if !<a link="impl-aarch64.HaveSVE.0" file="shared_pseudocode.xml" hover="function: boolean HaveSVE()">HaveSVE</a>() then UNDEFINED;
integer esize = 8 &lt;&lt; <a link="impl-shared.UInt.1" file="shared_pseudocode.xml" hover="function: integer UInt(bits(N) x)">UInt</a>(size);
integer g = <a link="impl-shared.UInt.1" file="shared_pseudocode.xml" hover="function: integer UInt(bits(N) x)">UInt</a>(Pg);
integer n = <a link="impl-shared.UInt.1" file="shared_pseudocode.xml" hover="function: integer UInt(bits(N) x)">UInt</a>(Zn);
integer d = <a link="impl-shared.UInt.1" file="shared_pseudocode.xml" hover="function: integer UInt(bits(N) x)">UInt</a>(Pd);
<a link="SVECmp" file="shared_pseudocode.xml" hover="enumeration SVECmp { Cmp_EQ, Cmp_NE, Cmp_GE, Cmp_GT, Cmp_LT, Cmp_LE, Cmp_UN }">SVECmp</a> op = <a link="Cmp_LT" file="shared_pseudocode.xml" hover="enumeration SVECmp { Cmp_EQ, Cmp_NE, Cmp_GE, Cmp_GT, Cmp_LT, Cmp_LE, Cmp_UN }">Cmp_LT</a>;
integer imm = <a link="impl-shared.UInt.1" file="shared_pseudocode.xml" hover="function: integer UInt(bits(N) x)">UInt</a>(imm7);
boolean unsigned = TRUE;</pstext>
        </ps>
      </ps_section>
    </iclass>
    <iclass name="Lower or same" oneof="10" id="cmpls_p_p_zi_" no_encodings="1" isa="A64">
      <docvars>
        <docvar key="instr-class" value="sve" />
        <docvar key="isa" value="A64" />
        <docvar key="mnemonic" value="CMPLS" />
        <docvar key="sve-compare-type" value="ls" />
      </docvars>
      <iclassintro count="1"></iclassintro>
      <regdiagram form="32" psname="CMPLS-P.P.ZI-_" tworows="1">
        <box hibit="31" width="8" settings="8">
          <c>0</c>
          <c>0</c>
          <c>1</c>
          <c>0</c>
          <c>0</c>
          <c>1</c>
          <c>0</c>
          <c>0</c>
        </box>
        <box hibit="23" width="2" name="size" usename="1">
          <c colspan="2"></c>
        </box>
        <box hibit="21" settings="1">
          <c>1</c>
        </box>
        <box hibit="20" width="7" name="imm7" usename="1">
          <c colspan="7"></c>
        </box>
        <box hibit="13" name="lt" usename="1" settings="1">
          <c>1</c>
        </box>
        <box hibit="12" width="3" name="Pg" usename="1">
          <c colspan="3"></c>
        </box>
        <box hibit="9" width="5" name="Zn" usename="1">
          <c colspan="5"></c>
        </box>
        <box hibit="4" name="ne" usename="1" settings="1">
          <c>1</c>
        </box>
        <box hibit="3" width="4" name="Pd" usename="1">
          <c colspan="4"></c>
        </box>
      </regdiagram>
      <encoding name="cmpls_p_p_zi_" oneofinclass="1" oneof="10" label="Lower or same">
        <docvars>
          <docvar key="instr-class" value="sve" />
          <docvar key="isa" value="A64" />
          <docvar key="mnemonic" value="CMPLS" />
          <docvar key="sve-compare-type" value="ls" />
        </docvars>
        <asmtemplate><text>CMPLS   </text><a link="pd" hover="Destination scalable predicate register (field &quot;Pd&quot;)">&lt;Pd&gt;</a><text>.</text><a link="t" hover="Size specifier (field &quot;size&quot;) [B,D,H,S]">&lt;T&gt;</a><text>, </text><a link="pg" hover="Governing scalable predicate register P0-P7 (field &quot;Pg&quot;)">&lt;Pg&gt;</a><text>/Z, </text><a link="zn" hover="Source scalable vector register (field &quot;Zn&quot;)">&lt;Zn&gt;</a><text>.</text><a link="t" hover="Size specifier (field &quot;size&quot;) [B,D,H,S]">&lt;T&gt;</a><text>, #</text><a link="imm" hover="Unsigned immediate operand [0-127] (field &quot;imm7&quot;)">&lt;imm&gt;</a></asmtemplate>
      </encoding>
      <ps_section howmany="1">
        <ps name="CMPLS-P.P.ZI-_" mylink="CMPLS-P.P.ZI-_" enclabels="" sections="1" secttype="noheading">
          <pstext mayhavelinks="1" section="Decode" rep_section="decode">if !<a link="impl-aarch64.HaveSVE.0" file="shared_pseudocode.xml" hover="function: boolean HaveSVE()">HaveSVE</a>() then UNDEFINED;
integer esize = 8 &lt;&lt; <a link="impl-shared.UInt.1" file="shared_pseudocode.xml" hover="function: integer UInt(bits(N) x)">UInt</a>(size);
integer g = <a link="impl-shared.UInt.1" file="shared_pseudocode.xml" hover="function: integer UInt(bits(N) x)">UInt</a>(Pg);
integer n = <a link="impl-shared.UInt.1" file="shared_pseudocode.xml" hover="function: integer UInt(bits(N) x)">UInt</a>(Zn);
integer d = <a link="impl-shared.UInt.1" file="shared_pseudocode.xml" hover="function: integer UInt(bits(N) x)">UInt</a>(Pd);
<a link="SVECmp" file="shared_pseudocode.xml" hover="enumeration SVECmp { Cmp_EQ, Cmp_NE, Cmp_GE, Cmp_GT, Cmp_LT, Cmp_LE, Cmp_UN }">SVECmp</a> op = <a link="Cmp_LE" file="shared_pseudocode.xml" hover="enumeration SVECmp { Cmp_EQ, Cmp_NE, Cmp_GE, Cmp_GT, Cmp_LT, Cmp_LE, Cmp_UN }">Cmp_LE</a>;
integer imm = <a link="impl-shared.UInt.1" file="shared_pseudocode.xml" hover="function: integer UInt(bits(N) x)">UInt</a>(imm7);
boolean unsigned = TRUE;</pstext>
        </ps>
      </ps_section>
    </iclass>
    <iclass name="Not equal" oneof="10" id="cmpne_p_p_zi_" no_encodings="1" isa="A64">
      <docvars>
        <docvar key="instr-class" value="sve" />
        <docvar key="isa" value="A64" />
        <docvar key="mnemonic" value="CMPNE" />
        <docvar key="sve-compare-type" value="ne" />
      </docvars>
      <iclassintro count="1"></iclassintro>
      <regdiagram form="32" psname="CMPNE-P.P.ZI-_" tworows="1">
        <box hibit="31" width="8" settings="8">
          <c>0</c>
          <c>0</c>
          <c>1</c>
          <c>0</c>
          <c>0</c>
          <c>1</c>
          <c>0</c>
          <c>1</c>
        </box>
        <box hibit="23" width="2" name="size" usename="1">
          <c colspan="2"></c>
        </box>
        <box hibit="21" settings="1">
          <c>0</c>
        </box>
        <box hibit="20" width="5" name="imm5" usename="1">
          <c colspan="5"></c>
        </box>
        <box hibit="15" name="op" settings="1">
          <c>1</c>
        </box>
        <box hibit="14" settings="1">
          <c>0</c>
        </box>
        <box hibit="13" name="o2" settings="1">
          <c>0</c>
        </box>
        <box hibit="12" width="3" name="Pg" usename="1">
          <c colspan="3"></c>
        </box>
        <box hibit="9" width="5" name="Zn" usename="1">
          <c colspan="5"></c>
        </box>
        <box hibit="4" name="ne" usename="1" settings="1">
          <c>1</c>
        </box>
        <box hibit="3" width="4" name="Pd" usename="1">
          <c colspan="4"></c>
        </box>
      </regdiagram>
      <encoding name="cmpne_p_p_zi_" oneofinclass="1" oneof="10" label="Not equal">
        <docvars>
          <docvar key="instr-class" value="sve" />
          <docvar key="isa" value="A64" />
          <docvar key="mnemonic" value="CMPNE" />
          <docvar key="sve-compare-type" value="ne" />
        </docvars>
        <asmtemplate><text>CMPNE   </text><a link="pd" hover="Destination scalable predicate register (field &quot;Pd&quot;)">&lt;Pd&gt;</a><text>.</text><a link="t" hover="Size specifier (field &quot;size&quot;) [B,D,H,S]">&lt;T&gt;</a><text>, </text><a link="pg" hover="Governing scalable predicate register P0-P7 (field &quot;Pg&quot;)">&lt;Pg&gt;</a><text>/Z, </text><a link="zn" hover="Source scalable vector register (field &quot;Zn&quot;)">&lt;Zn&gt;</a><text>.</text><a link="t" hover="Size specifier (field &quot;size&quot;) [B,D,H,S]">&lt;T&gt;</a><text>, #</text><a link="imm_1" hover="Signed immediate operand [-16-15] (field &quot;imm5&quot;)">&lt;imm&gt;</a></asmtemplate>
      </encoding>
      <ps_section howmany="1">
        <ps name="CMPNE-P.P.ZI-_" mylink="CMPNE-P.P.ZI-_" enclabels="" sections="1" secttype="noheading">
          <pstext mayhavelinks="1" section="Decode" rep_section="decode">if !<a link="impl-aarch64.HaveSVE.0" file="shared_pseudocode.xml" hover="function: boolean HaveSVE()">HaveSVE</a>() then UNDEFINED;
integer esize = 8 &lt;&lt; <a link="impl-shared.UInt.1" file="shared_pseudocode.xml" hover="function: integer UInt(bits(N) x)">UInt</a>(size);
integer g = <a link="impl-shared.UInt.1" file="shared_pseudocode.xml" hover="function: integer UInt(bits(N) x)">UInt</a>(Pg);
integer n = <a link="impl-shared.UInt.1" file="shared_pseudocode.xml" hover="function: integer UInt(bits(N) x)">UInt</a>(Zn);
integer d = <a link="impl-shared.UInt.1" file="shared_pseudocode.xml" hover="function: integer UInt(bits(N) x)">UInt</a>(Pd);
<a link="SVECmp" file="shared_pseudocode.xml" hover="enumeration SVECmp { Cmp_EQ, Cmp_NE, Cmp_GE, Cmp_GT, Cmp_LT, Cmp_LE, Cmp_UN }">SVECmp</a> op = <a link="Cmp_NE" file="shared_pseudocode.xml" hover="enumeration SVECmp { Cmp_EQ, Cmp_NE, Cmp_GE, Cmp_GT, Cmp_LT, Cmp_LE, Cmp_UN }">Cmp_NE</a>;
integer imm = <a link="impl-shared.SInt.1" file="shared_pseudocode.xml" hover="function: integer SInt(bits(N) x)">SInt</a>(imm5);
boolean unsigned = FALSE;</pstext>
        </ps>
      </ps_section>
    </iclass>
  </classes>
  <explanations scope="all">
    <explanation enclist="cmpls_p_p_zi_, cmpge_p_p_zi_, cmpeq_p_p_zi_, cmplo_p_p_zi_, cmphi_p_p_zi_, cmpgt_p_p_zi_, cmple_p_p_zi_, cmpne_p_p_zi_, cmplt_p_p_zi_, cmphs_p_p_zi_" symboldefcount="1">
      <symbol link="pd">&lt;Pd&gt;</symbol>
      <account encodedin="Pd">
        <intro>
          <para>Is the name of the destination scalable predicate register, encoded in the "Pd" field.</para>
        </intro>
      </account>
    </explanation>
    <explanation enclist="cmpls_p_p_zi_, cmpge_p_p_zi_, cmpeq_p_p_zi_, cmplo_p_p_zi_, cmphi_p_p_zi_, cmpgt_p_p_zi_, cmple_p_p_zi_, cmpne_p_p_zi_, cmplt_p_p_zi_, cmphs_p_p_zi_" symboldefcount="1">
      <symbol link="t">&lt;T&gt;</symbol>
      <definition encodedin="size">
        <intro>Is the size specifier, </intro>
        <table class="valuetable">
          <tgroup cols="2">
            <thead>
              <row>
                <entry class="bitfield">size</entry>
                <entry class="symbol">&lt;T&gt;</entry>
              </row>
            </thead>
            <tbody>
              <row>
                <entry class="bitfield">00</entry>
                <entry class="symbol">B</entry>
              </row>
              <row>
                <entry class="bitfield">01</entry>
                <entry class="symbol">H</entry>
              </row>
              <row>
                <entry class="bitfield">10</entry>
                <entry class="symbol">S</entry>
              </row>
              <row>
                <entry class="bitfield">11</entry>
                <entry class="symbol">D</entry>
              </row>
            </tbody>
          </tgroup>
        </table>
      </definition>
    </explanation>
    <explanation enclist="cmpls_p_p_zi_, cmpge_p_p_zi_, cmpeq_p_p_zi_, cmplo_p_p_zi_, cmphi_p_p_zi_, cmpgt_p_p_zi_, cmple_p_p_zi_, cmpne_p_p_zi_, cmplt_p_p_zi_, cmphs_p_p_zi_" symboldefcount="1">
      <symbol link="pg">&lt;Pg&gt;</symbol>
      <account encodedin="Pg">
        <intro>
          <para>Is the name of the governing scalable predicate register P0-P7, encoded in the "Pg" field.</para>
        </intro>
      </account>
    </explanation>
    <explanation enclist="cmpls_p_p_zi_, cmpge_p_p_zi_, cmpeq_p_p_zi_, cmplo_p_p_zi_, cmphi_p_p_zi_, cmpgt_p_p_zi_, cmple_p_p_zi_, cmpne_p_p_zi_, cmplt_p_p_zi_, cmphs_p_p_zi_" symboldefcount="1">
      <symbol link="zn">&lt;Zn&gt;</symbol>
      <account encodedin="Zn">
        <intro>
          <para>Is the name of the source scalable vector register, encoded in the "Zn" field.</para>
        </intro>
      </account>
    </explanation>
    <explanation enclist="cmpge_p_p_zi_, cmpeq_p_p_zi_, cmpgt_p_p_zi_, cmple_p_p_zi_, cmpne_p_p_zi_, cmplt_p_p_zi_" symboldefcount="1">
      <symbol link="imm_1">&lt;imm&gt;</symbol>
      <account encodedin="imm5">
        <intro>
          <para>For the equal, greater than, greater than or equal, less than, less than or equal and not equal variant: is the signed immediate operand, in the range -16 to 15, encoded in the "imm5" field.</para>
        </intro>
      </account>
    </explanation>
    <explanation enclist="cmpls_p_p_zi_, cmplo_p_p_zi_, cmphi_p_p_zi_, cmphs_p_p_zi_" symboldefcount="2">
      <symbol link="imm">&lt;imm&gt;</symbol>
      <account encodedin="imm7">
        <intro>
          <para>For the higher, higher or same, lower and lower or same variant: is the unsigned immediate operand, in the range 0 to 127, encoded in the "imm7" field.</para>
        </intro>
      </account>
    </explanation>
  </explanations>
  <ps_section howmany="1">
    <ps name="CMPEQ-P.P.ZI-_" mylink="commonps" enclabels="" sections="1" secttype="Operation">
      <pstext mayhavelinks="1" section="Execute" rep_section="execute"><a link="impl-aarch64.CheckSVEEnabled.0" file="shared_pseudocode.xml" hover="function: CheckSVEEnabled()">CheckSVEEnabled</a>();
integer elements = <a link="impl-aarch64.VL.read.none" file="shared_pseudocode.xml" hover="accessor: integer VL">VL</a> DIV esize;
bits(<a link="impl-aarch64.PL.read.none" file="shared_pseudocode.xml" hover="accessor: integer PL">PL</a>) mask = <a link="impl-aarch64.P.read.1" file="shared_pseudocode.xml" hover="accessor: bits(width) P[integer n]">P</a>[g];
bits(<a link="impl-aarch64.VL.read.none" file="shared_pseudocode.xml" hover="accessor: integer VL">VL</a>) operand1 = <a link="impl-aarch64.Z.read.1" file="shared_pseudocode.xml" hover="accessor: bits(width) Z[integer n]">Z</a>[n];
bits(<a link="impl-aarch64.PL.read.none" file="shared_pseudocode.xml" hover="accessor: integer PL">PL</a>) result;

for e = 0 to elements-1
    integer element1 = <a link="impl-shared.Int.2" file="shared_pseudocode.xml" hover="function: integer Int(bits(N) x, boolean unsigned)">Int</a>(<a link="impl-shared.Elem.read.3" file="shared_pseudocode.xml" hover="accessor: bits(size) Elem[bits(N) vector, integer e, integer size]">Elem</a>[operand1, e, esize], unsigned);
    if <a link="impl-aarch64.ElemP.read.3" file="shared_pseudocode.xml" hover="accessor: bit ElemP[bits(N) pred, integer e, integer esize]">ElemP</a>[mask, e, esize] == '1' then
        boolean cond;
        case op of
            when <a link="Cmp_EQ" file="shared_pseudocode.xml" hover="enumeration SVECmp { Cmp_EQ, Cmp_NE, Cmp_GE, Cmp_GT, Cmp_LT, Cmp_LE, Cmp_UN }">Cmp_EQ</a> cond = element1 == imm;
            when <a link="Cmp_NE" file="shared_pseudocode.xml" hover="enumeration SVECmp { Cmp_EQ, Cmp_NE, Cmp_GE, Cmp_GT, Cmp_LT, Cmp_LE, Cmp_UN }">Cmp_NE</a> cond = element1 != imm;
            when <a link="Cmp_GE" file="shared_pseudocode.xml" hover="enumeration SVECmp { Cmp_EQ, Cmp_NE, Cmp_GE, Cmp_GT, Cmp_LT, Cmp_LE, Cmp_UN }">Cmp_GE</a> cond = element1 &gt;= imm;
            when <a link="Cmp_LT" file="shared_pseudocode.xml" hover="enumeration SVECmp { Cmp_EQ, Cmp_NE, Cmp_GE, Cmp_GT, Cmp_LT, Cmp_LE, Cmp_UN }">Cmp_LT</a> cond = element1 &lt;  imm;
            when <a link="Cmp_GT" file="shared_pseudocode.xml" hover="enumeration SVECmp { Cmp_EQ, Cmp_NE, Cmp_GE, Cmp_GT, Cmp_LT, Cmp_LE, Cmp_UN }">Cmp_GT</a> cond = element1 &gt;  imm;
            when <a link="Cmp_LE" file="shared_pseudocode.xml" hover="enumeration SVECmp { Cmp_EQ, Cmp_NE, Cmp_GE, Cmp_GT, Cmp_LT, Cmp_LE, Cmp_UN }">Cmp_LE</a> cond = element1 &lt;= imm;
        <a link="impl-aarch64.ElemP.write.3" file="shared_pseudocode.xml" hover="accessor: ElemP[bits(N) &amp;pred, integer e, integer esize] = bit value">ElemP</a>[result, e, esize] = if cond then '1' else '0';
    else
        <a link="impl-aarch64.ElemP.write.3" file="shared_pseudocode.xml" hover="accessor: ElemP[bits(N) &amp;pred, integer e, integer esize] = bit value">ElemP</a>[result, e, esize] = '0';

PSTATE.&lt;N,Z,C,V&gt; = <a link="impl-aarch64.PredTest.3" file="shared_pseudocode.xml" hover="function: bits(4) PredTest(bits(N) mask, bits(N) result, integer esize)">PredTest</a>(mask, result, esize);
<a link="impl-aarch64.P.write.1" file="shared_pseudocode.xml" hover="accessor: P[integer n] = bits(width) value">P</a>[d] = result;</pstext>
    </ps>
  </ps_section>
</instructionsection>
