<?xml version="1.0" encoding="utf-8"?>
<?xml-stylesheet type="text/xsl" encoding="UTF-8" href="iform.xsl" version="1.0"?>
<!DOCTYPE instructionsection PUBLIC "-//ARM//DTD instructionsection //EN" "iform-p.dtd">
<!-- Copyright (c) 2010-2020 Arm Limited or its affiliates. All rights reserved. -->
<!-- This document is Non-Confidential. This document may only be used and distributed in accordance with the terms of the agreement entered into by Arm and the party that Arm delivered this document to. -->

<instructionsection id="CSINC" title="CSINC -- A64" type="instruction">
  <docvars>
    <docvar key="instr-class" value="general" />
    <docvar key="isa" value="A64" />
    <docvar key="mnemonic" value="CSINC" />
  </docvars>
  <heading>CSINC</heading>
  <desc>
    <brief>
      <para>Conditional Select Increment</para>
    </brief>
    <authored>
      <para>Conditional Select Increment returns, in the destination register, the value of the first source register if the condition is TRUE, and otherwise returns the value of the second source register incremented by 1.</para>
    </authored>
  </desc>
  <operationalnotes>
    <para>If PSTATE.DIT is 1:</para>
    <list type="unordered">
      <listitem><content>The execution time of this instruction is independent of:<list type="unordered"><listitem><content>The values of the data supplied in any of its registers.</content></listitem><listitem><content>The values of the NZCV flags.</content></listitem></list></content></listitem>
      <listitem><content>The response of this instruction to asynchronous exceptions does not vary based on:<list type="unordered"><listitem><content>The values of the data supplied in any of its registers.</content></listitem><listitem><content>The values of the NZCV flags.</content></listitem></list></content></listitem>
    </list>
  </operationalnotes>
  <alias_list howmany="2">
    <alias_list_intro>This instruction is used by the aliases </alias_list_intro>
    <aliasref aliaspageid="CINC_CSINC" aliasfile="cinc_csinc.xml" hover="Conditional increment" punct=" and ">
      <text>CINC</text>
      <aliaspref>Rm != '11111' &amp;&amp; cond != '111x' &amp;&amp; Rn != '11111' &amp;&amp; Rn == Rm</aliaspref>
    </aliasref>
    <aliasref aliaspageid="CSET_CSINC" aliasfile="cset_csinc.xml" hover="Conditional set" punct=".">
      <text>CSET</text>
      <aliaspref>Rm == '11111' &amp;&amp; cond != '111x' &amp;&amp; Rn == '11111'</aliaspref>
    </aliasref>
    <alias_list_outro>
      <text>  See </text>
      <aliastablelink />
      <text> below for details of when each alias is preferred.</text>
    </alias_list_outro>
  </alias_list>
  <classes>
    <iclass name="Integer" oneof="1" id="general" no_encodings="2" isa="A64">
      <docvars>
        <docvar key="instr-class" value="general" />
        <docvar key="isa" value="A64" />
        <docvar key="mnemonic" value="CSINC" />
      </docvars>
      <iclassintro count="2"></iclassintro>
      <regdiagram form="32" psname="aarch64/instrs/integer/conditional/select" tworows="1">
        <box hibit="31" name="sf" usename="1">
          <c></c>
        </box>
        <box hibit="30" name="op" usename="1" settings="1" psbits="x">
          <c>0</c>
        </box>
        <box hibit="29" name="S" settings="1">
          <c>0</c>
        </box>
        <box hibit="28" width="8" settings="8">
          <c>1</c>
          <c>1</c>
          <c>0</c>
          <c>1</c>
          <c>0</c>
          <c>1</c>
          <c>0</c>
          <c>0</c>
        </box>
        <box hibit="20" width="5" name="Rm" usename="1">
          <c colspan="5"></c>
        </box>
        <box hibit="15" width="4" name="cond" usename="1">
          <c colspan="4"></c>
        </box>
        <box hibit="11" settings="1">
          <c>0</c>
        </box>
        <box hibit="10" name="o2" usename="1" settings="1" psbits="x">
          <c>1</c>
        </box>
        <box hibit="9" width="5" name="Rn" usename="1">
          <c colspan="5"></c>
        </box>
        <box hibit="4" width="5" name="Rd" usename="1">
          <c colspan="5"></c>
        </box>
      </regdiagram>
      <encoding name="CSINC_32_condsel" oneofinclass="2" oneof="2" label="32-bit" bitdiffs="sf == 0">
        <docvars>
          <docvar key="datatype" value="32" />
          <docvar key="instr-class" value="general" />
          <docvar key="isa" value="A64" />
          <docvar key="mnemonic" value="CSINC" />
        </docvars>
        <box hibit="31" width="1" name="sf">
          <c>0</c>
        </box>
        <asmtemplate><text>CSINC  </text><a link="wd" hover="32-bit general-purpose destination register (field &quot;Rd&quot;)">&lt;Wd&gt;</a><text>, </text><a link="wn" hover="First 32-bit general-purpose source register (field &quot;Rn&quot;)">&lt;Wn&gt;</a><text>, </text><a link="wm" hover="Second 32-bit general-purpose source register (field &quot;Rm&quot;)">&lt;Wm&gt;</a><text>, </text><a link="cond" hover="Standard condition (field &quot;cond&quot;)">&lt;cond&gt;</a></asmtemplate>
      </encoding>
      <encoding name="CSINC_64_condsel" oneofinclass="2" oneof="2" label="64-bit" bitdiffs="sf == 1">
        <docvars>
          <docvar key="datatype" value="64" />
          <docvar key="instr-class" value="general" />
          <docvar key="isa" value="A64" />
          <docvar key="mnemonic" value="CSINC" />
        </docvars>
        <box hibit="31" width="1" name="sf">
          <c>1</c>
        </box>
        <asmtemplate><text>CSINC  </text><a link="xd" hover="64-bit general-purpose destination register (field &quot;Rd&quot;)">&lt;Xd&gt;</a><text>, </text><a link="xn" hover="First 64-bit general-purpose source register (field &quot;Rn&quot;)">&lt;Xn&gt;</a><text>, </text><a link="xm" hover="Second 64-bit general-purpose source register (field &quot;Rm&quot;)">&lt;Xm&gt;</a><text>, </text><a link="cond" hover="Standard condition (field &quot;cond&quot;)">&lt;cond&gt;</a></asmtemplate>
      </encoding>
      <ps_section howmany="1">
        <ps name="aarch64/instrs/integer/conditional/select" mylink="aarch64.instrs.integer.conditional.select" enclabels="" sections="1" secttype="noheading">
          <pstext mayhavelinks="1" section="Decode" rep_section="decode">integer d = <a link="impl-shared.UInt.1" file="shared_pseudocode.xml" hover="function: integer UInt(bits(N) x)">UInt</a>(Rd);
integer n = <a link="impl-shared.UInt.1" file="shared_pseudocode.xml" hover="function: integer UInt(bits(N) x)">UInt</a>(Rn);
integer m = <a link="impl-shared.UInt.1" file="shared_pseudocode.xml" hover="function: integer UInt(bits(N) x)">UInt</a>(Rm);
integer datasize = if sf == '1' then 64 else 32;
bits(4) condition = cond;
boolean else_inv = (op == '1');
boolean else_inc = (o2 == '1');</pstext>
        </ps>
      </ps_section>
    </iclass>
  </classes>
  <explanations scope="all">
    <explanation enclist="CSINC_32_condsel" symboldefcount="1">
      <symbol link="wd">&lt;Wd&gt;</symbol>
      <account encodedin="Rd">
        <intro>
          <para>Is the 32-bit name of the general-purpose destination register, encoded in the "Rd" field.</para>
        </intro>
      </account>
    </explanation>
    <explanation enclist="CSINC_32_condsel" symboldefcount="1">
      <symbol link="wn">&lt;Wn&gt;</symbol>
      <account encodedin="Rn">
        <intro>
          <para>Is the 32-bit name of the first general-purpose source register, encoded in the "Rn" field.</para>
        </intro>
      </account>
    </explanation>
    <explanation enclist="CSINC_32_condsel" symboldefcount="1">
      <symbol link="wm">&lt;Wm&gt;</symbol>
      <account encodedin="Rm">
        <intro>
          <para>Is the 32-bit name of the second general-purpose source register, encoded in the "Rm" field.</para>
        </intro>
      </account>
    </explanation>
    <explanation enclist="CSINC_64_condsel" symboldefcount="1">
      <symbol link="xd">&lt;Xd&gt;</symbol>
      <account encodedin="Rd">
        <intro>
          <para>Is the 64-bit name of the general-purpose destination register, encoded in the "Rd" field.</para>
        </intro>
      </account>
    </explanation>
    <explanation enclist="CSINC_64_condsel" symboldefcount="1">
      <symbol link="xn">&lt;Xn&gt;</symbol>
      <account encodedin="Rn">
        <intro>
          <para>Is the 64-bit name of the first general-purpose source register, encoded in the "Rn" field.</para>
        </intro>
      </account>
    </explanation>
    <explanation enclist="CSINC_64_condsel" symboldefcount="1">
      <symbol link="xm">&lt;Xm&gt;</symbol>
      <account encodedin="Rm">
        <intro>
          <para>Is the 64-bit name of the second general-purpose source register, encoded in the "Rm" field.</para>
        </intro>
      </account>
    </explanation>
    <explanation enclist="CSINC_32_condsel, CSINC_64_condsel" symboldefcount="1">
      <symbol link="cond">&lt;cond&gt;</symbol>
      <account encodedin="cond">
        <intro>
          <para>Is one of the standard conditions, encoded in the "cond" field in the standard way.</para>
        </intro>
      </account>
    </explanation>
  </explanations>
  <aliastablehook anchor="aliasconditions">Alias Conditions</aliastablehook>
  <ps_section howmany="1">
    <ps name="aarch64/instrs/integer/conditional/select" mylink="commonps" enclabels="" sections="1" secttype="Operation">
      <pstext mayhavelinks="1" section="Execute" rep_section="execute">bits(datasize) result;
bits(datasize) operand1 = <a link="impl-aarch64.X.read.1" file="shared_pseudocode.xml" hover="accessor: bits(width) X[integer n]">X</a>[n];
bits(datasize) operand2 = <a link="impl-aarch64.X.read.1" file="shared_pseudocode.xml" hover="accessor: bits(width) X[integer n]">X</a>[m];

if <a link="impl-shared.ConditionHolds.1" file="shared_pseudocode.xml" hover="function: boolean ConditionHolds(bits(4) cond)">ConditionHolds</a>(condition) then
    result = operand1;
else
    result = operand2;
    if else_inv then result = NOT(result);
    if else_inc then result = result + 1;

<a link="impl-aarch64.X.write.1" file="shared_pseudocode.xml" hover="accessor: X[integer n] = bits(width) value">X</a>[d] = result;</pstext>
    </ps>
  </ps_section>
</instructionsection>
