<?xml version="1.0" encoding="utf-8"?>
<?xml-stylesheet type="text/xsl" encoding="UTF-8" href="iform.xsl" version="1.0"?>
<!DOCTYPE instructionsection PUBLIC "-//ARM//DTD instructionsection //EN" "iform-p.dtd">
<!-- Copyright (c) 2010-2020 Arm Limited or its affiliates. All rights reserved. -->
<!-- This document is Non-Confidential. This document may only be used and distributed in accordance with the terms of the agreement entered into by Arm and the party that Arm delivered this document to. -->

<instructionsection id="DUP_advsimd_gen" title="DUP (general) -- A64" type="instruction">
  <docvars>
    <docvar key="instr-class" value="advsimd" />
    <docvar key="isa" value="A64" />
    <docvar key="mnemonic" value="DUP" />
    <docvar key="vector-xfer-type" value="vector-from-general" />
  </docvars>
  <heading>DUP (general)</heading>
  <desc>
    <brief>
      <para>Duplicate general-purpose register to vector</para>
    </brief>
    <authored>
      <para>Duplicate general-purpose register to vector. This instruction duplicates the contents of the source general-purpose register into a scalar or each element in a vector, and writes the result to the SIMD&amp;FP destination register.</para>
      <para>Depending on the settings in the <xref linkend="AArch64.cpacr_el1">CPACR_EL1</xref>, <xref linkend="AArch64.cptr_el2">CPTR_EL2</xref>, and <xref linkend="AArch64.cptr_el3">CPTR_EL3</xref> registers, and the current Security state and Exception level, an attempt to execute the instruction might be trapped.</para>
    </authored>
  </desc>
  <operationalnotes>
    <para>If PSTATE.DIT is 1:</para>
    <list type="unordered">
      <listitem><content>The execution time of this instruction is independent of:<list type="unordered"><listitem><content>The values of the data supplied in any of its registers.</content></listitem><listitem><content>The values of the NZCV flags.</content></listitem></list></content></listitem>
      <listitem><content>The response of this instruction to asynchronous exceptions does not vary based on:<list type="unordered"><listitem><content>The values of the data supplied in any of its registers.</content></listitem><listitem><content>The values of the NZCV flags.</content></listitem></list></content></listitem>
    </list>
  </operationalnotes>
  <alias_list howmany="0"></alias_list>
  <classes>
    <iclass name="Advanced SIMD" oneof="1" id="DUP_asimdins_DR_r" no_encodings="1" isa="A64">
      <docvars>
        <docvar key="instr-class" value="advsimd" />
        <docvar key="isa" value="A64" />
        <docvar key="mnemonic" value="DUP" />
        <docvar key="vector-xfer-type" value="vector-from-general" />
      </docvars>
      <iclassintro count="1"></iclassintro>
      <regdiagram form="32" psname="aarch64/instrs/vector/transfer/integer/dup">
        <box hibit="31" settings="1">
          <c>0</c>
        </box>
        <box hibit="30" name="Q" usename="1">
          <c></c>
        </box>
        <box hibit="29" name="op" settings="1">
          <c>0</c>
        </box>
        <box hibit="28" width="8" settings="8">
          <c>0</c>
          <c>1</c>
          <c>1</c>
          <c>1</c>
          <c>0</c>
          <c>0</c>
          <c>0</c>
          <c>0</c>
        </box>
        <box hibit="20" width="5" name="imm5" usename="1">
          <c colspan="5"></c>
        </box>
        <box hibit="15" settings="1">
          <c>0</c>
        </box>
        <box hibit="14" width="4" name="imm4" settings="4">
          <c>0</c>
          <c>0</c>
          <c>0</c>
          <c>1</c>
        </box>
        <box hibit="10" settings="1">
          <c>1</c>
        </box>
        <box hibit="9" width="5" name="Rn" usename="1">
          <c colspan="5"></c>
        </box>
        <box hibit="4" width="5" name="Rd" usename="1">
          <c colspan="5"></c>
        </box>
      </regdiagram>
      <encoding name="DUP_asimdins_DR_r" oneofinclass="1" oneof="1" label="Advanced SIMD">
        <docvars>
          <docvar key="instr-class" value="advsimd" />
          <docvar key="isa" value="A64" />
          <docvar key="mnemonic" value="DUP" />
          <docvar key="vector-xfer-type" value="vector-from-general" />
        </docvars>
        <asmtemplate><text>DUP  </text><a link="vd" hover="SIMD&amp;FP destination register (field &quot;Rd&quot;)">&lt;Vd&gt;</a><text>.</text><a link="t" hover="Arrangement specifier (field &quot;imm5:Q&quot;) [2D,2S,4H,4S,8B,8H,16B]">&lt;T&gt;</a><text>, </text><a link="r" hover="Width specifier for general-purpose source register (field &quot;imm5&quot;) [W,X]">&lt;R&gt;</a><a link="n" hover="General-purpose source register number [0-30] or ZR (31) (field &quot;Rn&quot;)">&lt;n&gt;</a></asmtemplate>
      </encoding>
      <ps_section howmany="1">
        <ps name="aarch64/instrs/vector/transfer/integer/dup" mylink="aarch64.instrs.vector.transfer.integer.dup" enclabels="" sections="1" secttype="noheading">
          <pstext mayhavelinks="1" section="Decode" rep_section="decode">integer d = <a link="impl-shared.UInt.1" file="shared_pseudocode.xml" hover="function: integer UInt(bits(N) x)">UInt</a>(Rd);
integer n = <a link="impl-shared.UInt.1" file="shared_pseudocode.xml" hover="function: integer UInt(bits(N) x)">UInt</a>(Rn);

integer size = <a link="impl-shared.LowestSetBit.1" file="shared_pseudocode.xml" hover="function: integer LowestSetBit(bits(N) x)">LowestSetBit</a>(imm5);
if size &gt; 3 then UNDEFINED;

// imm5&lt;4:size+1&gt; is IGNORED

if size == 3 &amp;&amp; Q == '0' then UNDEFINED;
integer esize = 8 &lt;&lt; size;
integer datasize = if Q == '1' then 128 else 64;
integer elements = datasize DIV esize;</pstext>
        </ps>
      </ps_section>
    </iclass>
  </classes>
  <explanations scope="all">
    <explanation enclist="DUP_asimdins_DR_r" symboldefcount="1">
      <symbol link="vd">&lt;Vd&gt;</symbol>
      <account encodedin="Rd">
        <intro>
          <para>Is the name of the SIMD&amp;FP destination register, encoded in the "Rd" field.</para>
        </intro>
      </account>
    </explanation>
    <explanation enclist="DUP_asimdins_DR_r" symboldefcount="1">
      <symbol link="t">&lt;T&gt;</symbol>
      <definition encodedin="imm5:Q">
        <intro>Is an arrangement specifier, </intro>
        <table class="valuetable">
          <tgroup cols="3">
            <thead>
              <row>
                <entry class="bitfield">imm5</entry>
                <entry class="bitfield">Q</entry>
                <entry class="symbol">&lt;T&gt;</entry>
              </row>
            </thead>
            <tbody>
              <row>
                <entry class="bitfield">x0000</entry>
                <entry class="bitfield">x</entry>
                <entry class="symbol">RESERVED</entry>
              </row>
              <row>
                <entry class="bitfield">xxxx1</entry>
                <entry class="bitfield">0</entry>
                <entry class="symbol">8B</entry>
              </row>
              <row>
                <entry class="bitfield">xxxx1</entry>
                <entry class="bitfield">1</entry>
                <entry class="symbol">16B</entry>
              </row>
              <row>
                <entry class="bitfield">xxx10</entry>
                <entry class="bitfield">0</entry>
                <entry class="symbol">4H</entry>
              </row>
              <row>
                <entry class="bitfield">xxx10</entry>
                <entry class="bitfield">1</entry>
                <entry class="symbol">8H</entry>
              </row>
              <row>
                <entry class="bitfield">xx100</entry>
                <entry class="bitfield">0</entry>
                <entry class="symbol">2S</entry>
              </row>
              <row>
                <entry class="bitfield">xx100</entry>
                <entry class="bitfield">1</entry>
                <entry class="symbol">4S</entry>
              </row>
              <row>
                <entry class="bitfield">x1000</entry>
                <entry class="bitfield">0</entry>
                <entry class="symbol">RESERVED</entry>
              </row>
              <row>
                <entry class="bitfield">x1000</entry>
                <entry class="bitfield">1</entry>
                <entry class="symbol">2D</entry>
              </row>
            </tbody>
          </tgroup>
        </table>
      </definition>
    </explanation>
    <explanation enclist="DUP_asimdins_DR_r" symboldefcount="1">
      <symbol link="r">&lt;R&gt;</symbol>
      <definition encodedin="imm5">
        <intro>Is the width specifier for the general-purpose source register, </intro>
        <table class="valuetable">
          <tgroup cols="2">
            <thead>
              <row>
                <entry class="bitfield">imm5</entry>
                <entry class="symbol">&lt;R&gt;</entry>
              </row>
            </thead>
            <tbody>
              <row>
                <entry class="bitfield">x0000</entry>
                <entry class="symbol">RESERVED</entry>
              </row>
              <row>
                <entry class="bitfield">xxxx1</entry>
                <entry class="symbol">W</entry>
              </row>
              <row>
                <entry class="bitfield">xxx10</entry>
                <entry class="symbol">W</entry>
              </row>
              <row>
                <entry class="bitfield">xx100</entry>
                <entry class="symbol">W</entry>
              </row>
              <row>
                <entry class="bitfield">x1000</entry>
                <entry class="symbol">X</entry>
              </row>
            </tbody>
          </tgroup>
        </table>
        <after> Unspecified bits in "imm5" are ignored but should be set to zero by an assembler.</after>
      </definition>
    </explanation>
    <explanation enclist="DUP_asimdins_DR_r" symboldefcount="1">
      <symbol link="n">&lt;n&gt;</symbol>
      <account encodedin="Rn">
        <intro>
          <para>Is the number [0-30] of the general-purpose source register or ZR (31), encoded in the "Rn" field.</para>
        </intro>
      </account>
    </explanation>
  </explanations>
  <ps_section howmany="1">
    <ps name="aarch64/instrs/vector/transfer/integer/dup" mylink="commonps" enclabels="" sections="1" secttype="Operation">
      <pstext mayhavelinks="1" section="Execute" rep_section="execute"><a link="impl-aarch64.CheckFPAdvSIMDEnabled64.0" file="shared_pseudocode.xml" hover="function: CheckFPAdvSIMDEnabled64()">CheckFPAdvSIMDEnabled64</a>();
bits(esize) element = <a link="impl-aarch64.X.read.1" file="shared_pseudocode.xml" hover="accessor: bits(width) X[integer n]">X</a>[n];
bits(datasize) result;

for e = 0 to elements-1
    <a link="impl-shared.Elem.write.3" file="shared_pseudocode.xml" hover="accessor: Elem[bits(N) &amp;vector, integer e, integer size] = bits(size) value">Elem</a>[result, e, esize] = element;
<a link="impl-aarch64.V.write.1" file="shared_pseudocode.xml" hover="accessor: V[integer n] = bits(width) value">V</a>[d] = result;</pstext>
    </ps>
  </ps_section>
</instructionsection>
