<?xml version="1.0" encoding="utf-8"?>
<?xml-stylesheet type="text/xsl" encoding="UTF-8" href="iform.xsl" version="1.0"?>
<!DOCTYPE instructionsection PUBLIC "-//ARM//DTD instructionsection //EN" "iform-p.dtd">
<!-- Copyright (c) 2010-2020 Arm Limited or its affiliates. All rights reserved. -->
<!-- This document is Non-Confidential. This document may only be used and distributed in accordance with the terms of the agreement entered into by Arm and the party that Arm delivered this document to. -->

<instructionsection id="DUP_advsimd_elt" title="DUP (element) -- A64" type="instruction">
  <docvars>
    <docvar key="instr-class" value="advsimd" />
    <docvar key="isa" value="A64" />
    <docvar key="mnemonic" value="DUP" />
  </docvars>
  <heading>DUP (element)</heading>
  <desc>
    <brief>
      <para>Duplicate vector element to vector or scalar</para>
    </brief>
    <authored>
      <para>Duplicate vector element to vector or scalar. This instruction duplicates the vector element at the specified element index in the source SIMD&amp;FP register into a scalar or each element in a vector, and writes the result to the destination SIMD&amp;FP register.</para>
      <para>Depending on the settings in the <xref linkend="AArch64.cpacr_el1">CPACR_EL1</xref>, <xref linkend="AArch64.cptr_el2">CPTR_EL2</xref>, and <xref linkend="AArch64.cptr_el3">CPTR_EL3</xref> registers, and the current Security state and Exception level, an attempt to execute the instruction might be trapped.</para>
    </authored>
  </desc>
  <operationalnotes>
    <para>If PSTATE.DIT is 1:</para>
    <list type="unordered">
      <listitem><content>The execution time of this instruction is independent of:<list type="unordered"><listitem><content>The values of the data supplied in any of its registers.</content></listitem><listitem><content>The values of the NZCV flags.</content></listitem></list></content></listitem>
      <listitem><content>The response of this instruction to asynchronous exceptions does not vary based on:<list type="unordered"><listitem><content>The values of the data supplied in any of its registers.</content></listitem><listitem><content>The values of the NZCV flags.</content></listitem></list></content></listitem>
    </list>
  </operationalnotes>
  <alias_list howmany="1">
    <alias_list_intro>This instruction is used by the alias </alias_list_intro>
    <aliasref aliaspageid="MOV_DUP_advsimd_elt" aliasfile="mov_dup_advsimd_elt.xml" hover="Move vector element to scalar" punct=".">
      <text>MOV (scalar)</text>
      <aliaspref>Unconditionally</aliaspref>
    </aliasref>
    <alias_list_outro> The alias is always the preferred disassembly.</alias_list_outro>
  </alias_list>
  <classes>
    <classesintro count="2">
      <txt>It has encodings from 2 classes:</txt>
      <a href="#DUP_asisdone_only">Scalar</a>
      <txt> and </txt>
      <a href="#DUP_asimdins_DV_v">Vector</a>
    </classesintro>
    <iclass name="Scalar" oneof="2" id="DUP_asisdone_only" no_encodings="1" isa="A64">
      <docvars>
        <docvar key="instr-class" value="advsimd" />
        <docvar key="isa" value="A64" />
        <docvar key="mnemonic" value="DUP" />
        <docvar key="vector-xfer-type" value="scalar-from-element" />
      </docvars>
      <iclassintro count="1"></iclassintro>
      <regdiagram form="32" psname="aarch64/instrs/vector/transfer/vector/cpy-dup/sisd">
        <box hibit="31" width="2" settings="2">
          <c>0</c>
          <c>1</c>
        </box>
        <box hibit="29" name="op" settings="1">
          <c>0</c>
        </box>
        <box hibit="28" width="8" settings="8">
          <c>1</c>
          <c>1</c>
          <c>1</c>
          <c>1</c>
          <c>0</c>
          <c>0</c>
          <c>0</c>
          <c>0</c>
        </box>
        <box hibit="20" width="5" name="imm5" usename="1">
          <c colspan="5"></c>
        </box>
        <box hibit="15" settings="1">
          <c>0</c>
        </box>
        <box hibit="14" width="4" name="imm4" settings="4">
          <c>0</c>
          <c>0</c>
          <c>0</c>
          <c>0</c>
        </box>
        <box hibit="10" settings="1">
          <c>1</c>
        </box>
        <box hibit="9" width="5" name="Rn" usename="1">
          <c colspan="5"></c>
        </box>
        <box hibit="4" width="5" name="Rd" usename="1">
          <c colspan="5"></c>
        </box>
      </regdiagram>
      <encoding name="DUP_asisdone_only" oneofinclass="1" oneof="2" label="Scalar">
        <docvars>
          <docvar key="instr-class" value="advsimd" />
          <docvar key="isa" value="A64" />
          <docvar key="mnemonic" value="DUP" />
          <docvar key="vector-xfer-type" value="scalar-from-element" />
        </docvars>
        <asmtemplate><text>DUP  </text><a link="v" hover="Destination width specifier (field &quot;imm5&quot;) [B,D,H,S]">&lt;V&gt;</a><a link="d" hover="SIMD&amp;FP destination register number (field &quot;Rd&quot;)">&lt;d&gt;</a><text>, </text><a link="vn" hover="SIMD&amp;FP source register (field &quot;Rn&quot;)">&lt;Vn&gt;</a><text>.</text><a link="t_1" hover="Element width specifier (field &quot;imm5&quot;) [B,D,H,S]">&lt;T&gt;</a><text>[</text><a link="index" hover="Element index (field &quot;imm5&quot;)">&lt;index&gt;</a><text>]</text></asmtemplate>
      </encoding>
      <ps_section howmany="1">
        <ps name="aarch64/instrs/vector/transfer/vector/cpy-dup/sisd" mylink="aarch64.instrs.vector.transfer.vector.cpy-dup.sisd" enclabels="" sections="1" secttype="noheading">
          <pstext mayhavelinks="1" section="Decode" rep_section="decode">integer d = <a link="impl-shared.UInt.1" file="shared_pseudocode.xml" hover="function: integer UInt(bits(N) x)">UInt</a>(Rd);
integer n = <a link="impl-shared.UInt.1" file="shared_pseudocode.xml" hover="function: integer UInt(bits(N) x)">UInt</a>(Rn);

integer size = <a link="impl-shared.LowestSetBit.1" file="shared_pseudocode.xml" hover="function: integer LowestSetBit(bits(N) x)">LowestSetBit</a>(imm5);
if size &gt; 3 then UNDEFINED;

integer index = <a link="impl-shared.UInt.1" file="shared_pseudocode.xml" hover="function: integer UInt(bits(N) x)">UInt</a>(imm5&lt;4:size+1&gt;);
integer idxdsize = if imm5&lt;4&gt; == '1' then 128 else 64; 

integer esize = 8 &lt;&lt; size;
integer datasize = esize;
integer elements = 1;</pstext>
        </ps>
      </ps_section>
    </iclass>
    <iclass name="Vector" oneof="2" id="DUP_asimdins_DV_v" no_encodings="1" isa="A64">
      <docvars>
        <docvar key="instr-class" value="advsimd" />
        <docvar key="isa" value="A64" />
        <docvar key="mnemonic" value="DUP" />
        <docvar key="vector-xfer-type" value="vector-from-element" />
      </docvars>
      <iclassintro count="1"></iclassintro>
      <regdiagram form="32" psname="aarch64/instrs/vector/transfer/vector/cpy-dup/simd">
        <box hibit="31" settings="1">
          <c>0</c>
        </box>
        <box hibit="30" name="Q" usename="1">
          <c></c>
        </box>
        <box hibit="29" name="op" settings="1">
          <c>0</c>
        </box>
        <box hibit="28" width="8" settings="8">
          <c>0</c>
          <c>1</c>
          <c>1</c>
          <c>1</c>
          <c>0</c>
          <c>0</c>
          <c>0</c>
          <c>0</c>
        </box>
        <box hibit="20" width="5" name="imm5" usename="1">
          <c colspan="5"></c>
        </box>
        <box hibit="15" settings="1">
          <c>0</c>
        </box>
        <box hibit="14" width="4" name="imm4" settings="4">
          <c>0</c>
          <c>0</c>
          <c>0</c>
          <c>0</c>
        </box>
        <box hibit="10" settings="1">
          <c>1</c>
        </box>
        <box hibit="9" width="5" name="Rn" usename="1">
          <c colspan="5"></c>
        </box>
        <box hibit="4" width="5" name="Rd" usename="1">
          <c colspan="5"></c>
        </box>
      </regdiagram>
      <encoding name="DUP_asimdins_DV_v" oneofinclass="1" oneof="2" label="Vector">
        <docvars>
          <docvar key="instr-class" value="advsimd" />
          <docvar key="isa" value="A64" />
          <docvar key="mnemonic" value="DUP" />
          <docvar key="vector-xfer-type" value="vector-from-element" />
        </docvars>
        <asmtemplate><text>DUP  </text><a link="vd" hover="SIMD&amp;FP destination register (field &quot;Rd&quot;)">&lt;Vd&gt;</a><text>.</text><a link="t" hover="Arrangement specifier (field &quot;imm5:Q&quot;) [2D,2S,4H,4S,8B,8H,16B]">&lt;T&gt;</a><text>, </text><a link="vn" hover="SIMD&amp;FP source register (field &quot;Rn&quot;)">&lt;Vn&gt;</a><text>.</text><a link="ts" hover="Element size specifier (field &quot;imm5&quot;) [B,D,H,S]">&lt;Ts&gt;</a><text>[</text><a link="index" hover="Element index (field &quot;imm5&quot;)">&lt;index&gt;</a><text>]</text></asmtemplate>
      </encoding>
      <ps_section howmany="1">
        <ps name="aarch64/instrs/vector/transfer/vector/cpy-dup/simd" mylink="aarch64.instrs.vector.transfer.vector.cpy-dup.simd" enclabels="" sections="1" secttype="noheading">
          <pstext mayhavelinks="1" section="Decode" rep_section="decode">integer d = <a link="impl-shared.UInt.1" file="shared_pseudocode.xml" hover="function: integer UInt(bits(N) x)">UInt</a>(Rd);
integer n = <a link="impl-shared.UInt.1" file="shared_pseudocode.xml" hover="function: integer UInt(bits(N) x)">UInt</a>(Rn);

integer size = <a link="impl-shared.LowestSetBit.1" file="shared_pseudocode.xml" hover="function: integer LowestSetBit(bits(N) x)">LowestSetBit</a>(imm5);
if size &gt; 3 then UNDEFINED;

integer index = <a link="impl-shared.UInt.1" file="shared_pseudocode.xml" hover="function: integer UInt(bits(N) x)">UInt</a>(imm5&lt;4:size+1&gt;);
integer idxdsize = if imm5&lt;4&gt; == '1' then 128 else 64; 

if size == 3 &amp;&amp; Q == '0' then UNDEFINED;
integer esize = 8 &lt;&lt; size;
integer datasize = if Q == '1' then 128 else 64;
integer elements = datasize DIV esize;</pstext>
        </ps>
      </ps_section>
    </iclass>
  </classes>
  <explanations scope="all">
    <explanation enclist="DUP_asisdone_only" symboldefcount="1">
      <symbol link="t_1">&lt;T&gt;</symbol>
      <definition encodedin="imm5">
        <intro>For the scalar variant: is the element width specifier, </intro>
        <table class="valuetable">
          <tgroup cols="2">
            <thead>
              <row>
                <entry class="bitfield">imm5</entry>
                <entry class="symbol">&lt;T&gt;</entry>
              </row>
            </thead>
            <tbody>
              <row>
                <entry class="bitfield">x0000</entry>
                <entry class="symbol">RESERVED</entry>
              </row>
              <row>
                <entry class="bitfield">xxxx1</entry>
                <entry class="symbol">B</entry>
              </row>
              <row>
                <entry class="bitfield">xxx10</entry>
                <entry class="symbol">H</entry>
              </row>
              <row>
                <entry class="bitfield">xx100</entry>
                <entry class="symbol">S</entry>
              </row>
              <row>
                <entry class="bitfield">x1000</entry>
                <entry class="symbol">D</entry>
              </row>
            </tbody>
          </tgroup>
        </table>
      </definition>
    </explanation>
    <explanation enclist="DUP_asimdins_DV_v" symboldefcount="2">
      <symbol link="t">&lt;T&gt;</symbol>
      <definition encodedin="imm5:Q">
        <intro>For the vector variant: is an arrangement specifier, </intro>
        <table class="valuetable">
          <tgroup cols="3">
            <thead>
              <row>
                <entry class="bitfield">imm5</entry>
                <entry class="bitfield">Q</entry>
                <entry class="symbol">&lt;T&gt;</entry>
              </row>
            </thead>
            <tbody>
              <row>
                <entry class="bitfield">x0000</entry>
                <entry class="bitfield">x</entry>
                <entry class="symbol">RESERVED</entry>
              </row>
              <row>
                <entry class="bitfield">xxxx1</entry>
                <entry class="bitfield">0</entry>
                <entry class="symbol">8B</entry>
              </row>
              <row>
                <entry class="bitfield">xxxx1</entry>
                <entry class="bitfield">1</entry>
                <entry class="symbol">16B</entry>
              </row>
              <row>
                <entry class="bitfield">xxx10</entry>
                <entry class="bitfield">0</entry>
                <entry class="symbol">4H</entry>
              </row>
              <row>
                <entry class="bitfield">xxx10</entry>
                <entry class="bitfield">1</entry>
                <entry class="symbol">8H</entry>
              </row>
              <row>
                <entry class="bitfield">xx100</entry>
                <entry class="bitfield">0</entry>
                <entry class="symbol">2S</entry>
              </row>
              <row>
                <entry class="bitfield">xx100</entry>
                <entry class="bitfield">1</entry>
                <entry class="symbol">4S</entry>
              </row>
              <row>
                <entry class="bitfield">x1000</entry>
                <entry class="bitfield">0</entry>
                <entry class="symbol">RESERVED</entry>
              </row>
              <row>
                <entry class="bitfield">x1000</entry>
                <entry class="bitfield">1</entry>
                <entry class="symbol">2D</entry>
              </row>
            </tbody>
          </tgroup>
        </table>
      </definition>
    </explanation>
    <explanation enclist="DUP_asimdins_DV_v" symboldefcount="1">
      <symbol link="ts">&lt;Ts&gt;</symbol>
      <definition encodedin="imm5">
        <intro>Is an element size specifier, </intro>
        <table class="valuetable">
          <tgroup cols="2">
            <thead>
              <row>
                <entry class="bitfield">imm5</entry>
                <entry class="symbol">&lt;Ts&gt;</entry>
              </row>
            </thead>
            <tbody>
              <row>
                <entry class="bitfield">x0000</entry>
                <entry class="symbol">RESERVED</entry>
              </row>
              <row>
                <entry class="bitfield">xxxx1</entry>
                <entry class="symbol">B</entry>
              </row>
              <row>
                <entry class="bitfield">xxx10</entry>
                <entry class="symbol">H</entry>
              </row>
              <row>
                <entry class="bitfield">xx100</entry>
                <entry class="symbol">S</entry>
              </row>
              <row>
                <entry class="bitfield">x1000</entry>
                <entry class="symbol">D</entry>
              </row>
            </tbody>
          </tgroup>
        </table>
      </definition>
    </explanation>
    <explanation enclist="DUP_asisdone_only" symboldefcount="1">
      <symbol link="v">&lt;V&gt;</symbol>
      <definition encodedin="imm5">
        <intro>Is the destination width specifier, </intro>
        <table class="valuetable">
          <tgroup cols="2">
            <thead>
              <row>
                <entry class="bitfield">imm5</entry>
                <entry class="symbol">&lt;V&gt;</entry>
              </row>
            </thead>
            <tbody>
              <row>
                <entry class="bitfield">x0000</entry>
                <entry class="symbol">RESERVED</entry>
              </row>
              <row>
                <entry class="bitfield">xxxx1</entry>
                <entry class="symbol">B</entry>
              </row>
              <row>
                <entry class="bitfield">xxx10</entry>
                <entry class="symbol">H</entry>
              </row>
              <row>
                <entry class="bitfield">xx100</entry>
                <entry class="symbol">S</entry>
              </row>
              <row>
                <entry class="bitfield">x1000</entry>
                <entry class="symbol">D</entry>
              </row>
            </tbody>
          </tgroup>
        </table>
      </definition>
    </explanation>
    <explanation enclist="DUP_asimdins_DV_v, DUP_asisdone_only" symboldefcount="1">
      <symbol link="vn">&lt;Vn&gt;</symbol>
      <account encodedin="Rn">
        <intro>
          <para>Is the name of the SIMD&amp;FP source register, encoded in the "Rn" field.</para>
        </intro>
      </account>
    </explanation>
    <explanation enclist="DUP_asimdins_DV_v, DUP_asisdone_only" symboldefcount="1">
      <symbol link="index">&lt;index&gt;</symbol>
      <definition encodedin="imm5">
        <intro>Is the element index </intro>
        <table class="valuetable">
          <tgroup cols="2">
            <thead>
              <row>
                <entry class="bitfield">imm5</entry>
                <entry class="symbol">&lt;index&gt;</entry>
              </row>
            </thead>
            <tbody>
              <row>
                <entry class="bitfield">x0000</entry>
                <entry class="symbol">RESERVED</entry>
              </row>
              <row>
                <entry class="bitfield">xxxx1</entry>
                <entry class="symbol">imm5&lt;4:1&gt;</entry>
              </row>
              <row>
                <entry class="bitfield">xxx10</entry>
                <entry class="symbol">imm5&lt;4:2&gt;</entry>
              </row>
              <row>
                <entry class="bitfield">xx100</entry>
                <entry class="symbol">imm5&lt;4:3&gt;</entry>
              </row>
              <row>
                <entry class="bitfield">x1000</entry>
                <entry class="symbol">imm5&lt;4&gt;</entry>
              </row>
            </tbody>
          </tgroup>
        </table>
      </definition>
    </explanation>
    <explanation enclist="DUP_asisdone_only" symboldefcount="1">
      <symbol link="d">&lt;d&gt;</symbol>
      <account encodedin="Rd">
        <intro>
          <para>Is the number of the SIMD&amp;FP destination register, encoded in the "Rd" field.</para>
        </intro>
      </account>
    </explanation>
    <explanation enclist="DUP_asimdins_DV_v" symboldefcount="1">
      <symbol link="vd">&lt;Vd&gt;</symbol>
      <account encodedin="Rd">
        <intro>
          <para>Is the name of the SIMD&amp;FP destination register, encoded in the "Rd" field.</para>
        </intro>
      </account>
    </explanation>
  </explanations>
  <ps_section howmany="1">
    <ps name="aarch64/instrs/vector/transfer/vector/cpy-dup/sisd" mylink="commonps" enclabels="" sections="1" secttype="Operation">
      <pstext mayhavelinks="1" section="Execute" rep_section="execute"><a link="impl-aarch64.CheckFPAdvSIMDEnabled64.0" file="shared_pseudocode.xml" hover="function: CheckFPAdvSIMDEnabled64()">CheckFPAdvSIMDEnabled64</a>();
bits(idxdsize) operand = <a link="impl-aarch64.V.read.1" file="shared_pseudocode.xml" hover="accessor: bits(width) V[integer n]">V</a>[n];
bits(datasize) result;
bits(esize) element;

element = <a link="impl-shared.Elem.read.3" file="shared_pseudocode.xml" hover="accessor: bits(size) Elem[bits(N) vector, integer e, integer size]">Elem</a>[operand, index, esize];
for e = 0 to elements-1
    <a link="impl-shared.Elem.write.3" file="shared_pseudocode.xml" hover="accessor: Elem[bits(N) &amp;vector, integer e, integer size] = bits(size) value">Elem</a>[result, e, esize] = element;
<a link="impl-aarch64.V.write.1" file="shared_pseudocode.xml" hover="accessor: V[integer n] = bits(width) value">V</a>[d] = result;</pstext>
    </ps>
  </ps_section>
</instructionsection>
