<?xml version="1.0" encoding="utf-8"?>
<?xml-stylesheet type="text/xsl" encoding="UTF-8" href="iform.xsl" version="1.0"?>
<!DOCTYPE instructionsection PUBLIC "-//ARM//DTD instructionsection //EN" "iform-p.dtd">
<!-- Copyright (c) 2010-2020 Arm Limited or its affiliates. All rights reserved. -->
<!-- This document is Non-Confidential. This document may only be used and distributed in accordance with the terms of the agreement entered into by Arm and the party that Arm delivered this document to. -->

<instructionsection id="dupm_z_i" title="DUPM" type="instruction">
  <docvars>
    <docvar key="instr-class" value="sve" />
    <docvar key="isa" value="A64" />
    <docvar key="mnemonic" value="DUPM" />
  </docvars>
  <heading>DUPM</heading>
  <desc>
    <brief>Broadcast logical bitmask immediate to vector (unpredicated)</brief>
    <description>
      <para>Unconditionally broadcast the logical bitmask immediate into each element of the destination vector. This instruction is unpredicated. The immediate is a 64-bit value consisting of a single run of ones or zeros repeating every 2, 4, 8, 16, 32 or 64 bits.</para>
    </description>
    <status>Green</status>
    <predicated>False</predicated>
    <takes_movprfx>False</takes_movprfx>
    <takes_pred_movprfx>False</takes_pred_movprfx>
  </desc>
  <alias_list howmany="1">
    <alias_list_intro>This instruction is used by the alias </alias_list_intro>
    <aliasref aliaspageid="MOV_dupm_z_i" aliasfile="mov_dupm_z_i.xml" hover="Move logical bitmask immediate to vector (unpredicated)" punct=".">
      <text>MOV (bitmask immediate)</text>
      <aliaspref><a link="impl-aarch64.SVEMoveMaskPreferred.1" file="shared_pseudocode.xml" hover="function: boolean SVEMoveMaskPreferred(bits(13) imm13)">SVEMoveMaskPreferred</a>(imm13)</aliaspref>
    </aliasref>
    <alias_list_outro>
      <text>  See </text>
      <aliastablelink />
      <text> below for details of when the alias is preferred.</text>
    </alias_list_outro>
  </alias_list>
  <classes>
    <iclass name="SVE" oneof="1" id="dupm_z_i_" no_encodings="1" isa="A64">
      <docvars>
        <docvar key="instr-class" value="sve" />
        <docvar key="isa" value="A64" />
        <docvar key="mnemonic" value="DUPM" />
      </docvars>
      <iclassintro count="1"></iclassintro>
      <regdiagram form="32" psname="DUPM-Z.I-_">
        <box hibit="31" width="14" settings="14">
          <c>0</c>
          <c>0</c>
          <c>0</c>
          <c>0</c>
          <c>0</c>
          <c>1</c>
          <c>0</c>
          <c>1</c>
          <c>1</c>
          <c>1</c>
          <c>0</c>
          <c>0</c>
          <c>0</c>
          <c>0</c>
        </box>
        <box hibit="17" width="13" name="imm13" usename="1">
          <c colspan="13"></c>
        </box>
        <box hibit="4" width="5" name="Zd" usename="1">
          <c colspan="5"></c>
        </box>
      </regdiagram>
      <encoding name="dupm_z_i_" oneofinclass="1" oneof="1" label="SVE">
        <docvars>
          <docvar key="instr-class" value="sve" />
          <docvar key="isa" value="A64" />
          <docvar key="mnemonic" value="DUPM" />
        </docvars>
        <asmtemplate><text>DUPM    </text><a link="zd" hover="Destination scalable vector register (field &quot;Zd&quot;)">&lt;Zd&gt;</a><text>.</text><a link="t" hover="Size specifier (field &quot;imm13&lt;12&gt;:imm13&lt;5:0&gt;&quot;) [B,D,H,S]">&lt;T&gt;</a><text>, #</text><a link="const" hover="64, 32, 16 or 8-bit bitmask consisting of replicated 2, 4, 8, 16, 32 or 64 bit fields, each field containing a rotated run of non-zero bits (field &quot;imm13&quot;)">&lt;const&gt;</a></asmtemplate>
      </encoding>
      <ps_section howmany="1">
        <ps name="DUPM-Z.I-_" mylink="DUPM-Z.I-_" enclabels="" sections="1" secttype="noheading">
          <pstext mayhavelinks="1" section="Decode" rep_section="decode">if !<a link="impl-aarch64.HaveSVE.0" file="shared_pseudocode.xml" hover="function: boolean HaveSVE()">HaveSVE</a>() then UNDEFINED;
integer esize = 64;
integer d = <a link="impl-shared.UInt.1" file="shared_pseudocode.xml" hover="function: integer UInt(bits(N) x)">UInt</a>(Zd);
bits(esize) imm;
(imm, -) = <a link="impl-aarch64.DecodeBitMasks.4" file="shared_pseudocode.xml" hover="function: (bits(M), bits(M)) DecodeBitMasks(bit immN, bits(6) imms, bits(6) immr, boolean immediate)">DecodeBitMasks</a>(imm13&lt;12&gt;, imm13&lt;5:0&gt;, imm13&lt;11:6&gt;, TRUE);</pstext>
        </ps>
      </ps_section>
    </iclass>
  </classes>
  <explanations scope="all">
    <explanation enclist="dupm_z_i_" symboldefcount="1">
      <symbol link="zd">&lt;Zd&gt;</symbol>
      <account encodedin="Zd">
        <intro>
          <para>Is the name of the destination scalable vector register, encoded in the "Zd" field.</para>
        </intro>
      </account>
    </explanation>
    <explanation enclist="dupm_z_i_" symboldefcount="1">
      <symbol link="t">&lt;T&gt;</symbol>
      <definition encodedin="imm13&lt;12&gt;:imm13&lt;5:0&gt;">
        <intro>Is the size specifier, </intro>
        <table class="valuetable">
          <tgroup cols="3">
            <thead>
              <row>
                <entry class="bitfield">imm13&lt;12&gt;</entry>
                <entry class="bitfield">imm13&lt;5:0&gt;</entry>
                <entry class="symbol">&lt;T&gt;</entry>
              </row>
            </thead>
            <tbody>
              <row>
                <entry class="bitfield">0</entry>
                <entry class="bitfield">0xxxxx</entry>
                <entry class="symbol">S</entry>
              </row>
              <row>
                <entry class="bitfield">0</entry>
                <entry class="bitfield">10xxxx</entry>
                <entry class="symbol">H</entry>
              </row>
              <row>
                <entry class="bitfield">0</entry>
                <entry class="bitfield">110xxx</entry>
                <entry class="symbol">B</entry>
              </row>
              <row>
                <entry class="bitfield">0</entry>
                <entry class="bitfield">1110xx</entry>
                <entry class="symbol">B</entry>
              </row>
              <row>
                <entry class="bitfield">0</entry>
                <entry class="bitfield">11110x</entry>
                <entry class="symbol">B</entry>
              </row>
              <row>
                <entry class="bitfield">0</entry>
                <entry class="bitfield">111110</entry>
                <entry class="symbol">RESERVED</entry>
              </row>
              <row>
                <entry class="bitfield">0</entry>
                <entry class="bitfield">111111</entry>
                <entry class="symbol">RESERVED</entry>
              </row>
              <row>
                <entry class="bitfield">1</entry>
                <entry class="bitfield">xxxxxx</entry>
                <entry class="symbol">D</entry>
              </row>
            </tbody>
          </tgroup>
        </table>
      </definition>
    </explanation>
    <explanation enclist="dupm_z_i_" symboldefcount="1">
      <symbol link="const">&lt;const&gt;</symbol>
      <account encodedin="imm13">
        <intro>
          <para>Is a 64, 32, 16 or 8-bit bitmask consisting of replicated 2, 4, 8, 16, 32 or 64 bit fields, each field containing a rotated run of non-zero bits, encoded in the "imm13" field.</para>
        </intro>
      </account>
    </explanation>
  </explanations>
  <aliastablehook anchor="aliasconditions">Alias Conditions</aliastablehook>
  <ps_section howmany="1">
    <ps name="DUPM-Z.I-_" mylink="commonps" enclabels="" sections="1" secttype="Operation">
      <pstext mayhavelinks="1" section="Execute" rep_section="execute"><a link="impl-aarch64.CheckSVEEnabled.0" file="shared_pseudocode.xml" hover="function: CheckSVEEnabled()">CheckSVEEnabled</a>();
bits(<a link="impl-aarch64.VL.read.none" file="shared_pseudocode.xml" hover="accessor: integer VL">VL</a>) result = <a link="impl-shared.Replicate.1" file="shared_pseudocode.xml" hover="function: bits(N) Replicate(bits(M) x)">Replicate</a>(imm);
<a link="impl-aarch64.Z.write.1" file="shared_pseudocode.xml" hover="accessor: Z[integer n] = bits(width) value">Z</a>[d] = result;</pstext>
    </ps>
  </ps_section>
</instructionsection>
