<?xml version="1.0" encoding="utf-8"?>
<?xml-stylesheet type="text/xsl" encoding="UTF-8" href="iform.xsl" version="1.0"?>
<!DOCTYPE instructionsection PUBLIC "-//ARM//DTD instructionsection //EN" "iform-p.dtd">
<!-- Copyright (c) 2010-2020 Arm Limited or its affiliates. All rights reserved. -->
<!-- This document is Non-Confidential. This document may only be used and distributed in accordance with the terms of the agreement entered into by Arm and the party that Arm delivered this document to. -->

<instructionsection id="FABS_advsimd" title="FABS (vector) -- A64" type="instruction">
  <docvars>
    <docvar key="advsimd-type" value="simd" />
    <docvar key="instr-class" value="advsimd" />
    <docvar key="isa" value="A64" />
    <docvar key="mnemonic" value="FABS" />
  </docvars>
  <heading>FABS (vector)</heading>
  <desc>
    <brief>
      <para>Floating-point Absolute value (vector)</para>
    </brief>
    <authored>
      <para>Floating-point Absolute value (vector). This instruction calculates the absolute value of each vector element in the source SIMD&amp;FP register, writes the result to a vector, and writes the vector to the destination SIMD&amp;FP register.</para>
      <para>Depending on the settings in the <xref linkend="AArch64.cpacr_el1">CPACR_EL1</xref>, <xref linkend="AArch64.cptr_el2">CPTR_EL2</xref>, and <xref linkend="AArch64.cptr_el3">CPTR_EL3</xref> registers, and the current Security state and Exception level, an attempt to execute the instruction might be trapped.</para>
    </authored>
  </desc>
  <alias_list howmany="0"></alias_list>
  <classes>
    <classesintro count="2">
      <txt>It has encodings from 2 classes:</txt>
      <a href="#FABS_asimdmiscfp16_R">Half-precision</a>
      <txt> and </txt>
      <a href="#FABS_asimdmisc_R">Single-precision and double-precision</a>
    </classesintro>
    <iclass name="Half-precision" oneof="2" id="FABS_asimdmiscfp16_R" no_encodings="1" isa="A64">
      <docvars>
        <docvar key="advsimd-datatype" value="simd-half" />
        <docvar key="advsimd-type" value="simd" />
        <docvar key="datatype" value="half" />
        <docvar key="instr-class" value="advsimd" />
        <docvar key="isa" value="A64" />
        <docvar key="mnemonic" value="FABS" />
      </docvars>
      <iclassintro count="1"></iclassintro>
      <arch_variants>
        <arch_variant name="ARMv8.2" feature="ARMv8.2-FP16" />
      </arch_variants>
      <regdiagram form="32" psname="aarch64/instrs/vector/arithmetic/unary/diff-neg/fp16" tworows="1">
        <box hibit="31" settings="1">
          <c>0</c>
        </box>
        <box hibit="30" name="Q" usename="1">
          <c></c>
        </box>
        <box hibit="29" name="U" usename="1" settings="1" psbits="x">
          <c>0</c>
        </box>
        <box hibit="28" width="5" settings="5">
          <c>0</c>
          <c>1</c>
          <c>1</c>
          <c>1</c>
          <c>0</c>
        </box>
        <box hibit="23" name="a" settings="1">
          <c>1</c>
        </box>
        <box hibit="22" width="6" settings="6">
          <c>1</c>
          <c>1</c>
          <c>1</c>
          <c>1</c>
          <c>0</c>
          <c>0</c>
        </box>
        <box hibit="16" width="5" name="opcode" settings="5">
          <c>0</c>
          <c>1</c>
          <c>1</c>
          <c>1</c>
          <c>1</c>
        </box>
        <box hibit="11" width="2" settings="2">
          <c>1</c>
          <c>0</c>
        </box>
        <box hibit="9" width="5" name="Rn" usename="1">
          <c colspan="5"></c>
        </box>
        <box hibit="4" width="5" name="Rd" usename="1">
          <c colspan="5"></c>
        </box>
      </regdiagram>
      <encoding name="FABS_asimdmiscfp16_R" oneofinclass="1" oneof="2" label="Half-precision">
        <docvars>
          <docvar key="advsimd-datatype" value="simd-half" />
          <docvar key="advsimd-type" value="simd" />
          <docvar key="datatype" value="half" />
          <docvar key="instr-class" value="advsimd" />
          <docvar key="isa" value="A64" />
          <docvar key="mnemonic" value="FABS" />
        </docvars>
        <asmtemplate><text>FABS  </text><a link="vd" hover="SIMD&amp;FP destination register (field &quot;Rd&quot;)">&lt;Vd&gt;</a><text>.</text><a link="t_1" hover="Arrangement specifier (field &quot;Q&quot;) [4H,8H]">&lt;T&gt;</a><text>, </text><a link="vn" hover="SIMD&amp;FP source register (field &quot;Rn&quot;)">&lt;Vn&gt;</a><text>.</text><a link="t_1" hover="Arrangement specifier (field &quot;Q&quot;) [4H,8H]">&lt;T&gt;</a></asmtemplate>
      </encoding>
      <ps_section howmany="1">
        <ps name="aarch64/instrs/vector/arithmetic/unary/diff-neg/fp16" mylink="aarch64.instrs.vector.arithmetic.unary.diff-neg.fp16" enclabels="" sections="1" secttype="noheading">
          <pstext mayhavelinks="1" section="Decode" rep_section="decode">if !<a link="impl-shared.HaveFP16Ext.0" file="shared_pseudocode.xml" hover="function: boolean HaveFP16Ext()">HaveFP16Ext</a>() then UNDEFINED;

integer d = <a link="impl-shared.UInt.1" file="shared_pseudocode.xml" hover="function: integer UInt(bits(N) x)">UInt</a>(Rd);
integer n = <a link="impl-shared.UInt.1" file="shared_pseudocode.xml" hover="function: integer UInt(bits(N) x)">UInt</a>(Rn);

integer esize = 16;
integer datasize = if Q == '1' then 128 else 64;
integer elements = datasize DIV esize;
boolean neg = (U == '1');</pstext>
        </ps>
      </ps_section>
    </iclass>
    <iclass name="Single-precision and double-precision" oneof="2" id="FABS_asimdmisc_R" no_encodings="1" isa="A64">
      <docvars>
        <docvar key="advsimd-datatype" value="simd-single-and-double" />
        <docvar key="advsimd-type" value="simd" />
        <docvar key="datatype" value="single-and-double" />
        <docvar key="instr-class" value="advsimd" />
        <docvar key="isa" value="A64" />
        <docvar key="mnemonic" value="FABS" />
      </docvars>
      <iclassintro count="1"></iclassintro>
      <regdiagram form="32" psname="aarch64/instrs/vector/arithmetic/unary/diff-neg/float" tworows="1">
        <box hibit="31" settings="1">
          <c>0</c>
        </box>
        <box hibit="30" name="Q" usename="1">
          <c></c>
        </box>
        <box hibit="29" name="U" usename="1" settings="1" psbits="x">
          <c>0</c>
        </box>
        <box hibit="28" width="5" settings="5">
          <c>0</c>
          <c>1</c>
          <c>1</c>
          <c>1</c>
          <c>0</c>
        </box>
        <box hibit="23" settings="1">
          <c>1</c>
        </box>
        <box hibit="22" name="sz" usename="1">
          <c></c>
        </box>
        <box hibit="21" width="5" settings="5">
          <c>1</c>
          <c>0</c>
          <c>0</c>
          <c>0</c>
          <c>0</c>
        </box>
        <box hibit="16" width="5" name="opcode" settings="5">
          <c>0</c>
          <c>1</c>
          <c>1</c>
          <c>1</c>
          <c>1</c>
        </box>
        <box hibit="11" width="2" settings="2">
          <c>1</c>
          <c>0</c>
        </box>
        <box hibit="9" width="5" name="Rn" usename="1">
          <c colspan="5"></c>
        </box>
        <box hibit="4" width="5" name="Rd" usename="1">
          <c colspan="5"></c>
        </box>
      </regdiagram>
      <encoding name="FABS_asimdmisc_R" oneofinclass="1" oneof="2" label="Single-precision and double-precision">
        <docvars>
          <docvar key="advsimd-datatype" value="simd-single-and-double" />
          <docvar key="advsimd-type" value="simd" />
          <docvar key="datatype" value="single-and-double" />
          <docvar key="instr-class" value="advsimd" />
          <docvar key="isa" value="A64" />
          <docvar key="mnemonic" value="FABS" />
        </docvars>
        <asmtemplate><text>FABS  </text><a link="vd" hover="SIMD&amp;FP destination register (field &quot;Rd&quot;)">&lt;Vd&gt;</a><text>.</text><a link="t" hover="Arrangement specifier (field &quot;sz:Q&quot;) [2D,2S,4S]">&lt;T&gt;</a><text>, </text><a link="vn" hover="SIMD&amp;FP source register (field &quot;Rn&quot;)">&lt;Vn&gt;</a><text>.</text><a link="t" hover="Arrangement specifier (field &quot;sz:Q&quot;) [2D,2S,4S]">&lt;T&gt;</a></asmtemplate>
      </encoding>
      <ps_section howmany="1">
        <ps name="aarch64/instrs/vector/arithmetic/unary/diff-neg/float" mylink="aarch64.instrs.vector.arithmetic.unary.diff-neg.float" enclabels="" sections="1" secttype="noheading">
          <pstext mayhavelinks="1" section="Decode" rep_section="decode">integer d = <a link="impl-shared.UInt.1" file="shared_pseudocode.xml" hover="function: integer UInt(bits(N) x)">UInt</a>(Rd);
integer n = <a link="impl-shared.UInt.1" file="shared_pseudocode.xml" hover="function: integer UInt(bits(N) x)">UInt</a>(Rn);

if sz:Q == '10' then UNDEFINED;
integer esize = 32 &lt;&lt; <a link="impl-shared.UInt.1" file="shared_pseudocode.xml" hover="function: integer UInt(bits(N) x)">UInt</a>(sz);
integer datasize = if Q == '1' then 128 else 64;
integer elements = datasize DIV esize;
boolean neg = (U == '1');</pstext>
        </ps>
      </ps_section>
    </iclass>
  </classes>
  <explanations scope="all">
    <explanation enclist="FABS_asimdmisc_R, FABS_asimdmiscfp16_R" symboldefcount="1">
      <symbol link="vd">&lt;Vd&gt;</symbol>
      <account encodedin="Rd">
        <intro>
          <para>Is the name of the SIMD&amp;FP destination register, encoded in the "Rd" field.</para>
        </intro>
      </account>
    </explanation>
    <explanation enclist="FABS_asimdmiscfp16_R" symboldefcount="1">
      <symbol link="t_1">&lt;T&gt;</symbol>
      <definition encodedin="Q">
        <intro>For the half-precision variant: is an arrangement specifier, </intro>
        <table class="valuetable">
          <tgroup cols="2">
            <thead>
              <row>
                <entry class="bitfield">Q</entry>
                <entry class="symbol">&lt;T&gt;</entry>
              </row>
            </thead>
            <tbody>
              <row>
                <entry class="bitfield">0</entry>
                <entry class="symbol">4H</entry>
              </row>
              <row>
                <entry class="bitfield">1</entry>
                <entry class="symbol">8H</entry>
              </row>
            </tbody>
          </tgroup>
        </table>
      </definition>
    </explanation>
    <explanation enclist="FABS_asimdmisc_R" symboldefcount="2">
      <symbol link="t">&lt;T&gt;</symbol>
      <definition encodedin="sz:Q">
        <intro>For the single-precision and double-precision variant: is an arrangement specifier, </intro>
        <table class="valuetable">
          <tgroup cols="3">
            <thead>
              <row>
                <entry class="bitfield">sz</entry>
                <entry class="bitfield">Q</entry>
                <entry class="symbol">&lt;T&gt;</entry>
              </row>
            </thead>
            <tbody>
              <row>
                <entry class="bitfield">0</entry>
                <entry class="bitfield">0</entry>
                <entry class="symbol">2S</entry>
              </row>
              <row>
                <entry class="bitfield">0</entry>
                <entry class="bitfield">1</entry>
                <entry class="symbol">4S</entry>
              </row>
              <row>
                <entry class="bitfield">1</entry>
                <entry class="bitfield">0</entry>
                <entry class="symbol">RESERVED</entry>
              </row>
              <row>
                <entry class="bitfield">1</entry>
                <entry class="bitfield">1</entry>
                <entry class="symbol">2D</entry>
              </row>
            </tbody>
          </tgroup>
        </table>
      </definition>
    </explanation>
    <explanation enclist="FABS_asimdmisc_R, FABS_asimdmiscfp16_R" symboldefcount="1">
      <symbol link="vn">&lt;Vn&gt;</symbol>
      <account encodedin="Rn">
        <intro>
          <para>Is the name of the SIMD&amp;FP source register, encoded in the "Rn" field.</para>
        </intro>
      </account>
    </explanation>
  </explanations>
  <ps_section howmany="1">
    <ps name="aarch64/instrs/vector/arithmetic/unary/diff-neg/fp16" mylink="commonps" enclabels="" sections="1" secttype="Operation">
      <pstext mayhavelinks="1" section="Execute" rep_section="execute"><a link="impl-aarch64.CheckFPAdvSIMDEnabled64.0" file="shared_pseudocode.xml" hover="function: CheckFPAdvSIMDEnabled64()">CheckFPAdvSIMDEnabled64</a>();
bits(datasize) operand = <a link="impl-aarch64.V.read.1" file="shared_pseudocode.xml" hover="accessor: bits(width) V[integer n]">V</a>[n];
bits(datasize) result;
bits(esize) element;

for e = 0 to elements-1
    element = <a link="impl-shared.Elem.read.3" file="shared_pseudocode.xml" hover="accessor: bits(size) Elem[bits(N) vector, integer e, integer size]">Elem</a>[operand, e, esize];
    if neg then
        element = <a link="impl-shared.FPNeg.1" file="shared_pseudocode.xml" hover="function: bits(N) FPNeg(bits(N) op)">FPNeg</a>(element);
    else
        element = <a link="impl-shared.FPAbs.1" file="shared_pseudocode.xml" hover="function: bits(N) FPAbs(bits(N) op)">FPAbs</a>(element);
    <a link="impl-shared.Elem.write.3" file="shared_pseudocode.xml" hover="accessor: Elem[bits(N) &amp;vector, integer e, integer size] = bits(size) value">Elem</a>[result, e, esize] = element;

<a link="impl-aarch64.V.write.1" file="shared_pseudocode.xml" hover="accessor: V[integer n] = bits(width) value">V</a>[d] = result;</pstext>
    </ps>
  </ps_section>
</instructionsection>
