<?xml version="1.0" encoding="utf-8"?>
<?xml-stylesheet type="text/xsl" encoding="UTF-8" href="iform.xsl" version="1.0"?>
<!DOCTYPE instructionsection PUBLIC "-//ARM//DTD instructionsection //EN" "iform-p.dtd">
<!-- Copyright (c) 2010-2020 Arm Limited or its affiliates. All rights reserved. -->
<!-- This document is Non-Confidential. This document may only be used and distributed in accordance with the terms of the agreement entered into by Arm and the party that Arm delivered this document to. -->

<instructionsection id="faddv_v_p_z" title="FADDV" type="instruction">
  <docvars>
    <docvar key="instr-class" value="sve" />
    <docvar key="isa" value="A64" />
    <docvar key="mnemonic" value="FADDV" />
  </docvars>
  <heading>FADDV</heading>
  <desc>
    <brief>Floating-point add recursive reduction to scalar</brief>
    <description>
      <para>Floating-point add horizontally over all lanes of a vector using a recursive pairwise reduction, and place the result in the SIMD&amp;FP scalar destination register. Inactive elements in the source vector are treated as +0.0.</para>
    </description>
    <status>Green</status>
    <predicated>True</predicated>
    <takes_movprfx>False</takes_movprfx>
    <takes_pred_movprfx>False</takes_pred_movprfx>
  </desc>
  <alias_list howmany="0"></alias_list>
  <classes>
    <iclass name="SVE" oneof="1" id="faddv_v_p_z_" no_encodings="1" isa="A64">
      <docvars>
        <docvar key="instr-class" value="sve" />
        <docvar key="isa" value="A64" />
        <docvar key="mnemonic" value="FADDV" />
      </docvars>
      <iclassintro count="1"></iclassintro>
      <regdiagram form="32" psname="FADDV-V.P.Z-_">
        <box hibit="31" width="8" settings="8">
          <c>0</c>
          <c>1</c>
          <c>1</c>
          <c>0</c>
          <c>0</c>
          <c>1</c>
          <c>0</c>
          <c>1</c>
        </box>
        <box hibit="23" width="2" name="size" usename="1">
          <c colspan="2"></c>
        </box>
        <box hibit="21" width="3" settings="3">
          <c>0</c>
          <c>0</c>
          <c>0</c>
        </box>
        <box hibit="18" width="2" name="opc&lt;2:1&gt;" settings="2">
          <c>0</c>
          <c>0</c>
        </box>
        <box hibit="16" name="opc&lt;0&gt;" settings="1">
          <c>0</c>
        </box>
        <box hibit="15" width="3" settings="3">
          <c>0</c>
          <c>0</c>
          <c>1</c>
        </box>
        <box hibit="12" width="3" name="Pg" usename="1">
          <c colspan="3"></c>
        </box>
        <box hibit="9" width="5" name="Zn" usename="1">
          <c colspan="5"></c>
        </box>
        <box hibit="4" width="5" name="Vd" usename="1">
          <c colspan="5"></c>
        </box>
      </regdiagram>
      <encoding name="faddv_v_p_z_" oneofinclass="1" oneof="1" label="SVE">
        <docvars>
          <docvar key="instr-class" value="sve" />
          <docvar key="isa" value="A64" />
          <docvar key="mnemonic" value="FADDV" />
        </docvars>
        <asmtemplate><text>FADDV   </text><a link="v" hover="Width specifier (field &quot;size&quot;) [D,H,S]">&lt;V&gt;</a><a link="d" hover="Destination SIMD&amp;FP register number [0-31] (field &quot;Vd&quot;)">&lt;d&gt;</a><text>, </text><a link="pg" hover="Governing scalable predicate register P0-P7 (field &quot;Pg&quot;)">&lt;Pg&gt;</a><text>, </text><a link="zn" hover="Source scalable vector register (field &quot;Zn&quot;)">&lt;Zn&gt;</a><text>.</text><a link="t" hover="Size specifier (field &quot;size&quot;) [D,H,S]">&lt;T&gt;</a></asmtemplate>
      </encoding>
      <ps_section howmany="1">
        <ps name="FADDV-V.P.Z-_" mylink="FADDV-V.P.Z-_" enclabels="" sections="1" secttype="noheading">
          <pstext mayhavelinks="1" section="Decode" rep_section="decode">if !<a link="impl-aarch64.HaveSVE.0" file="shared_pseudocode.xml" hover="function: boolean HaveSVE()">HaveSVE</a>() then UNDEFINED;
if size == '00' then UNDEFINED;
integer esize = 8 &lt;&lt; <a link="impl-shared.UInt.1" file="shared_pseudocode.xml" hover="function: integer UInt(bits(N) x)">UInt</a>(size);
integer g = <a link="impl-shared.UInt.1" file="shared_pseudocode.xml" hover="function: integer UInt(bits(N) x)">UInt</a>(Pg);
integer n = <a link="impl-shared.UInt.1" file="shared_pseudocode.xml" hover="function: integer UInt(bits(N) x)">UInt</a>(Zn);
integer d = <a link="impl-shared.UInt.1" file="shared_pseudocode.xml" hover="function: integer UInt(bits(N) x)">UInt</a>(Vd);</pstext>
        </ps>
      </ps_section>
    </iclass>
  </classes>
  <explanations scope="all">
    <explanation enclist="faddv_v_p_z_" symboldefcount="1">
      <symbol link="v">&lt;V&gt;</symbol>
      <definition encodedin="size">
        <intro>Is a width specifier, </intro>
        <table class="valuetable">
          <tgroup cols="2">
            <thead>
              <row>
                <entry class="bitfield">size</entry>
                <entry class="symbol">&lt;V&gt;</entry>
              </row>
            </thead>
            <tbody>
              <row>
                <entry class="bitfield">00</entry>
                <entry class="symbol">RESERVED</entry>
              </row>
              <row>
                <entry class="bitfield">01</entry>
                <entry class="symbol">H</entry>
              </row>
              <row>
                <entry class="bitfield">10</entry>
                <entry class="symbol">S</entry>
              </row>
              <row>
                <entry class="bitfield">11</entry>
                <entry class="symbol">D</entry>
              </row>
            </tbody>
          </tgroup>
        </table>
      </definition>
    </explanation>
    <explanation enclist="faddv_v_p_z_" symboldefcount="1">
      <symbol link="d">&lt;d&gt;</symbol>
      <account encodedin="Vd">
        <intro>
          <para>Is the number [0-31] of the destination SIMD&amp;FP register, encoded in the "Vd" field.</para>
        </intro>
      </account>
    </explanation>
    <explanation enclist="faddv_v_p_z_" symboldefcount="1">
      <symbol link="pg">&lt;Pg&gt;</symbol>
      <account encodedin="Pg">
        <intro>
          <para>Is the name of the governing scalable predicate register P0-P7, encoded in the "Pg" field.</para>
        </intro>
      </account>
    </explanation>
    <explanation enclist="faddv_v_p_z_" symboldefcount="1">
      <symbol link="zn">&lt;Zn&gt;</symbol>
      <account encodedin="Zn">
        <intro>
          <para>Is the name of the source scalable vector register, encoded in the "Zn" field.</para>
        </intro>
      </account>
    </explanation>
    <explanation enclist="faddv_v_p_z_" symboldefcount="1">
      <symbol link="t">&lt;T&gt;</symbol>
      <definition encodedin="size">
        <intro>Is the size specifier, </intro>
        <table class="valuetable">
          <tgroup cols="2">
            <thead>
              <row>
                <entry class="bitfield">size</entry>
                <entry class="symbol">&lt;T&gt;</entry>
              </row>
            </thead>
            <tbody>
              <row>
                <entry class="bitfield">00</entry>
                <entry class="symbol">RESERVED</entry>
              </row>
              <row>
                <entry class="bitfield">01</entry>
                <entry class="symbol">H</entry>
              </row>
              <row>
                <entry class="bitfield">10</entry>
                <entry class="symbol">S</entry>
              </row>
              <row>
                <entry class="bitfield">11</entry>
                <entry class="symbol">D</entry>
              </row>
            </tbody>
          </tgroup>
        </table>
      </definition>
    </explanation>
  </explanations>
  <ps_section howmany="1">
    <ps name="FADDV-V.P.Z-_" mylink="commonps" enclabels="" sections="1" secttype="Operation">
      <pstext mayhavelinks="1" section="Execute" rep_section="execute"><a link="impl-aarch64.CheckSVEEnabled.0" file="shared_pseudocode.xml" hover="function: CheckSVEEnabled()">CheckSVEEnabled</a>();
bits(<a link="impl-aarch64.PL.read.none" file="shared_pseudocode.xml" hover="accessor: integer PL">PL</a>) mask = <a link="impl-aarch64.P.read.1" file="shared_pseudocode.xml" hover="accessor: bits(width) P[integer n]">P</a>[g];
bits(<a link="impl-aarch64.VL.read.none" file="shared_pseudocode.xml" hover="accessor: integer VL">VL</a>) operand = <a link="impl-aarch64.Z.read.1" file="shared_pseudocode.xml" hover="accessor: bits(width) Z[integer n]">Z</a>[n];
bits(esize) identity = <a link="impl-shared.FPZero.1" file="shared_pseudocode.xml" hover="function: bits(N) FPZero(bit sign)">FPZero</a>('0');

<a link="impl-aarch64.V.write.1" file="shared_pseudocode.xml" hover="accessor: V[integer n] = bits(width) value">V</a>[d] = <a link="impl-aarch64.ReducePredicated.4" file="shared_pseudocode.xml" hover="function: bits(esize) ReducePredicated(ReduceOp op, bits(N) input, bits(M) mask, bits(esize) identity)">ReducePredicated</a>(<a link="ReduceOp_FADD" file="shared_pseudocode.xml" hover="enumeration ReduceOp {ReduceOp_FMINNUM, ReduceOp_FMAXNUM, ReduceOp_FMIN, ReduceOp_FMAX, ReduceOp_FADD, ReduceOp_ADD}">ReduceOp_FADD</a>, operand, mask, identity);</pstext>
    </ps>
  </ps_section>
</instructionsection>
