<?xml version="1.0" encoding="utf-8"?>
<?xml-stylesheet type="text/xsl" encoding="UTF-8" href="iform.xsl" version="1.0"?>
<!DOCTYPE instructionsection PUBLIC "-//ARM//DTD instructionsection //EN" "iform-p.dtd">
<!-- Copyright (c) 2010-2020 Arm Limited or its affiliates. All rights reserved. -->
<!-- This document is Non-Confidential. This document may only be used and distributed in accordance with the terms of the agreement entered into by Arm and the party that Arm delivered this document to. -->

<instructionsection id="fcmeq_p_p_z0" title="FCM&lt;cc&gt; (zero)" type="instruction">
  <docvars>
    <docvar key="instr-class" value="sve" />
    <docvar key="isa" value="A64" />
  </docvars>
  <heading>FCM&lt;cc&gt; (zero)</heading>
  <desc>
    <brief>Floating-point compare vector with zero</brief>
    <description>
      <para>Compare active floating-point elements in the source vector with zero, and place the boolean results of the specified comparison in the corresponding elements of the destination predicate. Inactive elements in the destination predicate register are set to zero. Does not set the condition flags.</para>
      <para />
      <para>The <syntax>&lt;cc&gt;</syntax> symbol specifies one of the standard ARM condition codes: <syntax>EQ</syntax>, <syntax>GE</syntax>, <syntax>GT</syntax>, <syntax>LE</syntax>, <syntax>LT</syntax>, or <syntax>NE</syntax>.</para>
    </description>
    <status>Green</status>
    <predicated>True</predicated>
    <takes_movprfx>False</takes_movprfx>
    <takes_pred_movprfx>False</takes_pred_movprfx>
  </desc>
  <alias_list howmany="0"></alias_list>
  <classes>
    <classesintro count="6">
      <txt>It has encodings from 6 classes:</txt>
      <a href="#fcmeq_p_p_z0_">Equal</a>
      <txt>, </txt>
      <a href="#fcmgt_p_p_z0_">Greater than</a>
      <txt>, </txt>
      <a href="#fcmge_p_p_z0_">Greater than or equal</a>
      <txt>, </txt>
      <a href="#fcmlt_p_p_z0_">Less than</a>
      <txt>, </txt>
      <a href="#fcmle_p_p_z0_">Less than or equal</a>
      <txt> and </txt>
      <a href="#fcmne_p_p_z0_">Not equal</a>
    </classesintro>
    <iclass name="Equal" oneof="6" id="fcmeq_p_p_z0_" no_encodings="1" isa="A64">
      <docvars>
        <docvar key="instr-class" value="sve" />
        <docvar key="isa" value="A64" />
        <docvar key="mnemonic" value="FCMEQ" />
        <docvar key="sve-compare-type" value="eq" />
      </docvars>
      <iclassintro count="1"></iclassintro>
      <regdiagram form="32" psname="FCMEQ-P.P.Z0-_" tworows="1">
        <box hibit="31" width="8" settings="8">
          <c>0</c>
          <c>1</c>
          <c>1</c>
          <c>0</c>
          <c>0</c>
          <c>1</c>
          <c>0</c>
          <c>1</c>
        </box>
        <box hibit="23" width="2" name="size" usename="1">
          <c colspan="2"></c>
        </box>
        <box hibit="21" width="4" settings="4">
          <c>0</c>
          <c>1</c>
          <c>0</c>
          <c>0</c>
        </box>
        <box hibit="17" name="eq" usename="1" settings="1">
          <c>1</c>
        </box>
        <box hibit="16" name="lt" usename="1" settings="1">
          <c>0</c>
        </box>
        <box hibit="15" width="3" settings="3">
          <c>0</c>
          <c>0</c>
          <c>1</c>
        </box>
        <box hibit="12" width="3" name="Pg" usename="1">
          <c colspan="3"></c>
        </box>
        <box hibit="9" width="5" name="Zn" usename="1">
          <c colspan="5"></c>
        </box>
        <box hibit="4" name="ne" usename="1" settings="1">
          <c>0</c>
        </box>
        <box hibit="3" width="4" name="Pd" usename="1">
          <c colspan="4"></c>
        </box>
      </regdiagram>
      <encoding name="fcmeq_p_p_z0_" oneofinclass="1" oneof="6" label="Equal">
        <docvars>
          <docvar key="instr-class" value="sve" />
          <docvar key="isa" value="A64" />
          <docvar key="mnemonic" value="FCMEQ" />
          <docvar key="sve-compare-type" value="eq" />
        </docvars>
        <asmtemplate><text>FCMEQ   </text><a link="pd" hover="Destination scalable predicate register (field &quot;Pd&quot;)">&lt;Pd&gt;</a><text>.</text><a link="t" hover="Size specifier (field &quot;size&quot;) [D,H,S]">&lt;T&gt;</a><text>, </text><a link="pg" hover="Governing scalable predicate register P0-P7 (field &quot;Pg&quot;)">&lt;Pg&gt;</a><text>/Z, </text><a link="zn" hover="Source scalable vector register (field &quot;Zn&quot;)">&lt;Zn&gt;</a><text>.</text><a link="t" hover="Size specifier (field &quot;size&quot;) [D,H,S]">&lt;T&gt;</a><text>, #0.0</text></asmtemplate>
      </encoding>
      <ps_section howmany="1">
        <ps name="FCMEQ-P.P.Z0-_" mylink="FCMEQ-P.P.Z0-_" enclabels="" sections="1" secttype="noheading">
          <pstext mayhavelinks="1" section="Decode" rep_section="decode">if !<a link="impl-aarch64.HaveSVE.0" file="shared_pseudocode.xml" hover="function: boolean HaveSVE()">HaveSVE</a>() then UNDEFINED;
if size == '00' then UNDEFINED;
integer esize = 8 &lt;&lt; <a link="impl-shared.UInt.1" file="shared_pseudocode.xml" hover="function: integer UInt(bits(N) x)">UInt</a>(size);
integer g = <a link="impl-shared.UInt.1" file="shared_pseudocode.xml" hover="function: integer UInt(bits(N) x)">UInt</a>(Pg);
integer n = <a link="impl-shared.UInt.1" file="shared_pseudocode.xml" hover="function: integer UInt(bits(N) x)">UInt</a>(Zn);
integer d = <a link="impl-shared.UInt.1" file="shared_pseudocode.xml" hover="function: integer UInt(bits(N) x)">UInt</a>(Pd);
<a link="SVECmp" file="shared_pseudocode.xml" hover="enumeration SVECmp { Cmp_EQ, Cmp_NE, Cmp_GE, Cmp_GT, Cmp_LT, Cmp_LE, Cmp_UN }">SVECmp</a> op = <a link="Cmp_EQ" file="shared_pseudocode.xml" hover="enumeration SVECmp { Cmp_EQ, Cmp_NE, Cmp_GE, Cmp_GT, Cmp_LT, Cmp_LE, Cmp_UN }">Cmp_EQ</a>;</pstext>
        </ps>
      </ps_section>
    </iclass>
    <iclass name="Greater than" oneof="6" id="fcmgt_p_p_z0_" no_encodings="1" isa="A64">
      <docvars>
        <docvar key="instr-class" value="sve" />
        <docvar key="isa" value="A64" />
        <docvar key="mnemonic" value="FCMGT" />
        <docvar key="sve-compare-type" value="gt" />
      </docvars>
      <iclassintro count="1"></iclassintro>
      <regdiagram form="32" psname="FCMGT-P.P.Z0-_" tworows="1">
        <box hibit="31" width="8" settings="8">
          <c>0</c>
          <c>1</c>
          <c>1</c>
          <c>0</c>
          <c>0</c>
          <c>1</c>
          <c>0</c>
          <c>1</c>
        </box>
        <box hibit="23" width="2" name="size" usename="1">
          <c colspan="2"></c>
        </box>
        <box hibit="21" width="4" settings="4">
          <c>0</c>
          <c>1</c>
          <c>0</c>
          <c>0</c>
        </box>
        <box hibit="17" name="eq" usename="1" settings="1">
          <c>0</c>
        </box>
        <box hibit="16" name="lt" usename="1" settings="1">
          <c>0</c>
        </box>
        <box hibit="15" width="3" settings="3">
          <c>0</c>
          <c>0</c>
          <c>1</c>
        </box>
        <box hibit="12" width="3" name="Pg" usename="1">
          <c colspan="3"></c>
        </box>
        <box hibit="9" width="5" name="Zn" usename="1">
          <c colspan="5"></c>
        </box>
        <box hibit="4" name="ne" usename="1" settings="1">
          <c>1</c>
        </box>
        <box hibit="3" width="4" name="Pd" usename="1">
          <c colspan="4"></c>
        </box>
      </regdiagram>
      <encoding name="fcmgt_p_p_z0_" oneofinclass="1" oneof="6" label="Greater than">
        <docvars>
          <docvar key="instr-class" value="sve" />
          <docvar key="isa" value="A64" />
          <docvar key="mnemonic" value="FCMGT" />
          <docvar key="sve-compare-type" value="gt" />
        </docvars>
        <asmtemplate><text>FCMGT   </text><a link="pd" hover="Destination scalable predicate register (field &quot;Pd&quot;)">&lt;Pd&gt;</a><text>.</text><a link="t" hover="Size specifier (field &quot;size&quot;) [D,H,S]">&lt;T&gt;</a><text>, </text><a link="pg" hover="Governing scalable predicate register P0-P7 (field &quot;Pg&quot;)">&lt;Pg&gt;</a><text>/Z, </text><a link="zn" hover="Source scalable vector register (field &quot;Zn&quot;)">&lt;Zn&gt;</a><text>.</text><a link="t" hover="Size specifier (field &quot;size&quot;) [D,H,S]">&lt;T&gt;</a><text>, #0.0</text></asmtemplate>
      </encoding>
      <ps_section howmany="1">
        <ps name="FCMGT-P.P.Z0-_" mylink="FCMGT-P.P.Z0-_" enclabels="" sections="1" secttype="noheading">
          <pstext mayhavelinks="1" section="Decode" rep_section="decode">if !<a link="impl-aarch64.HaveSVE.0" file="shared_pseudocode.xml" hover="function: boolean HaveSVE()">HaveSVE</a>() then UNDEFINED;
if size == '00' then UNDEFINED;
integer esize = 8 &lt;&lt; <a link="impl-shared.UInt.1" file="shared_pseudocode.xml" hover="function: integer UInt(bits(N) x)">UInt</a>(size);
integer g = <a link="impl-shared.UInt.1" file="shared_pseudocode.xml" hover="function: integer UInt(bits(N) x)">UInt</a>(Pg);
integer n = <a link="impl-shared.UInt.1" file="shared_pseudocode.xml" hover="function: integer UInt(bits(N) x)">UInt</a>(Zn);
integer d = <a link="impl-shared.UInt.1" file="shared_pseudocode.xml" hover="function: integer UInt(bits(N) x)">UInt</a>(Pd);
<a link="SVECmp" file="shared_pseudocode.xml" hover="enumeration SVECmp { Cmp_EQ, Cmp_NE, Cmp_GE, Cmp_GT, Cmp_LT, Cmp_LE, Cmp_UN }">SVECmp</a> op = <a link="Cmp_GT" file="shared_pseudocode.xml" hover="enumeration SVECmp { Cmp_EQ, Cmp_NE, Cmp_GE, Cmp_GT, Cmp_LT, Cmp_LE, Cmp_UN }">Cmp_GT</a>;</pstext>
        </ps>
      </ps_section>
    </iclass>
    <iclass name="Greater than or equal" oneof="6" id="fcmge_p_p_z0_" no_encodings="1" isa="A64">
      <docvars>
        <docvar key="instr-class" value="sve" />
        <docvar key="isa" value="A64" />
        <docvar key="mnemonic" value="FCMGE" />
        <docvar key="sve-compare-type" value="ge" />
      </docvars>
      <iclassintro count="1"></iclassintro>
      <regdiagram form="32" psname="FCMGE-P.P.Z0-_" tworows="1">
        <box hibit="31" width="8" settings="8">
          <c>0</c>
          <c>1</c>
          <c>1</c>
          <c>0</c>
          <c>0</c>
          <c>1</c>
          <c>0</c>
          <c>1</c>
        </box>
        <box hibit="23" width="2" name="size" usename="1">
          <c colspan="2"></c>
        </box>
        <box hibit="21" width="4" settings="4">
          <c>0</c>
          <c>1</c>
          <c>0</c>
          <c>0</c>
        </box>
        <box hibit="17" name="eq" usename="1" settings="1">
          <c>0</c>
        </box>
        <box hibit="16" name="lt" usename="1" settings="1">
          <c>0</c>
        </box>
        <box hibit="15" width="3" settings="3">
          <c>0</c>
          <c>0</c>
          <c>1</c>
        </box>
        <box hibit="12" width="3" name="Pg" usename="1">
          <c colspan="3"></c>
        </box>
        <box hibit="9" width="5" name="Zn" usename="1">
          <c colspan="5"></c>
        </box>
        <box hibit="4" name="ne" usename="1" settings="1">
          <c>0</c>
        </box>
        <box hibit="3" width="4" name="Pd" usename="1">
          <c colspan="4"></c>
        </box>
      </regdiagram>
      <encoding name="fcmge_p_p_z0_" oneofinclass="1" oneof="6" label="Greater than or equal">
        <docvars>
          <docvar key="instr-class" value="sve" />
          <docvar key="isa" value="A64" />
          <docvar key="mnemonic" value="FCMGE" />
          <docvar key="sve-compare-type" value="ge" />
        </docvars>
        <asmtemplate><text>FCMGE   </text><a link="pd" hover="Destination scalable predicate register (field &quot;Pd&quot;)">&lt;Pd&gt;</a><text>.</text><a link="t" hover="Size specifier (field &quot;size&quot;) [D,H,S]">&lt;T&gt;</a><text>, </text><a link="pg" hover="Governing scalable predicate register P0-P7 (field &quot;Pg&quot;)">&lt;Pg&gt;</a><text>/Z, </text><a link="zn" hover="Source scalable vector register (field &quot;Zn&quot;)">&lt;Zn&gt;</a><text>.</text><a link="t" hover="Size specifier (field &quot;size&quot;) [D,H,S]">&lt;T&gt;</a><text>, #0.0</text></asmtemplate>
      </encoding>
      <ps_section howmany="1">
        <ps name="FCMGE-P.P.Z0-_" mylink="FCMGE-P.P.Z0-_" enclabels="" sections="1" secttype="noheading">
          <pstext mayhavelinks="1" section="Decode" rep_section="decode">if !<a link="impl-aarch64.HaveSVE.0" file="shared_pseudocode.xml" hover="function: boolean HaveSVE()">HaveSVE</a>() then UNDEFINED;
if size == '00' then UNDEFINED;
integer esize = 8 &lt;&lt; <a link="impl-shared.UInt.1" file="shared_pseudocode.xml" hover="function: integer UInt(bits(N) x)">UInt</a>(size);
integer g = <a link="impl-shared.UInt.1" file="shared_pseudocode.xml" hover="function: integer UInt(bits(N) x)">UInt</a>(Pg);
integer n = <a link="impl-shared.UInt.1" file="shared_pseudocode.xml" hover="function: integer UInt(bits(N) x)">UInt</a>(Zn);
integer d = <a link="impl-shared.UInt.1" file="shared_pseudocode.xml" hover="function: integer UInt(bits(N) x)">UInt</a>(Pd);
<a link="SVECmp" file="shared_pseudocode.xml" hover="enumeration SVECmp { Cmp_EQ, Cmp_NE, Cmp_GE, Cmp_GT, Cmp_LT, Cmp_LE, Cmp_UN }">SVECmp</a> op = <a link="Cmp_GE" file="shared_pseudocode.xml" hover="enumeration SVECmp { Cmp_EQ, Cmp_NE, Cmp_GE, Cmp_GT, Cmp_LT, Cmp_LE, Cmp_UN }">Cmp_GE</a>;</pstext>
        </ps>
      </ps_section>
    </iclass>
    <iclass name="Less than" oneof="6" id="fcmlt_p_p_z0_" no_encodings="1" isa="A64">
      <docvars>
        <docvar key="instr-class" value="sve" />
        <docvar key="isa" value="A64" />
        <docvar key="mnemonic" value="FCMLT" />
        <docvar key="sve-compare-type" value="lt" />
      </docvars>
      <iclassintro count="1"></iclassintro>
      <regdiagram form="32" psname="FCMLT-P.P.Z0-_" tworows="1">
        <box hibit="31" width="8" settings="8">
          <c>0</c>
          <c>1</c>
          <c>1</c>
          <c>0</c>
          <c>0</c>
          <c>1</c>
          <c>0</c>
          <c>1</c>
        </box>
        <box hibit="23" width="2" name="size" usename="1">
          <c colspan="2"></c>
        </box>
        <box hibit="21" width="4" settings="4">
          <c>0</c>
          <c>1</c>
          <c>0</c>
          <c>0</c>
        </box>
        <box hibit="17" name="eq" usename="1" settings="1">
          <c>0</c>
        </box>
        <box hibit="16" name="lt" usename="1" settings="1">
          <c>1</c>
        </box>
        <box hibit="15" width="3" settings="3">
          <c>0</c>
          <c>0</c>
          <c>1</c>
        </box>
        <box hibit="12" width="3" name="Pg" usename="1">
          <c colspan="3"></c>
        </box>
        <box hibit="9" width="5" name="Zn" usename="1">
          <c colspan="5"></c>
        </box>
        <box hibit="4" name="ne" usename="1" settings="1">
          <c>0</c>
        </box>
        <box hibit="3" width="4" name="Pd" usename="1">
          <c colspan="4"></c>
        </box>
      </regdiagram>
      <encoding name="fcmlt_p_p_z0_" oneofinclass="1" oneof="6" label="Less than">
        <docvars>
          <docvar key="instr-class" value="sve" />
          <docvar key="isa" value="A64" />
          <docvar key="mnemonic" value="FCMLT" />
          <docvar key="sve-compare-type" value="lt" />
        </docvars>
        <asmtemplate><text>FCMLT   </text><a link="pd" hover="Destination scalable predicate register (field &quot;Pd&quot;)">&lt;Pd&gt;</a><text>.</text><a link="t" hover="Size specifier (field &quot;size&quot;) [D,H,S]">&lt;T&gt;</a><text>, </text><a link="pg" hover="Governing scalable predicate register P0-P7 (field &quot;Pg&quot;)">&lt;Pg&gt;</a><text>/Z, </text><a link="zn" hover="Source scalable vector register (field &quot;Zn&quot;)">&lt;Zn&gt;</a><text>.</text><a link="t" hover="Size specifier (field &quot;size&quot;) [D,H,S]">&lt;T&gt;</a><text>, #0.0</text></asmtemplate>
      </encoding>
      <ps_section howmany="1">
        <ps name="FCMLT-P.P.Z0-_" mylink="FCMLT-P.P.Z0-_" enclabels="" sections="1" secttype="noheading">
          <pstext mayhavelinks="1" section="Decode" rep_section="decode">if !<a link="impl-aarch64.HaveSVE.0" file="shared_pseudocode.xml" hover="function: boolean HaveSVE()">HaveSVE</a>() then UNDEFINED;
if size == '00' then UNDEFINED;
integer esize = 8 &lt;&lt; <a link="impl-shared.UInt.1" file="shared_pseudocode.xml" hover="function: integer UInt(bits(N) x)">UInt</a>(size);
integer g = <a link="impl-shared.UInt.1" file="shared_pseudocode.xml" hover="function: integer UInt(bits(N) x)">UInt</a>(Pg);
integer n = <a link="impl-shared.UInt.1" file="shared_pseudocode.xml" hover="function: integer UInt(bits(N) x)">UInt</a>(Zn);
integer d = <a link="impl-shared.UInt.1" file="shared_pseudocode.xml" hover="function: integer UInt(bits(N) x)">UInt</a>(Pd);
<a link="SVECmp" file="shared_pseudocode.xml" hover="enumeration SVECmp { Cmp_EQ, Cmp_NE, Cmp_GE, Cmp_GT, Cmp_LT, Cmp_LE, Cmp_UN }">SVECmp</a> op = <a link="Cmp_LT" file="shared_pseudocode.xml" hover="enumeration SVECmp { Cmp_EQ, Cmp_NE, Cmp_GE, Cmp_GT, Cmp_LT, Cmp_LE, Cmp_UN }">Cmp_LT</a>;</pstext>
        </ps>
      </ps_section>
    </iclass>
    <iclass name="Less than or equal" oneof="6" id="fcmle_p_p_z0_" no_encodings="1" isa="A64">
      <docvars>
        <docvar key="instr-class" value="sve" />
        <docvar key="isa" value="A64" />
        <docvar key="mnemonic" value="FCMLE" />
        <docvar key="sve-compare-type" value="le" />
      </docvars>
      <iclassintro count="1"></iclassintro>
      <regdiagram form="32" psname="FCMLE-P.P.Z0-_" tworows="1">
        <box hibit="31" width="8" settings="8">
          <c>0</c>
          <c>1</c>
          <c>1</c>
          <c>0</c>
          <c>0</c>
          <c>1</c>
          <c>0</c>
          <c>1</c>
        </box>
        <box hibit="23" width="2" name="size" usename="1">
          <c colspan="2"></c>
        </box>
        <box hibit="21" width="4" settings="4">
          <c>0</c>
          <c>1</c>
          <c>0</c>
          <c>0</c>
        </box>
        <box hibit="17" name="eq" usename="1" settings="1">
          <c>0</c>
        </box>
        <box hibit="16" name="lt" usename="1" settings="1">
          <c>1</c>
        </box>
        <box hibit="15" width="3" settings="3">
          <c>0</c>
          <c>0</c>
          <c>1</c>
        </box>
        <box hibit="12" width="3" name="Pg" usename="1">
          <c colspan="3"></c>
        </box>
        <box hibit="9" width="5" name="Zn" usename="1">
          <c colspan="5"></c>
        </box>
        <box hibit="4" name="ne" usename="1" settings="1">
          <c>1</c>
        </box>
        <box hibit="3" width="4" name="Pd" usename="1">
          <c colspan="4"></c>
        </box>
      </regdiagram>
      <encoding name="fcmle_p_p_z0_" oneofinclass="1" oneof="6" label="Less than or equal">
        <docvars>
          <docvar key="instr-class" value="sve" />
          <docvar key="isa" value="A64" />
          <docvar key="mnemonic" value="FCMLE" />
          <docvar key="sve-compare-type" value="le" />
        </docvars>
        <asmtemplate><text>FCMLE   </text><a link="pd" hover="Destination scalable predicate register (field &quot;Pd&quot;)">&lt;Pd&gt;</a><text>.</text><a link="t" hover="Size specifier (field &quot;size&quot;) [D,H,S]">&lt;T&gt;</a><text>, </text><a link="pg" hover="Governing scalable predicate register P0-P7 (field &quot;Pg&quot;)">&lt;Pg&gt;</a><text>/Z, </text><a link="zn" hover="Source scalable vector register (field &quot;Zn&quot;)">&lt;Zn&gt;</a><text>.</text><a link="t" hover="Size specifier (field &quot;size&quot;) [D,H,S]">&lt;T&gt;</a><text>, #0.0</text></asmtemplate>
      </encoding>
      <ps_section howmany="1">
        <ps name="FCMLE-P.P.Z0-_" mylink="FCMLE-P.P.Z0-_" enclabels="" sections="1" secttype="noheading">
          <pstext mayhavelinks="1" section="Decode" rep_section="decode">if !<a link="impl-aarch64.HaveSVE.0" file="shared_pseudocode.xml" hover="function: boolean HaveSVE()">HaveSVE</a>() then UNDEFINED;
if size == '00' then UNDEFINED;
integer esize = 8 &lt;&lt; <a link="impl-shared.UInt.1" file="shared_pseudocode.xml" hover="function: integer UInt(bits(N) x)">UInt</a>(size);
integer g = <a link="impl-shared.UInt.1" file="shared_pseudocode.xml" hover="function: integer UInt(bits(N) x)">UInt</a>(Pg);
integer n = <a link="impl-shared.UInt.1" file="shared_pseudocode.xml" hover="function: integer UInt(bits(N) x)">UInt</a>(Zn);
integer d = <a link="impl-shared.UInt.1" file="shared_pseudocode.xml" hover="function: integer UInt(bits(N) x)">UInt</a>(Pd);
<a link="SVECmp" file="shared_pseudocode.xml" hover="enumeration SVECmp { Cmp_EQ, Cmp_NE, Cmp_GE, Cmp_GT, Cmp_LT, Cmp_LE, Cmp_UN }">SVECmp</a> op = <a link="Cmp_LE" file="shared_pseudocode.xml" hover="enumeration SVECmp { Cmp_EQ, Cmp_NE, Cmp_GE, Cmp_GT, Cmp_LT, Cmp_LE, Cmp_UN }">Cmp_LE</a>;</pstext>
        </ps>
      </ps_section>
    </iclass>
    <iclass name="Not equal" oneof="6" id="fcmne_p_p_z0_" no_encodings="1" isa="A64">
      <docvars>
        <docvar key="instr-class" value="sve" />
        <docvar key="isa" value="A64" />
        <docvar key="mnemonic" value="FCMNE" />
        <docvar key="sve-compare-type" value="ne" />
      </docvars>
      <iclassintro count="1"></iclassintro>
      <regdiagram form="32" psname="FCMNE-P.P.Z0-_" tworows="1">
        <box hibit="31" width="8" settings="8">
          <c>0</c>
          <c>1</c>
          <c>1</c>
          <c>0</c>
          <c>0</c>
          <c>1</c>
          <c>0</c>
          <c>1</c>
        </box>
        <box hibit="23" width="2" name="size" usename="1">
          <c colspan="2"></c>
        </box>
        <box hibit="21" width="4" settings="4">
          <c>0</c>
          <c>1</c>
          <c>0</c>
          <c>0</c>
        </box>
        <box hibit="17" name="eq" usename="1" settings="1">
          <c>1</c>
        </box>
        <box hibit="16" name="lt" usename="1" settings="1">
          <c>1</c>
        </box>
        <box hibit="15" width="3" settings="3">
          <c>0</c>
          <c>0</c>
          <c>1</c>
        </box>
        <box hibit="12" width="3" name="Pg" usename="1">
          <c colspan="3"></c>
        </box>
        <box hibit="9" width="5" name="Zn" usename="1">
          <c colspan="5"></c>
        </box>
        <box hibit="4" name="ne" usename="1" settings="1">
          <c>0</c>
        </box>
        <box hibit="3" width="4" name="Pd" usename="1">
          <c colspan="4"></c>
        </box>
      </regdiagram>
      <encoding name="fcmne_p_p_z0_" oneofinclass="1" oneof="6" label="Not equal">
        <docvars>
          <docvar key="instr-class" value="sve" />
          <docvar key="isa" value="A64" />
          <docvar key="mnemonic" value="FCMNE" />
          <docvar key="sve-compare-type" value="ne" />
        </docvars>
        <asmtemplate><text>FCMNE   </text><a link="pd" hover="Destination scalable predicate register (field &quot;Pd&quot;)">&lt;Pd&gt;</a><text>.</text><a link="t" hover="Size specifier (field &quot;size&quot;) [D,H,S]">&lt;T&gt;</a><text>, </text><a link="pg" hover="Governing scalable predicate register P0-P7 (field &quot;Pg&quot;)">&lt;Pg&gt;</a><text>/Z, </text><a link="zn" hover="Source scalable vector register (field &quot;Zn&quot;)">&lt;Zn&gt;</a><text>.</text><a link="t" hover="Size specifier (field &quot;size&quot;) [D,H,S]">&lt;T&gt;</a><text>, #0.0</text></asmtemplate>
      </encoding>
      <ps_section howmany="1">
        <ps name="FCMNE-P.P.Z0-_" mylink="FCMNE-P.P.Z0-_" enclabels="" sections="1" secttype="noheading">
          <pstext mayhavelinks="1" section="Decode" rep_section="decode">if !<a link="impl-aarch64.HaveSVE.0" file="shared_pseudocode.xml" hover="function: boolean HaveSVE()">HaveSVE</a>() then UNDEFINED;
if size == '00' then UNDEFINED;
integer esize = 8 &lt;&lt; <a link="impl-shared.UInt.1" file="shared_pseudocode.xml" hover="function: integer UInt(bits(N) x)">UInt</a>(size);
integer g = <a link="impl-shared.UInt.1" file="shared_pseudocode.xml" hover="function: integer UInt(bits(N) x)">UInt</a>(Pg);
integer n = <a link="impl-shared.UInt.1" file="shared_pseudocode.xml" hover="function: integer UInt(bits(N) x)">UInt</a>(Zn);
integer d = <a link="impl-shared.UInt.1" file="shared_pseudocode.xml" hover="function: integer UInt(bits(N) x)">UInt</a>(Pd);
<a link="SVECmp" file="shared_pseudocode.xml" hover="enumeration SVECmp { Cmp_EQ, Cmp_NE, Cmp_GE, Cmp_GT, Cmp_LT, Cmp_LE, Cmp_UN }">SVECmp</a> op = <a link="Cmp_NE" file="shared_pseudocode.xml" hover="enumeration SVECmp { Cmp_EQ, Cmp_NE, Cmp_GE, Cmp_GT, Cmp_LT, Cmp_LE, Cmp_UN }">Cmp_NE</a>;</pstext>
        </ps>
      </ps_section>
    </iclass>
  </classes>
  <explanations scope="all">
    <explanation enclist="fcmgt_p_p_z0_, fcmge_p_p_z0_, fcmeq_p_p_z0_, fcmne_p_p_z0_, fcmle_p_p_z0_, fcmlt_p_p_z0_" symboldefcount="1">
      <symbol link="pd">&lt;Pd&gt;</symbol>
      <account encodedin="Pd">
        <intro>
          <para>Is the name of the destination scalable predicate register, encoded in the "Pd" field.</para>
        </intro>
      </account>
    </explanation>
    <explanation enclist="fcmgt_p_p_z0_, fcmge_p_p_z0_, fcmeq_p_p_z0_, fcmne_p_p_z0_, fcmle_p_p_z0_, fcmlt_p_p_z0_" symboldefcount="1">
      <symbol link="t">&lt;T&gt;</symbol>
      <definition encodedin="size">
        <intro>Is the size specifier, </intro>
        <table class="valuetable">
          <tgroup cols="2">
            <thead>
              <row>
                <entry class="bitfield">size</entry>
                <entry class="symbol">&lt;T&gt;</entry>
              </row>
            </thead>
            <tbody>
              <row>
                <entry class="bitfield">00</entry>
                <entry class="symbol">RESERVED</entry>
              </row>
              <row>
                <entry class="bitfield">01</entry>
                <entry class="symbol">H</entry>
              </row>
              <row>
                <entry class="bitfield">10</entry>
                <entry class="symbol">S</entry>
              </row>
              <row>
                <entry class="bitfield">11</entry>
                <entry class="symbol">D</entry>
              </row>
            </tbody>
          </tgroup>
        </table>
      </definition>
    </explanation>
    <explanation enclist="fcmgt_p_p_z0_, fcmge_p_p_z0_, fcmeq_p_p_z0_, fcmne_p_p_z0_, fcmle_p_p_z0_, fcmlt_p_p_z0_" symboldefcount="1">
      <symbol link="pg">&lt;Pg&gt;</symbol>
      <account encodedin="Pg">
        <intro>
          <para>Is the name of the governing scalable predicate register P0-P7, encoded in the "Pg" field.</para>
        </intro>
      </account>
    </explanation>
    <explanation enclist="fcmgt_p_p_z0_, fcmge_p_p_z0_, fcmeq_p_p_z0_, fcmne_p_p_z0_, fcmle_p_p_z0_, fcmlt_p_p_z0_" symboldefcount="1">
      <symbol link="zn">&lt;Zn&gt;</symbol>
      <account encodedin="Zn">
        <intro>
          <para>Is the name of the source scalable vector register, encoded in the "Zn" field.</para>
        </intro>
      </account>
    </explanation>
  </explanations>
  <ps_section howmany="1">
    <ps name="FCMEQ-P.P.Z0-_" mylink="commonps" enclabels="" sections="1" secttype="Operation">
      <pstext mayhavelinks="1" section="Execute" rep_section="execute"><a link="impl-aarch64.CheckSVEEnabled.0" file="shared_pseudocode.xml" hover="function: CheckSVEEnabled()">CheckSVEEnabled</a>();
integer elements = <a link="impl-aarch64.VL.read.none" file="shared_pseudocode.xml" hover="accessor: integer VL">VL</a> DIV esize;
bits(<a link="impl-aarch64.PL.read.none" file="shared_pseudocode.xml" hover="accessor: integer PL">PL</a>) mask = <a link="impl-aarch64.P.read.1" file="shared_pseudocode.xml" hover="accessor: bits(width) P[integer n]">P</a>[g];
bits(<a link="impl-aarch64.VL.read.none" file="shared_pseudocode.xml" hover="accessor: integer VL">VL</a>) operand = <a link="impl-aarch64.Z.read.1" file="shared_pseudocode.xml" hover="accessor: bits(width) Z[integer n]">Z</a>[n];
bits(<a link="impl-aarch64.PL.read.none" file="shared_pseudocode.xml" hover="accessor: integer PL">PL</a>) result;

for e = 0 to elements-1
    bits(esize) element = <a link="impl-shared.Elem.read.3" file="shared_pseudocode.xml" hover="accessor: bits(size) Elem[bits(N) vector, integer e, integer size]">Elem</a>[operand, e, esize];
    if <a link="impl-aarch64.ElemP.read.3" file="shared_pseudocode.xml" hover="accessor: bit ElemP[bits(N) pred, integer e, integer esize]">ElemP</a>[mask, e, esize] == '1' then
        case op of
            when <a link="Cmp_EQ" file="shared_pseudocode.xml" hover="enumeration SVECmp { Cmp_EQ, Cmp_NE, Cmp_GE, Cmp_GT, Cmp_LT, Cmp_LE, Cmp_UN }">Cmp_EQ</a> res = <a link="impl-shared.FPCompareEQ.3" file="shared_pseudocode.xml" hover="function: boolean FPCompareEQ(bits(N) op1, bits(N) op2, FPCRType fpcr)">FPCompareEQ</a>(element, 0&lt;esize-1:0&gt;, FPCR&lt;31:0&gt;);
            when <a link="Cmp_GE" file="shared_pseudocode.xml" hover="enumeration SVECmp { Cmp_EQ, Cmp_NE, Cmp_GE, Cmp_GT, Cmp_LT, Cmp_LE, Cmp_UN }">Cmp_GE</a> res = <a link="impl-shared.FPCompareGE.3" file="shared_pseudocode.xml" hover="function: boolean FPCompareGE(bits(N) op1, bits(N) op2, FPCRType fpcr)">FPCompareGE</a>(element, 0&lt;esize-1:0&gt;, FPCR&lt;31:0&gt;);
            when <a link="Cmp_GT" file="shared_pseudocode.xml" hover="enumeration SVECmp { Cmp_EQ, Cmp_NE, Cmp_GE, Cmp_GT, Cmp_LT, Cmp_LE, Cmp_UN }">Cmp_GT</a> res = <a link="impl-shared.FPCompareGT.3" file="shared_pseudocode.xml" hover="function: boolean FPCompareGT(bits(N) op1, bits(N) op2, FPCRType fpcr)">FPCompareGT</a>(element, 0&lt;esize-1:0&gt;, FPCR&lt;31:0&gt;);
            when <a link="Cmp_NE" file="shared_pseudocode.xml" hover="enumeration SVECmp { Cmp_EQ, Cmp_NE, Cmp_GE, Cmp_GT, Cmp_LT, Cmp_LE, Cmp_UN }">Cmp_NE</a> res = <a link="impl-aarch64.FPCompareNE.3" file="shared_pseudocode.xml" hover="function: boolean FPCompareNE(bits(N) op1, bits(N) op2, FPCRType fpcr)">FPCompareNE</a>(element, 0&lt;esize-1:0&gt;, FPCR&lt;31:0&gt;);
            when <a link="Cmp_LT" file="shared_pseudocode.xml" hover="enumeration SVECmp { Cmp_EQ, Cmp_NE, Cmp_GE, Cmp_GT, Cmp_LT, Cmp_LE, Cmp_UN }">Cmp_LT</a> res = <a link="impl-shared.FPCompareGT.3" file="shared_pseudocode.xml" hover="function: boolean FPCompareGT(bits(N) op1, bits(N) op2, FPCRType fpcr)">FPCompareGT</a>(0&lt;esize-1:0&gt;, element, FPCR&lt;31:0&gt;);
            when <a link="Cmp_LE" file="shared_pseudocode.xml" hover="enumeration SVECmp { Cmp_EQ, Cmp_NE, Cmp_GE, Cmp_GT, Cmp_LT, Cmp_LE, Cmp_UN }">Cmp_LE</a> res = <a link="impl-shared.FPCompareGE.3" file="shared_pseudocode.xml" hover="function: boolean FPCompareGE(bits(N) op1, bits(N) op2, FPCRType fpcr)">FPCompareGE</a>(0&lt;esize-1:0&gt;, element, FPCR&lt;31:0&gt;);
        <a link="impl-aarch64.ElemP.write.3" file="shared_pseudocode.xml" hover="accessor: ElemP[bits(N) &amp;pred, integer e, integer esize] = bit value">ElemP</a>[result, e, esize] = if res then '1' else '0';
    else
        <a link="impl-aarch64.ElemP.write.3" file="shared_pseudocode.xml" hover="accessor: ElemP[bits(N) &amp;pred, integer e, integer esize] = bit value">ElemP</a>[result, e, esize] = '0';

<a link="impl-aarch64.P.write.1" file="shared_pseudocode.xml" hover="accessor: P[integer n] = bits(width) value">P</a>[d] = result;</pstext>
    </ps>
  </ps_section>
</instructionsection>
