<?xml version="1.0" encoding="utf-8"?>
<?xml-stylesheet type="text/xsl" encoding="UTF-8" href="iform.xsl" version="1.0"?>
<!DOCTYPE instructionsection PUBLIC "-//ARM//DTD instructionsection //EN" "iform-p.dtd">
<!-- Copyright (c) 2010-2020 Arm Limited or its affiliates. All rights reserved. -->
<!-- This document is Non-Confidential. This document may only be used and distributed in accordance with the terms of the agreement entered into by Arm and the party that Arm delivered this document to. -->

<instructionsection id="FCMEQ_advsimd_reg" title="FCMEQ (register) -- A64" type="instruction">
  <docvars>
    <docvar key="instr-class" value="advsimd" />
    <docvar key="isa" value="A64" />
    <docvar key="mnemonic" value="FCMEQ" />
  </docvars>
  <heading>FCMEQ (register)</heading>
  <desc>
    <brief>
      <para>Floating-point Compare Equal (vector)</para>
    </brief>
    <authored>
      <para>Floating-point Compare Equal (vector). This instruction compares each floating-point value from the first source SIMD&amp;FP register, with the corresponding floating-point value from the second source SIMD&amp;FP register, and if the comparison is equal sets every bit of the corresponding vector element in the destination SIMD&amp;FP register to one, otherwise sets every bit of the corresponding vector element in the destination SIMD&amp;FP register to zero.</para>
      <para>This instruction can generate a floating-point exception. Depending on the settings in <xref linkend="AArch64.fpcr">FPCR</xref>, the exception results in either a flag being set in <xref linkend="AArch64.fpsr">FPSR</xref>, or a synchronous exception being generated. For more information, see <xref linkend="BEIJDDAG">Floating-point exception traps</xref>.</para>
      <para>Depending on the settings in the <xref linkend="AArch64.cpacr_el1">CPACR_EL1</xref>, <xref linkend="AArch64.cptr_el2">CPTR_EL2</xref>, and <xref linkend="AArch64.cptr_el3">CPTR_EL3</xref> registers, and the current Security state and Exception level, an attempt to execute the instruction might be trapped.</para>
    </authored>
  </desc>
  <alias_list howmany="0"></alias_list>
  <classes>
    <classesintro count="4">
      <txt>It has encodings from 4 classes:</txt>
      <a href="#FCMEQ_asisdsamefp16_only">Scalar half precision</a>
      <txt>, </txt>
      <a href="#FCMEQ_asisdsame_only">Scalar single-precision and double-precision</a>
      <txt>, </txt>
      <a href="#FCMEQ_asimdsamefp16_only">Vector half precision</a>
      <txt> and </txt>
      <a href="#FCMEQ_asimdsame_only">Vector single-precision and double-precision</a>
    </classesintro>
    <iclass name="Scalar half precision" oneof="4" id="FCMEQ_asisdsamefp16_only" no_encodings="1" isa="A64">
      <docvars>
        <docvar key="advsimd-datatype" value="sisd-half" />
        <docvar key="advsimd-type" value="sisd" />
        <docvar key="datatype" value="half" />
        <docvar key="instr-class" value="advsimd" />
        <docvar key="isa" value="A64" />
        <docvar key="mnemonic" value="FCMEQ" />
      </docvars>
      <iclassintro count="1"></iclassintro>
      <arch_variants>
        <arch_variant name="ARMv8.2" feature="ARMv8.2-FP16" />
      </arch_variants>
      <regdiagram form="32" psname="aarch64/instrs/vector/arithmetic/binary/uniform/cmp/fp16/sisd" tworows="1">
        <box hibit="31" width="2" settings="2">
          <c>0</c>
          <c>1</c>
        </box>
        <box hibit="29" name="U" usename="1" settings="1" psbits="x">
          <c>0</c>
        </box>
        <box hibit="28" width="5" settings="5">
          <c>1</c>
          <c>1</c>
          <c>1</c>
          <c>1</c>
          <c>0</c>
        </box>
        <box hibit="23" name="E" usename="1" settings="1" psbits="x">
          <c>0</c>
        </box>
        <box hibit="22" width="2" settings="2">
          <c>1</c>
          <c>0</c>
        </box>
        <box hibit="20" width="5" name="Rm" usename="1">
          <c colspan="5"></c>
        </box>
        <box hibit="15" width="2" settings="2">
          <c>0</c>
          <c>0</c>
        </box>
        <box hibit="13" width="2" settings="2">
          <c>1</c>
          <c>0</c>
        </box>
        <box hibit="11" name="ac" usename="1" settings="1" psbits="x">
          <c>0</c>
        </box>
        <box hibit="10" settings="1">
          <c>1</c>
        </box>
        <box hibit="9" width="5" name="Rn" usename="1">
          <c colspan="5"></c>
        </box>
        <box hibit="4" width="5" name="Rd" usename="1">
          <c colspan="5"></c>
        </box>
      </regdiagram>
      <encoding name="FCMEQ_asisdsamefp16_only" oneofinclass="1" oneof="4" label="Scalar half precision">
        <docvars>
          <docvar key="advsimd-datatype" value="sisd-half" />
          <docvar key="advsimd-type" value="sisd" />
          <docvar key="datatype" value="half" />
          <docvar key="instr-class" value="advsimd" />
          <docvar key="isa" value="A64" />
          <docvar key="mnemonic" value="FCMEQ" />
        </docvars>
        <asmtemplate><text>FCMEQ  </text><a link="hd" hover="16-bit SIMD&amp;FP destination register (field &quot;Rd&quot;)">&lt;Hd&gt;</a><text>, </text><a link="hn" hover="First 16-bit SIMD&amp;FP source register (field &quot;Rn&quot;)">&lt;Hn&gt;</a><text>, </text><a link="hm" hover="Second 16-bit SIMD&amp;FP source register (field &quot;Rm&quot;)">&lt;Hm&gt;</a></asmtemplate>
      </encoding>
      <ps_section howmany="1">
        <ps name="aarch64/instrs/vector/arithmetic/binary/uniform/cmp/fp16/sisd" mylink="aarch64.instrs.vector.arithmetic.binary.uniform.cmp.fp16.sisd" enclabels="" sections="1" secttype="noheading">
          <pstext mayhavelinks="1" section="Decode" rep_section="decode">if !<a link="impl-shared.HaveFP16Ext.0" file="shared_pseudocode.xml" hover="function: boolean HaveFP16Ext()">HaveFP16Ext</a>() then UNDEFINED;

integer d = <a link="impl-shared.UInt.1" file="shared_pseudocode.xml" hover="function: integer UInt(bits(N) x)">UInt</a>(Rd);
integer n = <a link="impl-shared.UInt.1" file="shared_pseudocode.xml" hover="function: integer UInt(bits(N) x)">UInt</a>(Rn);
integer m = <a link="impl-shared.UInt.1" file="shared_pseudocode.xml" hover="function: integer UInt(bits(N) x)">UInt</a>(Rm);
integer esize = 16;
integer datasize = esize;
integer elements = 1;
<a link="CompareOp" file="shared_pseudocode.xml" hover="enumeration CompareOp   {CompareOp_GT, CompareOp_GE, CompareOp_EQ,&#13; CompareOp_LE, CompareOp_LT}">CompareOp</a> cmp;
boolean abs;

case E:U:ac of
    when '000' cmp = <a link="CompareOp_EQ" file="shared_pseudocode.xml" hover="enumeration CompareOp   {CompareOp_GT, CompareOp_GE, CompareOp_EQ,&#13; CompareOp_LE, CompareOp_LT}">CompareOp_EQ</a>; abs = FALSE;
    when '010' cmp = <a link="CompareOp_GE" file="shared_pseudocode.xml" hover="enumeration CompareOp   {CompareOp_GT, CompareOp_GE, CompareOp_EQ,&#13; CompareOp_LE, CompareOp_LT}">CompareOp_GE</a>; abs = FALSE;
    when '011' cmp = <a link="CompareOp_GE" file="shared_pseudocode.xml" hover="enumeration CompareOp   {CompareOp_GT, CompareOp_GE, CompareOp_EQ,&#13; CompareOp_LE, CompareOp_LT}">CompareOp_GE</a>; abs = TRUE;
    when '110' cmp = <a link="CompareOp_GT" file="shared_pseudocode.xml" hover="enumeration CompareOp   {CompareOp_GT, CompareOp_GE, CompareOp_EQ,&#13; CompareOp_LE, CompareOp_LT}">CompareOp_GT</a>; abs = FALSE;
    when '111' cmp = <a link="CompareOp_GT" file="shared_pseudocode.xml" hover="enumeration CompareOp   {CompareOp_GT, CompareOp_GE, CompareOp_EQ,&#13; CompareOp_LE, CompareOp_LT}">CompareOp_GT</a>; abs = TRUE;
    otherwise  UNDEFINED;</pstext>
        </ps>
      </ps_section>
    </iclass>
    <iclass name="Scalar single-precision and double-precision" oneof="4" id="FCMEQ_asisdsame_only" no_encodings="1" isa="A64">
      <docvars>
        <docvar key="advsimd-datatype" value="sisd-single-and-double" />
        <docvar key="advsimd-type" value="sisd" />
        <docvar key="datatype" value="single-and-double" />
        <docvar key="instr-class" value="advsimd" />
        <docvar key="isa" value="A64" />
        <docvar key="mnemonic" value="FCMEQ" />
      </docvars>
      <iclassintro count="1"></iclassintro>
      <regdiagram form="32" psname="aarch64/instrs/vector/arithmetic/binary/uniform/cmp/fp/sisd" tworows="1">
        <box hibit="31" width="2" settings="2">
          <c>0</c>
          <c>1</c>
        </box>
        <box hibit="29" name="U" usename="1" settings="1" psbits="x">
          <c>0</c>
        </box>
        <box hibit="28" width="5" settings="5">
          <c>1</c>
          <c>1</c>
          <c>1</c>
          <c>1</c>
          <c>0</c>
        </box>
        <box hibit="23" name="E" usename="1" settings="1" psbits="x">
          <c>0</c>
        </box>
        <box hibit="22" name="sz" usename="1">
          <c></c>
        </box>
        <box hibit="21" settings="1">
          <c>1</c>
        </box>
        <box hibit="20" width="5" name="Rm" usename="1">
          <c colspan="5"></c>
        </box>
        <box hibit="15" width="4" settings="4">
          <c>1</c>
          <c>1</c>
          <c>1</c>
          <c>0</c>
        </box>
        <box hibit="11" name="ac" usename="1" settings="1" psbits="x">
          <c>0</c>
        </box>
        <box hibit="10" settings="1">
          <c>1</c>
        </box>
        <box hibit="9" width="5" name="Rn" usename="1">
          <c colspan="5"></c>
        </box>
        <box hibit="4" width="5" name="Rd" usename="1">
          <c colspan="5"></c>
        </box>
      </regdiagram>
      <encoding name="FCMEQ_asisdsame_only" oneofinclass="1" oneof="4" label="Scalar single-precision and double-precision">
        <docvars>
          <docvar key="advsimd-datatype" value="sisd-single-and-double" />
          <docvar key="advsimd-type" value="sisd" />
          <docvar key="datatype" value="single-and-double" />
          <docvar key="instr-class" value="advsimd" />
          <docvar key="isa" value="A64" />
          <docvar key="mnemonic" value="FCMEQ" />
        </docvars>
        <asmtemplate><text>FCMEQ  </text><a link="v" hover="Width specifier (field &quot;sz&quot;) [D,S]">&lt;V&gt;</a><a link="d" hover="SIMD&amp;FP destination register number (field &quot;Rd&quot;)">&lt;d&gt;</a><text>, </text><a link="v" hover="Width specifier (field &quot;sz&quot;) [D,S]">&lt;V&gt;</a><a link="n" hover="First SIMD&amp;FP source register number (field &quot;Rn&quot;)">&lt;n&gt;</a><text>, </text><a link="v" hover="Width specifier (field &quot;sz&quot;) [D,S]">&lt;V&gt;</a><a link="m" hover="Second SIMD&amp;FP source register number (field &quot;Rm&quot;)">&lt;m&gt;</a></asmtemplate>
      </encoding>
      <ps_section howmany="1">
        <ps name="aarch64/instrs/vector/arithmetic/binary/uniform/cmp/fp/sisd" mylink="aarch64.instrs.vector.arithmetic.binary.uniform.cmp.fp.sisd" enclabels="" sections="1" secttype="noheading">
          <pstext mayhavelinks="1" section="Decode" rep_section="decode">integer d = <a link="impl-shared.UInt.1" file="shared_pseudocode.xml" hover="function: integer UInt(bits(N) x)">UInt</a>(Rd);
integer n = <a link="impl-shared.UInt.1" file="shared_pseudocode.xml" hover="function: integer UInt(bits(N) x)">UInt</a>(Rn);
integer m = <a link="impl-shared.UInt.1" file="shared_pseudocode.xml" hover="function: integer UInt(bits(N) x)">UInt</a>(Rm);
integer esize = 32 &lt;&lt; <a link="impl-shared.UInt.1" file="shared_pseudocode.xml" hover="function: integer UInt(bits(N) x)">UInt</a>(sz);
integer datasize = esize;
integer elements = 1;
<a link="CompareOp" file="shared_pseudocode.xml" hover="enumeration CompareOp   {CompareOp_GT, CompareOp_GE, CompareOp_EQ,&#13; CompareOp_LE, CompareOp_LT}">CompareOp</a> cmp;
boolean abs;

case E:U:ac of
    when '000' cmp = <a link="CompareOp_EQ" file="shared_pseudocode.xml" hover="enumeration CompareOp   {CompareOp_GT, CompareOp_GE, CompareOp_EQ,&#13; CompareOp_LE, CompareOp_LT}">CompareOp_EQ</a>; abs = FALSE;
    when '010' cmp = <a link="CompareOp_GE" file="shared_pseudocode.xml" hover="enumeration CompareOp   {CompareOp_GT, CompareOp_GE, CompareOp_EQ,&#13; CompareOp_LE, CompareOp_LT}">CompareOp_GE</a>; abs = FALSE;
    when '011' cmp = <a link="CompareOp_GE" file="shared_pseudocode.xml" hover="enumeration CompareOp   {CompareOp_GT, CompareOp_GE, CompareOp_EQ,&#13; CompareOp_LE, CompareOp_LT}">CompareOp_GE</a>; abs = TRUE;
    when '110' cmp = <a link="CompareOp_GT" file="shared_pseudocode.xml" hover="enumeration CompareOp   {CompareOp_GT, CompareOp_GE, CompareOp_EQ,&#13; CompareOp_LE, CompareOp_LT}">CompareOp_GT</a>; abs = FALSE;
    when '111' cmp = <a link="CompareOp_GT" file="shared_pseudocode.xml" hover="enumeration CompareOp   {CompareOp_GT, CompareOp_GE, CompareOp_EQ,&#13; CompareOp_LE, CompareOp_LT}">CompareOp_GT</a>; abs = TRUE;
    otherwise  UNDEFINED;</pstext>
        </ps>
      </ps_section>
    </iclass>
    <iclass name="Vector half precision" oneof="4" id="FCMEQ_asimdsamefp16_only" no_encodings="1" isa="A64">
      <docvars>
        <docvar key="advsimd-datatype" value="simd-half" />
        <docvar key="advsimd-reguse" value="3reg-same" />
        <docvar key="advsimd-type" value="simd" />
        <docvar key="datatype" value="half" />
        <docvar key="instr-class" value="advsimd" />
        <docvar key="isa" value="A64" />
        <docvar key="mnemonic" value="FCMEQ" />
        <docvar key="reguse-datatype" value="3reg-same-half" />
      </docvars>
      <iclassintro count="1"></iclassintro>
      <arch_variants>
        <arch_variant name="ARMv8.2" feature="ARMv8.2-FP16" />
      </arch_variants>
      <regdiagram form="32" psname="aarch64/instrs/vector/arithmetic/binary/uniform/cmp/fp16/simd" tworows="1">
        <box hibit="31" settings="1">
          <c>0</c>
        </box>
        <box hibit="30" name="Q" usename="1">
          <c></c>
        </box>
        <box hibit="29" name="U" usename="1" settings="1" psbits="x">
          <c>0</c>
        </box>
        <box hibit="28" width="5" settings="5">
          <c>0</c>
          <c>1</c>
          <c>1</c>
          <c>1</c>
          <c>0</c>
        </box>
        <box hibit="23" name="E" usename="1" settings="1" psbits="x">
          <c>0</c>
        </box>
        <box hibit="22" width="2" settings="2">
          <c>1</c>
          <c>0</c>
        </box>
        <box hibit="20" width="5" name="Rm" usename="1">
          <c colspan="5"></c>
        </box>
        <box hibit="15" width="2" settings="2">
          <c>0</c>
          <c>0</c>
        </box>
        <box hibit="13" width="2" settings="2">
          <c>1</c>
          <c>0</c>
        </box>
        <box hibit="11" name="ac" usename="1" settings="1" psbits="x">
          <c>0</c>
        </box>
        <box hibit="10" settings="1">
          <c>1</c>
        </box>
        <box hibit="9" width="5" name="Rn" usename="1">
          <c colspan="5"></c>
        </box>
        <box hibit="4" width="5" name="Rd" usename="1">
          <c colspan="5"></c>
        </box>
      </regdiagram>
      <encoding name="FCMEQ_asimdsamefp16_only" oneofinclass="1" oneof="4" label="Vector half precision">
        <docvars>
          <docvar key="advsimd-datatype" value="simd-half" />
          <docvar key="advsimd-reguse" value="3reg-same" />
          <docvar key="advsimd-type" value="simd" />
          <docvar key="datatype" value="half" />
          <docvar key="instr-class" value="advsimd" />
          <docvar key="isa" value="A64" />
          <docvar key="mnemonic" value="FCMEQ" />
          <docvar key="reguse-datatype" value="3reg-same-half" />
        </docvars>
        <asmtemplate><text>FCMEQ  </text><a link="vd" hover="SIMD&amp;FP destination register (field &quot;Rd&quot;)">&lt;Vd&gt;</a><text>.</text><a link="t_1" hover="Arrangement specifier (field &quot;Q&quot;) [4H,8H]">&lt;T&gt;</a><text>, </text><a link="vn" hover="First SIMD&amp;FP source register (field &quot;Rn&quot;)">&lt;Vn&gt;</a><text>.</text><a link="t_1" hover="Arrangement specifier (field &quot;Q&quot;) [4H,8H]">&lt;T&gt;</a><text>, </text><a link="vm" hover="Second SIMD&amp;FP source register (field &quot;Rm&quot;)">&lt;Vm&gt;</a><text>.</text><a link="t_1" hover="Arrangement specifier (field &quot;Q&quot;) [4H,8H]">&lt;T&gt;</a></asmtemplate>
      </encoding>
      <ps_section howmany="1">
        <ps name="aarch64/instrs/vector/arithmetic/binary/uniform/cmp/fp16/simd" mylink="aarch64.instrs.vector.arithmetic.binary.uniform.cmp.fp16.simd" enclabels="" sections="1" secttype="noheading">
          <pstext mayhavelinks="1" section="Decode" rep_section="decode">if !<a link="impl-shared.HaveFP16Ext.0" file="shared_pseudocode.xml" hover="function: boolean HaveFP16Ext()">HaveFP16Ext</a>() then UNDEFINED;

integer d = <a link="impl-shared.UInt.1" file="shared_pseudocode.xml" hover="function: integer UInt(bits(N) x)">UInt</a>(Rd);
integer n = <a link="impl-shared.UInt.1" file="shared_pseudocode.xml" hover="function: integer UInt(bits(N) x)">UInt</a>(Rn);
integer m = <a link="impl-shared.UInt.1" file="shared_pseudocode.xml" hover="function: integer UInt(bits(N) x)">UInt</a>(Rm);
integer esize = 16;
integer datasize = if Q == '1' then 128 else 64;
integer elements = datasize DIV esize;
<a link="CompareOp" file="shared_pseudocode.xml" hover="enumeration CompareOp   {CompareOp_GT, CompareOp_GE, CompareOp_EQ,&#13; CompareOp_LE, CompareOp_LT}">CompareOp</a> cmp;
boolean abs;

case E:U:ac of
    when '000' cmp = <a link="CompareOp_EQ" file="shared_pseudocode.xml" hover="enumeration CompareOp   {CompareOp_GT, CompareOp_GE, CompareOp_EQ,&#13; CompareOp_LE, CompareOp_LT}">CompareOp_EQ</a>; abs = FALSE;
    when '010' cmp = <a link="CompareOp_GE" file="shared_pseudocode.xml" hover="enumeration CompareOp   {CompareOp_GT, CompareOp_GE, CompareOp_EQ,&#13; CompareOp_LE, CompareOp_LT}">CompareOp_GE</a>; abs = FALSE;
    when '011' cmp = <a link="CompareOp_GE" file="shared_pseudocode.xml" hover="enumeration CompareOp   {CompareOp_GT, CompareOp_GE, CompareOp_EQ,&#13; CompareOp_LE, CompareOp_LT}">CompareOp_GE</a>; abs = TRUE;
    when '110' cmp = <a link="CompareOp_GT" file="shared_pseudocode.xml" hover="enumeration CompareOp   {CompareOp_GT, CompareOp_GE, CompareOp_EQ,&#13; CompareOp_LE, CompareOp_LT}">CompareOp_GT</a>; abs = FALSE;
    when '111' cmp = <a link="CompareOp_GT" file="shared_pseudocode.xml" hover="enumeration CompareOp   {CompareOp_GT, CompareOp_GE, CompareOp_EQ,&#13; CompareOp_LE, CompareOp_LT}">CompareOp_GT</a>; abs = TRUE;
    otherwise  UNDEFINED;</pstext>
        </ps>
      </ps_section>
    </iclass>
    <iclass name="Vector single-precision and double-precision" oneof="4" id="FCMEQ_asimdsame_only" no_encodings="1" isa="A64">
      <docvars>
        <docvar key="advsimd-datatype" value="simd-single-and-double" />
        <docvar key="advsimd-reguse" value="3reg-same" />
        <docvar key="advsimd-type" value="simd" />
        <docvar key="datatype" value="single-and-double" />
        <docvar key="instr-class" value="advsimd" />
        <docvar key="isa" value="A64" />
        <docvar key="mnemonic" value="FCMEQ" />
        <docvar key="reguse-datatype" value="3reg-same-single-and-double" />
      </docvars>
      <iclassintro count="1"></iclassintro>
      <regdiagram form="32" psname="aarch64/instrs/vector/arithmetic/binary/uniform/cmp/fp/simd" tworows="1">
        <box hibit="31" settings="1">
          <c>0</c>
        </box>
        <box hibit="30" name="Q" usename="1">
          <c></c>
        </box>
        <box hibit="29" name="U" usename="1" settings="1" psbits="x">
          <c>0</c>
        </box>
        <box hibit="28" width="5" settings="5">
          <c>0</c>
          <c>1</c>
          <c>1</c>
          <c>1</c>
          <c>0</c>
        </box>
        <box hibit="23" name="E" usename="1" settings="1" psbits="x">
          <c>0</c>
        </box>
        <box hibit="22" name="sz" usename="1">
          <c></c>
        </box>
        <box hibit="21" settings="1">
          <c>1</c>
        </box>
        <box hibit="20" width="5" name="Rm" usename="1">
          <c colspan="5"></c>
        </box>
        <box hibit="15" width="4" settings="4">
          <c>1</c>
          <c>1</c>
          <c>1</c>
          <c>0</c>
        </box>
        <box hibit="11" name="ac" usename="1" settings="1" psbits="x">
          <c>0</c>
        </box>
        <box hibit="10" settings="1">
          <c>1</c>
        </box>
        <box hibit="9" width="5" name="Rn" usename="1">
          <c colspan="5"></c>
        </box>
        <box hibit="4" width="5" name="Rd" usename="1">
          <c colspan="5"></c>
        </box>
      </regdiagram>
      <encoding name="FCMEQ_asimdsame_only" oneofinclass="1" oneof="4" label="Vector single-precision and double-precision">
        <docvars>
          <docvar key="advsimd-datatype" value="simd-single-and-double" />
          <docvar key="advsimd-reguse" value="3reg-same" />
          <docvar key="advsimd-type" value="simd" />
          <docvar key="datatype" value="single-and-double" />
          <docvar key="instr-class" value="advsimd" />
          <docvar key="isa" value="A64" />
          <docvar key="mnemonic" value="FCMEQ" />
          <docvar key="reguse-datatype" value="3reg-same-single-and-double" />
        </docvars>
        <asmtemplate><text>FCMEQ  </text><a link="vd" hover="SIMD&amp;FP destination register (field &quot;Rd&quot;)">&lt;Vd&gt;</a><text>.</text><a link="t" hover="Arrangement specifier (field &quot;sz:Q&quot;) [2D,2S,4S]">&lt;T&gt;</a><text>, </text><a link="vn" hover="First SIMD&amp;FP source register (field &quot;Rn&quot;)">&lt;Vn&gt;</a><text>.</text><a link="t" hover="Arrangement specifier (field &quot;sz:Q&quot;) [2D,2S,4S]">&lt;T&gt;</a><text>, </text><a link="vm" hover="Second SIMD&amp;FP source register (field &quot;Rm&quot;)">&lt;Vm&gt;</a><text>.</text><a link="t" hover="Arrangement specifier (field &quot;sz:Q&quot;) [2D,2S,4S]">&lt;T&gt;</a></asmtemplate>
      </encoding>
      <ps_section howmany="1">
        <ps name="aarch64/instrs/vector/arithmetic/binary/uniform/cmp/fp/simd" mylink="aarch64.instrs.vector.arithmetic.binary.uniform.cmp.fp.simd" enclabels="" sections="1" secttype="noheading">
          <pstext mayhavelinks="1" section="Decode" rep_section="decode">integer d = <a link="impl-shared.UInt.1" file="shared_pseudocode.xml" hover="function: integer UInt(bits(N) x)">UInt</a>(Rd);
integer n = <a link="impl-shared.UInt.1" file="shared_pseudocode.xml" hover="function: integer UInt(bits(N) x)">UInt</a>(Rn);
integer m = <a link="impl-shared.UInt.1" file="shared_pseudocode.xml" hover="function: integer UInt(bits(N) x)">UInt</a>(Rm);
if sz:Q == '10' then UNDEFINED;
integer esize = 32 &lt;&lt; <a link="impl-shared.UInt.1" file="shared_pseudocode.xml" hover="function: integer UInt(bits(N) x)">UInt</a>(sz);
integer datasize = if Q == '1' then 128 else 64;
integer elements = datasize DIV esize;
<a link="CompareOp" file="shared_pseudocode.xml" hover="enumeration CompareOp   {CompareOp_GT, CompareOp_GE, CompareOp_EQ,&#13; CompareOp_LE, CompareOp_LT}">CompareOp</a> cmp;
boolean abs;

case E:U:ac of
    when '000' cmp = <a link="CompareOp_EQ" file="shared_pseudocode.xml" hover="enumeration CompareOp   {CompareOp_GT, CompareOp_GE, CompareOp_EQ,&#13; CompareOp_LE, CompareOp_LT}">CompareOp_EQ</a>; abs = FALSE;
    when '010' cmp = <a link="CompareOp_GE" file="shared_pseudocode.xml" hover="enumeration CompareOp   {CompareOp_GT, CompareOp_GE, CompareOp_EQ,&#13; CompareOp_LE, CompareOp_LT}">CompareOp_GE</a>; abs = FALSE;
    when '011' cmp = <a link="CompareOp_GE" file="shared_pseudocode.xml" hover="enumeration CompareOp   {CompareOp_GT, CompareOp_GE, CompareOp_EQ,&#13; CompareOp_LE, CompareOp_LT}">CompareOp_GE</a>; abs = TRUE;
    when '110' cmp = <a link="CompareOp_GT" file="shared_pseudocode.xml" hover="enumeration CompareOp   {CompareOp_GT, CompareOp_GE, CompareOp_EQ,&#13; CompareOp_LE, CompareOp_LT}">CompareOp_GT</a>; abs = FALSE;
    when '111' cmp = <a link="CompareOp_GT" file="shared_pseudocode.xml" hover="enumeration CompareOp   {CompareOp_GT, CompareOp_GE, CompareOp_EQ,&#13; CompareOp_LE, CompareOp_LT}">CompareOp_GT</a>; abs = TRUE;
    otherwise  UNDEFINED;</pstext>
        </ps>
      </ps_section>
    </iclass>
  </classes>
  <explanations scope="all">
    <explanation enclist="FCMEQ_asisdsamefp16_only" symboldefcount="1">
      <symbol link="hd">&lt;Hd&gt;</symbol>
      <account encodedin="Rd">
        <intro>
          <para>Is the 16-bit name of the SIMD&amp;FP destination register, encoded in the "Rd" field.</para>
        </intro>
      </account>
    </explanation>
    <explanation enclist="FCMEQ_asisdsamefp16_only" symboldefcount="1">
      <symbol link="hn">&lt;Hn&gt;</symbol>
      <account encodedin="Rn">
        <intro>
          <para>Is the 16-bit name of the first SIMD&amp;FP source register, encoded in the "Rn" field.</para>
        </intro>
      </account>
    </explanation>
    <explanation enclist="FCMEQ_asisdsamefp16_only" symboldefcount="1">
      <symbol link="hm">&lt;Hm&gt;</symbol>
      <account encodedin="Rm">
        <intro>
          <para>Is the 16-bit name of the second SIMD&amp;FP source register, encoded in the "Rm" field.</para>
        </intro>
      </account>
    </explanation>
    <explanation enclist="FCMEQ_asisdsame_only" symboldefcount="1">
      <symbol link="v">&lt;V&gt;</symbol>
      <definition encodedin="sz">
        <intro>Is a width specifier, </intro>
        <table class="valuetable">
          <tgroup cols="2">
            <thead>
              <row>
                <entry class="bitfield">sz</entry>
                <entry class="symbol">&lt;V&gt;</entry>
              </row>
            </thead>
            <tbody>
              <row>
                <entry class="bitfield">0</entry>
                <entry class="symbol">S</entry>
              </row>
              <row>
                <entry class="bitfield">1</entry>
                <entry class="symbol">D</entry>
              </row>
            </tbody>
          </tgroup>
        </table>
      </definition>
    </explanation>
    <explanation enclist="FCMEQ_asisdsame_only" symboldefcount="1">
      <symbol link="d">&lt;d&gt;</symbol>
      <account encodedin="Rd">
        <intro>
          <para>Is the number of the SIMD&amp;FP destination register, in the "Rd" field.</para>
        </intro>
      </account>
    </explanation>
    <explanation enclist="FCMEQ_asisdsame_only" symboldefcount="1">
      <symbol link="n">&lt;n&gt;</symbol>
      <account encodedin="Rn">
        <intro>
          <para>Is the number of the first SIMD&amp;FP source register, encoded in the "Rn" field.</para>
        </intro>
      </account>
    </explanation>
    <explanation enclist="FCMEQ_asisdsame_only" symboldefcount="1">
      <symbol link="m">&lt;m&gt;</symbol>
      <account encodedin="Rm">
        <intro>
          <para>Is the number of the second SIMD&amp;FP source register, encoded in the "Rm" field.</para>
        </intro>
      </account>
    </explanation>
    <explanation enclist="FCMEQ_asimdsame_only, FCMEQ_asimdsamefp16_only" symboldefcount="1">
      <symbol link="vd">&lt;Vd&gt;</symbol>
      <account encodedin="Rd">
        <intro>
          <para>Is the name of the SIMD&amp;FP destination register, encoded in the "Rd" field.</para>
        </intro>
      </account>
    </explanation>
    <explanation enclist="FCMEQ_asimdsamefp16_only" symboldefcount="1">
      <symbol link="t_1">&lt;T&gt;</symbol>
      <definition encodedin="Q">
        <intro>For the vector half precision variant: is an arrangement specifier, </intro>
        <table class="valuetable">
          <tgroup cols="2">
            <thead>
              <row>
                <entry class="bitfield">Q</entry>
                <entry class="symbol">&lt;T&gt;</entry>
              </row>
            </thead>
            <tbody>
              <row>
                <entry class="bitfield">0</entry>
                <entry class="symbol">4H</entry>
              </row>
              <row>
                <entry class="bitfield">1</entry>
                <entry class="symbol">8H</entry>
              </row>
            </tbody>
          </tgroup>
        </table>
      </definition>
    </explanation>
    <explanation enclist="FCMEQ_asimdsame_only" symboldefcount="2">
      <symbol link="t">&lt;T&gt;</symbol>
      <definition encodedin="sz:Q">
        <intro>For the vector single-precision and double-precision variant: is an arrangement specifier, </intro>
        <table class="valuetable">
          <tgroup cols="3">
            <thead>
              <row>
                <entry class="bitfield">sz</entry>
                <entry class="bitfield">Q</entry>
                <entry class="symbol">&lt;T&gt;</entry>
              </row>
            </thead>
            <tbody>
              <row>
                <entry class="bitfield">0</entry>
                <entry class="bitfield">0</entry>
                <entry class="symbol">2S</entry>
              </row>
              <row>
                <entry class="bitfield">0</entry>
                <entry class="bitfield">1</entry>
                <entry class="symbol">4S</entry>
              </row>
              <row>
                <entry class="bitfield">1</entry>
                <entry class="bitfield">0</entry>
                <entry class="symbol">RESERVED</entry>
              </row>
              <row>
                <entry class="bitfield">1</entry>
                <entry class="bitfield">1</entry>
                <entry class="symbol">2D</entry>
              </row>
            </tbody>
          </tgroup>
        </table>
      </definition>
    </explanation>
    <explanation enclist="FCMEQ_asimdsame_only, FCMEQ_asimdsamefp16_only" symboldefcount="1">
      <symbol link="vn">&lt;Vn&gt;</symbol>
      <account encodedin="Rn">
        <intro>
          <para>Is the name of the first SIMD&amp;FP source register, encoded in the "Rn" field.</para>
        </intro>
      </account>
    </explanation>
    <explanation enclist="FCMEQ_asimdsame_only, FCMEQ_asimdsamefp16_only" symboldefcount="1">
      <symbol link="vm">&lt;Vm&gt;</symbol>
      <account encodedin="Rm">
        <intro>
          <para>Is the name of the second SIMD&amp;FP source register, encoded in the "Rm" field.</para>
        </intro>
      </account>
    </explanation>
  </explanations>
  <ps_section howmany="1">
    <ps name="aarch64/instrs/vector/arithmetic/binary/uniform/cmp/fp16/sisd" mylink="commonps" enclabels="" sections="1" secttype="Operation">
      <pstext mayhavelinks="1" section="Execute" rep_section="execute"><a link="impl-aarch64.CheckFPAdvSIMDEnabled64.0" file="shared_pseudocode.xml" hover="function: CheckFPAdvSIMDEnabled64()">CheckFPAdvSIMDEnabled64</a>();
bits(datasize) operand1 = <a link="impl-aarch64.V.read.1" file="shared_pseudocode.xml" hover="accessor: bits(width) V[integer n]">V</a>[n];
bits(datasize) operand2 = <a link="impl-aarch64.V.read.1" file="shared_pseudocode.xml" hover="accessor: bits(width) V[integer n]">V</a>[m];
bits(datasize) result;
bits(esize) element1;
bits(esize) element2;
boolean test_passed;

for e = 0 to elements-1
    element1 = <a link="impl-shared.Elem.read.3" file="shared_pseudocode.xml" hover="accessor: bits(size) Elem[bits(N) vector, integer e, integer size]">Elem</a>[operand1, e, esize];
    element2 = <a link="impl-shared.Elem.read.3" file="shared_pseudocode.xml" hover="accessor: bits(size) Elem[bits(N) vector, integer e, integer size]">Elem</a>[operand2, e, esize];
    if abs then
        element1 = <a link="impl-shared.FPAbs.1" file="shared_pseudocode.xml" hover="function: bits(N) FPAbs(bits(N) op)">FPAbs</a>(element1);
        element2 = <a link="impl-shared.FPAbs.1" file="shared_pseudocode.xml" hover="function: bits(N) FPAbs(bits(N) op)">FPAbs</a>(element2);
    case cmp of
        when <a link="CompareOp_EQ" file="shared_pseudocode.xml" hover="enumeration CompareOp   {CompareOp_GT, CompareOp_GE, CompareOp_EQ,&#13; CompareOp_LE, CompareOp_LT}">CompareOp_EQ</a> test_passed = <a link="impl-shared.FPCompareEQ.3" file="shared_pseudocode.xml" hover="function: boolean FPCompareEQ(bits(N) op1, bits(N) op2, FPCRType fpcr)">FPCompareEQ</a>(element1, element2, FPCR);
        when <a link="CompareOp_GE" file="shared_pseudocode.xml" hover="enumeration CompareOp   {CompareOp_GT, CompareOp_GE, CompareOp_EQ,&#13; CompareOp_LE, CompareOp_LT}">CompareOp_GE</a> test_passed = <a link="impl-shared.FPCompareGE.3" file="shared_pseudocode.xml" hover="function: boolean FPCompareGE(bits(N) op1, bits(N) op2, FPCRType fpcr)">FPCompareGE</a>(element1, element2, FPCR);
        when <a link="CompareOp_GT" file="shared_pseudocode.xml" hover="enumeration CompareOp   {CompareOp_GT, CompareOp_GE, CompareOp_EQ,&#13; CompareOp_LE, CompareOp_LT}">CompareOp_GT</a> test_passed = <a link="impl-shared.FPCompareGT.3" file="shared_pseudocode.xml" hover="function: boolean FPCompareGT(bits(N) op1, bits(N) op2, FPCRType fpcr)">FPCompareGT</a>(element1, element2, FPCR);
    <a link="impl-shared.Elem.write.3" file="shared_pseudocode.xml" hover="accessor: Elem[bits(N) &amp;vector, integer e, integer size] = bits(size) value">Elem</a>[result, e, esize] = if test_passed then <a link="impl-shared.Ones.0" file="shared_pseudocode.xml" hover="function: bits(N) Ones()">Ones</a>() else <a link="impl-shared.Zeros.0" file="shared_pseudocode.xml" hover="function: bits(N) Zeros()">Zeros</a>();

<a link="impl-aarch64.V.write.1" file="shared_pseudocode.xml" hover="accessor: V[integer n] = bits(width) value">V</a>[d] = result;</pstext>
    </ps>
  </ps_section>
</instructionsection>
