<?xml version="1.0" encoding="utf-8"?>
<?xml-stylesheet type="text/xsl" encoding="UTF-8" href="iform.xsl" version="1.0"?>
<!DOCTYPE instructionsection PUBLIC "-//ARM//DTD instructionsection //EN" "iform-p.dtd">
<!-- Copyright (c) 2010-2020 Arm Limited or its affiliates. All rights reserved. -->
<!-- This document is Non-Confidential. This document may only be used and distributed in accordance with the terms of the agreement entered into by Arm and the party that Arm delivered this document to. -->

<instructionsection id="FCMLA_advsimd_elt" title="FCMLA (by element) -- A64" type="instruction">
  <docvars>
    <docvar key="advsimd-reguse" value="2reg-element" />
    <docvar key="instr-class" value="advsimd" />
    <docvar key="isa" value="A64" />
    <docvar key="mnemonic" value="FCMLA" />
  </docvars>
  <heading>FCMLA (by element)</heading>
  <desc>
    <brief>
      <para>Floating-point Complex Multiply Accumulate (by element)</para>
    </brief>
    <authored>
      <para>Floating-point Complex Multiply Accumulate (by element).</para>
      <para>This instruction operates on complex numbers that are represented in SIMD&amp;FP registers as pairs of elements, with the more significant element holding the imaginary part of the number and the less significant element holding the real part of the number. Each element holds a floating-point value. It performs the following computation on complex numbers from the first source register and the destination register with the specified complex number from the second source register:</para>
      <list type="unordered">
        <listitem><content>Considering the complex number from the second source register on an Argand diagram, the number is rotated counterclockwise by 0, 90, 180, or 270 degrees.</content></listitem>
        <listitem><content>The two elements of the transformed complex number are multiplied by:<list type="unordered"><listitem><content>The real element of the complex number from the first source register, if the transformation was a rotation by 0 or 180 degrees.</content></listitem><listitem><content>The imaginary element of the complex number from the first source register, if the transformation was a rotation by 90 or 270 degrees.</content></listitem></list></content></listitem>
        <listitem><content>The complex number resulting from that multiplication is added to the complex number from the destination register.</content></listitem>
      </list>
      <para>The multiplication and addition operations are performed as a fused multiply-add, without any intermediate rounding.</para>
      <para>This instruction can generate a floating-point exception. Depending on the settings in <xref linkend="AArch64.fpcr">FPCR</xref>, the exception results in either a flag being set in <xref linkend="AArch64.fpsr">FPSR</xref> or a synchronous exception being generated. For more information, see <xref linkend="BEIJDDAG">Floating-point exception traps</xref>.</para>
      <para>Depending on the settings in the <xref linkend="AArch64.cpacr_el1">CPACR_EL1</xref>, <xref linkend="AArch64.cptr_el2">CPTR_EL2</xref>, and <xref linkend="AArch64.cptr_el3">CPTR_EL3</xref> registers, and the current Security state and Exception level, an attempt to execute the instruction might be trapped.</para>
    </authored>
  </desc>
  <alias_list howmany="0"></alias_list>
  <classes>
    <iclass name="Vector" oneof="1" id="2reg_element" no_encodings="2" isa="A64">
      <docvars>
        <docvar key="advsimd-reguse" value="2reg-element" />
        <docvar key="instr-class" value="advsimd" />
        <docvar key="isa" value="A64" />
        <docvar key="mnemonic" value="FCMLA" />
      </docvars>
      <iclassintro count="2"></iclassintro>
      <arch_variants>
        <arch_variant name="ARMv8.3" feature="ARMv8.3-CompNum" />
      </arch_variants>
      <regdiagram form="32" psname="aarch64/instrs/vector/arithmetic/binary/element/mul-acc/complex">
        <box hibit="31" settings="1">
          <c>0</c>
        </box>
        <box hibit="30" name="Q" usename="1">
          <c></c>
        </box>
        <box hibit="29" name="U" settings="1">
          <c>1</c>
        </box>
        <box hibit="28" width="5" settings="5">
          <c>0</c>
          <c>1</c>
          <c>1</c>
          <c>1</c>
          <c>1</c>
        </box>
        <box hibit="23" width="2" name="size" usename="1">
          <c colspan="2"></c>
        </box>
        <box hibit="21" name="L" usename="1">
          <c></c>
        </box>
        <box hibit="20" name="M" usename="1">
          <c></c>
        </box>
        <box hibit="19" width="4" name="Rm" usename="1">
          <c colspan="4"></c>
        </box>
        <box hibit="15" settings="1">
          <c>0</c>
        </box>
        <box hibit="14" width="2" name="rot" usename="1">
          <c colspan="2"></c>
        </box>
        <box hibit="12" settings="1">
          <c>1</c>
        </box>
        <box hibit="11" name="H" usename="1">
          <c></c>
        </box>
        <box hibit="10" settings="1">
          <c>0</c>
        </box>
        <box hibit="9" width="5" name="Rn" usename="1">
          <c colspan="5"></c>
        </box>
        <box hibit="4" width="5" name="Rd" usename="1">
          <c colspan="5"></c>
        </box>
      </regdiagram>
      <encoding name="FCMLA_asimdelem_C_H" oneofinclass="2" oneof="2" label="" bitdiffs="size == 01">
        <docvars>
          <docvar key="advsimd-reguse" value="2reg-element" />
          <docvar key="instr-class" value="advsimd" />
          <docvar key="isa" value="A64" />
          <docvar key="mnemonic" value="FCMLA" />
        </docvars>
        <box hibit="23" width="2" name="size">
          <c>0</c>
          <c>1</c>
        </box>
        <asmtemplate><text>FCMLA  </text><a link="vd" hover="SIMD&amp;FP destination register (field &quot;Rd&quot;)">&lt;Vd&gt;</a><text>.</text><a link="t" hover="Arrangement specifier (field &quot;size:Q&quot;) [4H,4S,8H]">&lt;T&gt;</a><text>, </text><a link="vn" hover="First SIMD&amp;FP source register (field &quot;Rn&quot;)">&lt;Vn&gt;</a><text>.</text><a link="t" hover="Arrangement specifier (field &quot;size:Q&quot;) [4H,4S,8H]">&lt;T&gt;</a><text>, </text><a link="vm" hover="Second SIMD&amp;FP source register (field &quot;M:Rm&quot;)">&lt;Vm&gt;</a><text>.</text><a link="ts" hover="Element size specifier (field &quot;size&quot;) [H,S]">&lt;Ts&gt;</a><text>[</text><a link="index" hover="Element index (field &quot;size:H:L&quot;) [H,H:L]">&lt;index&gt;</a><text>], #</text><a link="rotate" hover="Rotation (field &quot;rot&quot;) [0,90,180,270]">&lt;rotate&gt;</a></asmtemplate>
      </encoding>
      <encoding name="FCMLA_asimdelem_C_S" oneofinclass="2" oneof="2" label="" bitdiffs="size == 10">
        <docvars>
          <docvar key="advsimd-reguse" value="2reg-element" />
          <docvar key="instr-class" value="advsimd" />
          <docvar key="isa" value="A64" />
          <docvar key="mnemonic" value="FCMLA" />
        </docvars>
        <box hibit="23" width="2" name="size">
          <c>1</c>
          <c>0</c>
        </box>
        <asmtemplate><text>FCMLA  </text><a link="vd" hover="SIMD&amp;FP destination register (field &quot;Rd&quot;)">&lt;Vd&gt;</a><text>.</text><a link="t" hover="Arrangement specifier (field &quot;size:Q&quot;) [4H,4S,8H]">&lt;T&gt;</a><text>, </text><a link="vn" hover="First SIMD&amp;FP source register (field &quot;Rn&quot;)">&lt;Vn&gt;</a><text>.</text><a link="t" hover="Arrangement specifier (field &quot;size:Q&quot;) [4H,4S,8H]">&lt;T&gt;</a><text>, </text><a link="vm" hover="Second SIMD&amp;FP source register (field &quot;M:Rm&quot;)">&lt;Vm&gt;</a><text>.</text><a link="ts" hover="Element size specifier (field &quot;size&quot;) [H,S]">&lt;Ts&gt;</a><text>[</text><a link="index" hover="Element index (field &quot;size:H:L&quot;) [H,H:L]">&lt;index&gt;</a><text>], #</text><a link="rotate" hover="Rotation (field &quot;rot&quot;) [0,90,180,270]">&lt;rotate&gt;</a></asmtemplate>
      </encoding>
      <ps_section howmany="1">
        <ps name="aarch64/instrs/vector/arithmetic/binary/element/mul-acc/complex" mylink="aarch64.instrs.vector.arithmetic.binary.element.mul-acc.complex" enclabels="" sections="1" secttype="noheading">
          <pstext mayhavelinks="1" section="Decode" rep_section="decode">if !<a link="impl-shared.HaveFCADDExt.0" file="shared_pseudocode.xml" hover="function: boolean HaveFCADDExt()">HaveFCADDExt</a>() then UNDEFINED;
integer d = <a link="impl-shared.UInt.1" file="shared_pseudocode.xml" hover="function: integer UInt(bits(N) x)">UInt</a>(Rd);
integer n = <a link="impl-shared.UInt.1" file="shared_pseudocode.xml" hover="function: integer UInt(bits(N) x)">UInt</a>(Rn);
integer m = <a link="impl-shared.UInt.1" file="shared_pseudocode.xml" hover="function: integer UInt(bits(N) x)">UInt</a>(M:Rm);
if size == '00' || size == '11' then UNDEFINED;
if size == '01' then index = <a link="impl-shared.UInt.1" file="shared_pseudocode.xml" hover="function: integer UInt(bits(N) x)">UInt</a>(H:L);
if size == '10' then index = <a link="impl-shared.UInt.1" file="shared_pseudocode.xml" hover="function: integer UInt(bits(N) x)">UInt</a>(H);
integer esize = 8 &lt;&lt; <a link="impl-shared.UInt.1" file="shared_pseudocode.xml" hover="function: integer UInt(bits(N) x)">UInt</a>(size);
if !<a link="impl-shared.HaveFP16Ext.0" file="shared_pseudocode.xml" hover="function: boolean HaveFP16Ext()">HaveFP16Ext</a>() &amp;&amp; esize == 16 then UNDEFINED;
integer datasize = if Q == '1' then 128 else 64;
integer elements = datasize DIV esize;
if size == '10' &amp;&amp; (L == '1' || Q == '0') then UNDEFINED; 
if size == '01' &amp;&amp; H == '1' &amp;&amp; Q=='0' then UNDEFINED;</pstext>
        </ps>
      </ps_section>
    </iclass>
  </classes>
  <explanations scope="all">
    <explanation enclist="FCMLA_asimdelem_C_H, FCMLA_asimdelem_C_S" symboldefcount="1">
      <symbol link="vd">&lt;Vd&gt;</symbol>
      <account encodedin="Rd">
        <intro>
          <para>Is the name of the SIMD&amp;FP destination register, encoded in the "Rd" field.</para>
        </intro>
      </account>
    </explanation>
    <explanation enclist="FCMLA_asimdelem_C_H, FCMLA_asimdelem_C_S" symboldefcount="1">
      <symbol link="t">&lt;T&gt;</symbol>
      <definition encodedin="size:Q">
        <intro>Is an arrangement specifier, </intro>
        <table class="valuetable">
          <tgroup cols="3">
            <thead>
              <row>
                <entry class="bitfield">size</entry>
                <entry class="bitfield">Q</entry>
                <entry class="symbol">&lt;T&gt;</entry>
              </row>
            </thead>
            <tbody>
              <row>
                <entry class="bitfield">00</entry>
                <entry class="bitfield">x</entry>
                <entry class="symbol">RESERVED</entry>
              </row>
              <row>
                <entry class="bitfield">01</entry>
                <entry class="bitfield">0</entry>
                <entry class="symbol">4H</entry>
              </row>
              <row>
                <entry class="bitfield">01</entry>
                <entry class="bitfield">1</entry>
                <entry class="symbol">8H</entry>
              </row>
              <row>
                <entry class="bitfield">10</entry>
                <entry class="bitfield">0</entry>
                <entry class="symbol">RESERVED</entry>
              </row>
              <row>
                <entry class="bitfield">10</entry>
                <entry class="bitfield">1</entry>
                <entry class="symbol">4S</entry>
              </row>
              <row>
                <entry class="bitfield">11</entry>
                <entry class="bitfield">x</entry>
                <entry class="symbol">RESERVED</entry>
              </row>
            </tbody>
          </tgroup>
        </table>
      </definition>
    </explanation>
    <explanation enclist="FCMLA_asimdelem_C_H, FCMLA_asimdelem_C_S" symboldefcount="1">
      <symbol link="vn">&lt;Vn&gt;</symbol>
      <account encodedin="Rn">
        <intro>
          <para>Is the name of the first SIMD&amp;FP source register, encoded in the "Rn" field.</para>
        </intro>
      </account>
    </explanation>
    <explanation enclist="FCMLA_asimdelem_C_H, FCMLA_asimdelem_C_S" symboldefcount="1">
      <symbol link="vm">&lt;Vm&gt;</symbol>
      <account encodedin="M:Rm">
        <intro>
          <para>Is the name of the second SIMD&amp;FP source register, encoded in the "M:Rm" fields.</para>
        </intro>
      </account>
    </explanation>
    <explanation enclist="FCMLA_asimdelem_C_H, FCMLA_asimdelem_C_S" symboldefcount="1">
      <symbol link="ts">&lt;Ts&gt;</symbol>
      <definition encodedin="size">
        <intro>Is an element size specifier, </intro>
        <table class="valuetable">
          <tgroup cols="2">
            <thead>
              <row>
                <entry class="bitfield">size</entry>
                <entry class="symbol">&lt;Ts&gt;</entry>
              </row>
            </thead>
            <tbody>
              <row>
                <entry class="bitfield">00</entry>
                <entry class="symbol">RESERVED</entry>
              </row>
              <row>
                <entry class="bitfield">01</entry>
                <entry class="symbol">H</entry>
              </row>
              <row>
                <entry class="bitfield">10</entry>
                <entry class="symbol">S</entry>
              </row>
              <row>
                <entry class="bitfield">11</entry>
                <entry class="symbol">RESERVED</entry>
              </row>
            </tbody>
          </tgroup>
        </table>
      </definition>
    </explanation>
    <explanation enclist="FCMLA_asimdelem_C_H, FCMLA_asimdelem_C_S" symboldefcount="1">
      <symbol link="index">&lt;index&gt;</symbol>
      <definition encodedin="size:H:L">
        <intro>Is the element index, </intro>
        <table class="valuetable">
          <tgroup cols="2">
            <thead>
              <row>
                <entry class="bitfield">size</entry>
                <entry class="symbol">&lt;index&gt;</entry>
              </row>
            </thead>
            <tbody>
              <row>
                <entry class="bitfield">00</entry>
                <entry class="symbol">RESERVED</entry>
              </row>
              <row>
                <entry class="bitfield">01</entry>
                <entry class="symbol">H:L</entry>
              </row>
              <row>
                <entry class="bitfield">10</entry>
                <entry class="symbol">H</entry>
              </row>
              <row>
                <entry class="bitfield">11</entry>
                <entry class="symbol">RESERVED</entry>
              </row>
            </tbody>
          </tgroup>
        </table>
      </definition>
    </explanation>
    <explanation enclist="FCMLA_asimdelem_C_H, FCMLA_asimdelem_C_S" symboldefcount="1">
      <symbol link="rotate">&lt;rotate&gt;</symbol>
      <definition encodedin="rot">
        <intro>Is the rotation, </intro>
        <table class="valuetable">
          <tgroup cols="2">
            <thead>
              <row>
                <entry class="bitfield">rot</entry>
                <entry class="symbol">&lt;rotate&gt;</entry>
              </row>
            </thead>
            <tbody>
              <row>
                <entry class="bitfield">00</entry>
                <entry class="symbol">0</entry>
              </row>
              <row>
                <entry class="bitfield">01</entry>
                <entry class="symbol">90</entry>
              </row>
              <row>
                <entry class="bitfield">10</entry>
                <entry class="symbol">180</entry>
              </row>
              <row>
                <entry class="bitfield">11</entry>
                <entry class="symbol">270</entry>
              </row>
            </tbody>
          </tgroup>
        </table>
      </definition>
    </explanation>
  </explanations>
  <ps_section howmany="1">
    <ps name="aarch64/instrs/vector/arithmetic/binary/element/mul-acc/complex" mylink="commonps" enclabels="" sections="1" secttype="Operation">
      <pstext mayhavelinks="1" section="Execute" rep_section="execute"><a link="impl-aarch64.CheckFPAdvSIMDEnabled64.0" file="shared_pseudocode.xml" hover="function: CheckFPAdvSIMDEnabled64()">CheckFPAdvSIMDEnabled64</a>();
bits(datasize) operand1 = <a link="impl-aarch64.V.read.1" file="shared_pseudocode.xml" hover="accessor: bits(width) V[integer n]">V</a>[n];
bits(datasize) operand2 = <a link="impl-aarch64.V.read.1" file="shared_pseudocode.xml" hover="accessor: bits(width) V[integer n]">V</a>[m];
bits(datasize) operand3 = <a link="impl-aarch64.V.read.1" file="shared_pseudocode.xml" hover="accessor: bits(width) V[integer n]">V</a>[d];
bits(datasize) result;

for e = 0 to (elements DIV 2) -1 
    case rot of 
        when '00'
            element1 = <a link="impl-shared.Elem.read.3" file="shared_pseudocode.xml" hover="accessor: bits(size) Elem[bits(N) vector, integer e, integer size]">Elem</a>[operand2, index*2, esize]; 
            element2 = <a link="impl-shared.Elem.read.3" file="shared_pseudocode.xml" hover="accessor: bits(size) Elem[bits(N) vector, integer e, integer size]">Elem</a>[operand1, e*2, esize];
            element3 = <a link="impl-shared.Elem.read.3" file="shared_pseudocode.xml" hover="accessor: bits(size) Elem[bits(N) vector, integer e, integer size]">Elem</a>[operand2, index*2+1, esize];
            element4 = <a link="impl-shared.Elem.read.3" file="shared_pseudocode.xml" hover="accessor: bits(size) Elem[bits(N) vector, integer e, integer size]">Elem</a>[operand1, e*2, esize];
        when '01'
            element1 = <a link="impl-shared.FPNeg.1" file="shared_pseudocode.xml" hover="function: bits(N) FPNeg(bits(N) op)">FPNeg</a>(<a link="impl-shared.Elem.read.3" file="shared_pseudocode.xml" hover="accessor: bits(size) Elem[bits(N) vector, integer e, integer size]">Elem</a>[operand2, index*2+1, esize]); 
            element2 = <a link="impl-shared.Elem.read.3" file="shared_pseudocode.xml" hover="accessor: bits(size) Elem[bits(N) vector, integer e, integer size]">Elem</a>[operand1, e*2+1, esize];
            element3 = <a link="impl-shared.Elem.read.3" file="shared_pseudocode.xml" hover="accessor: bits(size) Elem[bits(N) vector, integer e, integer size]">Elem</a>[operand2, index*2, esize];
            element4 = <a link="impl-shared.Elem.read.3" file="shared_pseudocode.xml" hover="accessor: bits(size) Elem[bits(N) vector, integer e, integer size]">Elem</a>[operand1, e*2+1, esize];
        when '10'
            element1 = <a link="impl-shared.FPNeg.1" file="shared_pseudocode.xml" hover="function: bits(N) FPNeg(bits(N) op)">FPNeg</a>(<a link="impl-shared.Elem.read.3" file="shared_pseudocode.xml" hover="accessor: bits(size) Elem[bits(N) vector, integer e, integer size]">Elem</a>[operand2, index*2,esize]); 
            element2 = <a link="impl-shared.Elem.read.3" file="shared_pseudocode.xml" hover="accessor: bits(size) Elem[bits(N) vector, integer e, integer size]">Elem</a>[operand1, e*2, esize];
            element3 = <a link="impl-shared.FPNeg.1" file="shared_pseudocode.xml" hover="function: bits(N) FPNeg(bits(N) op)">FPNeg</a>(<a link="impl-shared.Elem.read.3" file="shared_pseudocode.xml" hover="accessor: bits(size) Elem[bits(N) vector, integer e, integer size]">Elem</a>[operand2, index*2+1, esize]);
            element4 = <a link="impl-shared.Elem.read.3" file="shared_pseudocode.xml" hover="accessor: bits(size) Elem[bits(N) vector, integer e, integer size]">Elem</a>[operand1, e*2, esize];
        when '11'
            element1 = <a link="impl-shared.Elem.read.3" file="shared_pseudocode.xml" hover="accessor: bits(size) Elem[bits(N) vector, integer e, integer size]">Elem</a>[operand2, index*2+1, esize]; 
            element2 = <a link="impl-shared.Elem.read.3" file="shared_pseudocode.xml" hover="accessor: bits(size) Elem[bits(N) vector, integer e, integer size]">Elem</a>[operand1, e*2+1, esize];
            element3 = <a link="impl-shared.FPNeg.1" file="shared_pseudocode.xml" hover="function: bits(N) FPNeg(bits(N) op)">FPNeg</a>(<a link="impl-shared.Elem.read.3" file="shared_pseudocode.xml" hover="accessor: bits(size) Elem[bits(N) vector, integer e, integer size]">Elem</a>[operand2, index*2, esize]);
            element4 = <a link="impl-shared.Elem.read.3" file="shared_pseudocode.xml" hover="accessor: bits(size) Elem[bits(N) vector, integer e, integer size]">Elem</a>[operand1, e*2+1, esize];

    <a link="impl-shared.Elem.write.3" file="shared_pseudocode.xml" hover="accessor: Elem[bits(N) &amp;vector, integer e, integer size] = bits(size) value">Elem</a>[result, e*2,   esize] = <a link="impl-shared.FPMulAdd.4" file="shared_pseudocode.xml" hover="function: bits(N) FPMulAdd(bits(N) addend, bits(N) op1, bits(N) op2, FPCRType fpcr)">FPMulAdd</a>(<a link="impl-shared.Elem.read.3" file="shared_pseudocode.xml" hover="accessor: bits(size) Elem[bits(N) vector, integer e, integer size]">Elem</a>[operand3, e*2, esize], element2, element1, FPCR);
    <a link="impl-shared.Elem.write.3" file="shared_pseudocode.xml" hover="accessor: Elem[bits(N) &amp;vector, integer e, integer size] = bits(size) value">Elem</a>[result, e*2+1, esize] = <a link="impl-shared.FPMulAdd.4" file="shared_pseudocode.xml" hover="function: bits(N) FPMulAdd(bits(N) addend, bits(N) op1, bits(N) op2, FPCRType fpcr)">FPMulAdd</a>(<a link="impl-shared.Elem.read.3" file="shared_pseudocode.xml" hover="accessor: bits(size) Elem[bits(N) vector, integer e, integer size]">Elem</a>[operand3, e*2+1, esize], element4, element3, FPCR);

<a link="impl-aarch64.V.write.1" file="shared_pseudocode.xml" hover="accessor: V[integer n] = bits(width) value">V</a>[d] = result;</pstext>
    </ps>
  </ps_section>
</instructionsection>
