<?xml version="1.0" encoding="utf-8"?>
<?xml-stylesheet type="text/xsl" encoding="UTF-8" href="iform.xsl" version="1.0"?>
<!DOCTYPE instructionsection PUBLIC "-//ARM//DTD instructionsection //EN" "iform-p.dtd">
<!-- Copyright (c) 2010-2020 Arm Limited or its affiliates. All rights reserved. -->
<!-- This document is Non-Confidential. This document may only be used and distributed in accordance with the terms of the agreement entered into by Arm and the party that Arm delivered this document to. -->

<instructionsection id="FCVTL_advsimd" title="FCVTL, FCVTL2 -- A64" type="instruction">
  <docvars>
    <docvar key="advsimd-datatype" value="simd-single-and-double" />
    <docvar key="advsimd-type" value="simd" />
    <docvar key="datatype" value="single-and-double" />
    <docvar key="instr-class" value="advsimd" />
    <docvar key="isa" value="A64" />
    <docvar key="mnemonic" value="FCVTL" />
  </docvars>
  <heading>FCVTL, FCVTL2</heading>
  <desc>
    <brief>
      <para>Floating-point Convert to higher precision Long (vector)</para>
    </brief>
    <authored>
      <para>Floating-point Convert to higher precision Long (vector). This instruction reads each element in a vector in the SIMD&amp;FP source register, converts each value to double the precision of the source element using the rounding mode that is determined by the <xref linkend="AArch64.fpcr">FPCR</xref>, and writes each result to the equivalent element of the vector in the SIMD&amp;FP destination register.</para>
      <para>Where the operation lengthens a 64-bit vector to a 128-bit vector, the <instruction>FCVTL2</instruction> variant operates on the elements in the top 64 bits of the source register.</para>
      <para>A floating-point exception can be generated by this instruction. Depending on the settings in <xref linkend="AArch64.fpcr">FPCR</xref>, the exception results in either a flag being set in <xref linkend="AArch64.fpsr">FPSR</xref>, or a synchronous exception being generated. For more information, see <xref linkend="BEIJDDAG">Floating-point exception traps</xref>.</para>
      <para>Depending on the settings in the <xref linkend="AArch64.cpacr_el1">CPACR_EL1</xref>, <xref linkend="AArch64.cptr_el2">CPTR_EL2</xref>, and <xref linkend="AArch64.cptr_el3">CPTR_EL3</xref> registers, and the current Security state and Exception level, an attempt to execute the instruction might be trapped.</para>
    </authored>
  </desc>
  <alias_list howmany="0"></alias_list>
  <classes>
    <iclass name="Vector single-precision and double-precision" oneof="1" id="FCVTL_asimdmisc_L" no_encodings="1" isa="A64">
      <docvars>
        <docvar key="advsimd-datatype" value="simd-single-and-double" />
        <docvar key="advsimd-type" value="simd" />
        <docvar key="datatype" value="single-and-double" />
        <docvar key="instr-class" value="advsimd" />
        <docvar key="isa" value="A64" />
        <docvar key="mnemonic" value="FCVTL" />
      </docvars>
      <iclassintro count="1"></iclassintro>
      <regdiagram form="32" psname="aarch64/instrs/vector/arithmetic/unary/float/widen">
        <box hibit="31" settings="1">
          <c>0</c>
        </box>
        <box hibit="30" name="Q" usename="1">
          <c></c>
        </box>
        <box hibit="29" name="U" settings="1">
          <c>0</c>
        </box>
        <box hibit="28" width="5" settings="5">
          <c>0</c>
          <c>1</c>
          <c>1</c>
          <c>1</c>
          <c>0</c>
        </box>
        <box hibit="23" settings="1">
          <c>0</c>
        </box>
        <box hibit="22" name="sz" usename="1">
          <c></c>
        </box>
        <box hibit="21" width="5" settings="5">
          <c>1</c>
          <c>0</c>
          <c>0</c>
          <c>0</c>
          <c>0</c>
        </box>
        <box hibit="16" width="5" name="opcode" settings="5">
          <c>1</c>
          <c>0</c>
          <c>1</c>
          <c>1</c>
          <c>1</c>
        </box>
        <box hibit="11" width="2" settings="2">
          <c>1</c>
          <c>0</c>
        </box>
        <box hibit="9" width="5" name="Rn" usename="1">
          <c colspan="5"></c>
        </box>
        <box hibit="4" width="5" name="Rd" usename="1">
          <c colspan="5"></c>
        </box>
      </regdiagram>
      <encoding name="FCVTL_asimdmisc_L" oneofinclass="1" oneof="1" label="Vector single-precision and double-precision">
        <docvars>
          <docvar key="advsimd-datatype" value="simd-single-and-double" />
          <docvar key="advsimd-type" value="simd" />
          <docvar key="datatype" value="single-and-double" />
          <docvar key="instr-class" value="advsimd" />
          <docvar key="isa" value="A64" />
          <docvar key="mnemonic" value="FCVTL" />
        </docvars>
        <asmtemplate><text>FCVTL</text><a link="2" hover="Second and upper half specifier (field &quot;Q&quot;)">{2}</a><text>  </text><a link="vd" hover="SIMD&amp;FP destination register (field &quot;Rd&quot;)">&lt;Vd&gt;</a><text>.</text><a link="ta" hover="Arrangement specifier (field &quot;sz&quot;) [2D,4S]">&lt;Ta&gt;</a><text>, </text><a link="vn" hover="SIMD&amp;FP source register (field &quot;Rn&quot;)">&lt;Vn&gt;</a><text>.</text><a link="tb" hover="Arrangement specifier (field &quot;sz:Q&quot;) [2S,4H,4S,8H]">&lt;Tb&gt;</a></asmtemplate>
      </encoding>
      <ps_section howmany="1">
        <ps name="aarch64/instrs/vector/arithmetic/unary/float/widen" mylink="aarch64.instrs.vector.arithmetic.unary.float.widen" enclabels="" sections="1" secttype="noheading">
          <pstext mayhavelinks="1" section="Decode" rep_section="decode">integer d = <a link="impl-shared.UInt.1" file="shared_pseudocode.xml" hover="function: integer UInt(bits(N) x)">UInt</a>(Rd);
integer n = <a link="impl-shared.UInt.1" file="shared_pseudocode.xml" hover="function: integer UInt(bits(N) x)">UInt</a>(Rn);

integer esize = 16 &lt;&lt; <a link="impl-shared.UInt.1" file="shared_pseudocode.xml" hover="function: integer UInt(bits(N) x)">UInt</a>(sz);
integer datasize = 64;
integer part = <a link="impl-shared.UInt.1" file="shared_pseudocode.xml" hover="function: integer UInt(bits(N) x)">UInt</a>(Q);
integer elements = datasize DIV esize;</pstext>
        </ps>
      </ps_section>
    </iclass>
  </classes>
  <explanations scope="all">
    <explanation enclist="FCVTL_asimdmisc_L" symboldefcount="1">
      <symbol link="2">2</symbol>
      <definition encodedin="Q">
        <intro>Is the second and upper half specifier. If present it causes the operation to be performed on the upper 64 bits of the registers holding the narrower elements, and is </intro>
        <table class="valuetable">
          <tgroup cols="2">
            <thead>
              <row>
                <entry class="bitfield">Q</entry>
                <entry class="symbol">2</entry>
              </row>
            </thead>
            <tbody>
              <row>
                <entry class="bitfield">0</entry>
                <entry class="symbol">[absent]</entry>
              </row>
              <row>
                <entry class="bitfield">1</entry>
                <entry class="symbol">[present]</entry>
              </row>
            </tbody>
          </tgroup>
        </table>
      </definition>
    </explanation>
    <explanation enclist="FCVTL_asimdmisc_L" symboldefcount="1">
      <symbol link="vd">&lt;Vd&gt;</symbol>
      <account encodedin="Rd">
        <intro>
          <para>Is the name of the SIMD&amp;FP destination register, encoded in the "Rd" field.</para>
        </intro>
      </account>
    </explanation>
    <explanation enclist="FCVTL_asimdmisc_L" symboldefcount="1">
      <symbol link="ta">&lt;Ta&gt;</symbol>
      <definition encodedin="sz">
        <intro>Is an arrangement specifier, </intro>
        <table class="valuetable">
          <tgroup cols="2">
            <thead>
              <row>
                <entry class="bitfield">sz</entry>
                <entry class="symbol">&lt;Ta&gt;</entry>
              </row>
            </thead>
            <tbody>
              <row>
                <entry class="bitfield">0</entry>
                <entry class="symbol">4S</entry>
              </row>
              <row>
                <entry class="bitfield">1</entry>
                <entry class="symbol">2D</entry>
              </row>
            </tbody>
          </tgroup>
        </table>
      </definition>
    </explanation>
    <explanation enclist="FCVTL_asimdmisc_L" symboldefcount="1">
      <symbol link="vn">&lt;Vn&gt;</symbol>
      <account encodedin="Rn">
        <intro>
          <para>Is the name of the SIMD&amp;FP source register, encoded in the "Rn" field.</para>
        </intro>
      </account>
    </explanation>
    <explanation enclist="FCVTL_asimdmisc_L" symboldefcount="1">
      <symbol link="tb">&lt;Tb&gt;</symbol>
      <definition encodedin="sz:Q">
        <intro>Is an arrangement specifier, </intro>
        <table class="valuetable">
          <tgroup cols="3">
            <thead>
              <row>
                <entry class="bitfield">sz</entry>
                <entry class="bitfield">Q</entry>
                <entry class="symbol">&lt;Tb&gt;</entry>
              </row>
            </thead>
            <tbody>
              <row>
                <entry class="bitfield">0</entry>
                <entry class="bitfield">0</entry>
                <entry class="symbol">4H</entry>
              </row>
              <row>
                <entry class="bitfield">0</entry>
                <entry class="bitfield">1</entry>
                <entry class="symbol">8H</entry>
              </row>
              <row>
                <entry class="bitfield">1</entry>
                <entry class="bitfield">0</entry>
                <entry class="symbol">2S</entry>
              </row>
              <row>
                <entry class="bitfield">1</entry>
                <entry class="bitfield">1</entry>
                <entry class="symbol">4S</entry>
              </row>
            </tbody>
          </tgroup>
        </table>
      </definition>
    </explanation>
  </explanations>
  <ps_section howmany="1">
    <ps name="aarch64/instrs/vector/arithmetic/unary/float/widen" mylink="commonps" enclabels="" sections="1" secttype="Operation">
      <pstext mayhavelinks="1" section="Execute" rep_section="execute"><a link="impl-aarch64.CheckFPAdvSIMDEnabled64.0" file="shared_pseudocode.xml" hover="function: CheckFPAdvSIMDEnabled64()">CheckFPAdvSIMDEnabled64</a>();
bits(datasize) operand = <a link="impl-aarch64.Vpart.read.2" file="shared_pseudocode.xml" hover="accessor: bits(width) Vpart[integer n, integer part]">Vpart</a>[n, part];
bits(2*datasize) result;

for e = 0 to elements-1
    <a link="impl-shared.Elem.write.3" file="shared_pseudocode.xml" hover="accessor: Elem[bits(N) &amp;vector, integer e, integer size] = bits(size) value">Elem</a>[result, e, 2*esize] = <a link="impl-shared.FPConvert.2" file="shared_pseudocode.xml" hover="function: bits(M) FPConvert(bits(N) op, FPCRType fpcr)">FPConvert</a>(<a link="impl-shared.Elem.read.3" file="shared_pseudocode.xml" hover="accessor: bits(size) Elem[bits(N) vector, integer e, integer size]">Elem</a>[operand, e, esize], FPCR);

<a link="impl-aarch64.V.write.1" file="shared_pseudocode.xml" hover="accessor: V[integer n] = bits(width) value">V</a>[d] = result;</pstext>
    </ps>
  </ps_section>
</instructionsection>
