<?xml version="1.0" encoding="utf-8"?>
<?xml-stylesheet type="text/xsl" encoding="UTF-8" href="iform.xsl" version="1.0"?>
<!DOCTYPE instructionsection PUBLIC "-//ARM//DTD instructionsection //EN" "iform-p.dtd">
<!-- Copyright (c) 2010-2020 Arm Limited or its affiliates. All rights reserved. -->
<!-- This document is Non-Confidential. This document may only be used and distributed in accordance with the terms of the agreement entered into by Arm and the party that Arm delivered this document to. -->

<instructionsection id="FCVTAS_float" title="FCVTAS (scalar) -- A64" type="instruction">
  <docvars>
    <docvar key="instr-class" value="float" />
    <docvar key="isa" value="A64" />
    <docvar key="mnemonic" value="FCVTAS" />
  </docvars>
  <heading>FCVTAS (scalar)</heading>
  <desc>
    <brief>
      <para>Floating-point Convert to Signed integer, rounding to nearest with ties to Away (scalar)</para>
    </brief>
    <authored>
      <para>Floating-point Convert to Signed integer, rounding to nearest with ties to Away (scalar). This instruction converts the floating-point value in the SIMD&amp;FP source register to a 32-bit or 64-bit signed integer using the Round to Nearest with Ties to Away rounding mode, and writes the result to the general-purpose destination register.</para>
      <para>A floating-point exception can be generated by this instruction. Depending on the settings in <xref linkend="AArch64.fpcr">FPCR</xref>, the exception results in either a flag being set in <xref linkend="AArch64.fpsr">FPSR</xref>, or a synchronous exception being generated. For more information, see <xref linkend="BEIJDDAG">Floating-point exception traps</xref>.</para>
      <para>Depending on the settings in the <xref linkend="AArch64.cpacr_el1">CPACR_EL1</xref>, <xref linkend="AArch64.cptr_el2">CPTR_EL2</xref>, and <xref linkend="AArch64.cptr_el3">CPTR_EL3</xref> registers, and the current Security state and Exception level, an attempt to execute the instruction might be trapped.</para>
    </authored>
  </desc>
  <alias_list howmany="0"></alias_list>
  <classes>
    <iclass name="Floating-point" oneof="1" id="float" no_encodings="6" isa="A64">
      <docvars>
        <docvar key="instr-class" value="float" />
        <docvar key="isa" value="A64" />
        <docvar key="mnemonic" value="FCVTAS" />
      </docvars>
      <iclassintro count="6"></iclassintro>
      <regdiagram form="32" psname="aarch64/instrs/float/convert/int" tworows="1">
        <box hibit="31" name="sf" usename="1">
          <c></c>
        </box>
        <box hibit="30" settings="1">
          <c>0</c>
        </box>
        <box hibit="29" name="S" settings="1">
          <c>0</c>
        </box>
        <box hibit="28" width="5" settings="5">
          <c>1</c>
          <c>1</c>
          <c>1</c>
          <c>1</c>
          <c>0</c>
        </box>
        <box hibit="23" width="2" name="ftype" usename="1">
          <c colspan="2"></c>
        </box>
        <box hibit="21" settings="1">
          <c>1</c>
        </box>
        <box hibit="20" width="2" name="rmode" usename="1" settings="2" psbits="xx">
          <c>0</c>
          <c>0</c>
        </box>
        <box hibit="18" width="3" name="opcode" usename="1" settings="3" psbits="xxx">
          <c>1</c>
          <c>0</c>
          <c>0</c>
        </box>
        <box hibit="15" width="6" settings="6">
          <c>0</c>
          <c>0</c>
          <c>0</c>
          <c>0</c>
          <c>0</c>
          <c>0</c>
        </box>
        <box hibit="9" width="5" name="Rn" usename="1">
          <c colspan="5"></c>
        </box>
        <box hibit="4" width="5" name="Rd" usename="1">
          <c colspan="5"></c>
        </box>
      </regdiagram>
      <encoding name="FCVTAS_32H_float2int" oneofinclass="6" oneof="6" label="Half-precision to 32-bit" bitdiffs="sf == 0 &amp;&amp; ftype == 11">
        <docvars>
          <docvar key="convert-type" value="half-to-32" />
          <docvar key="instr-class" value="float" />
          <docvar key="isa" value="A64" />
          <docvar key="mnemonic" value="FCVTAS" />
        </docvars>
        <arch_variants>
          <arch_variant name="ARMv8.2" feature="ARMv8.2-FP16" />
        </arch_variants>
        <box hibit="31" width="1" name="sf">
          <c>0</c>
        </box>
        <box hibit="23" width="2" name="ftype">
          <c>1</c>
          <c>1</c>
        </box>
        <asmtemplate><text>FCVTAS  </text><a link="wd" hover="32-bit general-purpose destination register (field &quot;Rd&quot;)">&lt;Wd&gt;</a><text>, </text><a link="hn" hover="16-bit SIMD&amp;FP source register (field &quot;Rn&quot;)">&lt;Hn&gt;</a></asmtemplate>
      </encoding>
      <encoding name="FCVTAS_64H_float2int" oneofinclass="6" oneof="6" label="Half-precision to 64-bit" bitdiffs="sf == 1 &amp;&amp; ftype == 11">
        <docvars>
          <docvar key="convert-type" value="half-to-64" />
          <docvar key="instr-class" value="float" />
          <docvar key="isa" value="A64" />
          <docvar key="mnemonic" value="FCVTAS" />
        </docvars>
        <arch_variants>
          <arch_variant name="ARMv8.2" feature="ARMv8.2-FP16" />
        </arch_variants>
        <box hibit="31" width="1" name="sf">
          <c>1</c>
        </box>
        <box hibit="23" width="2" name="ftype">
          <c>1</c>
          <c>1</c>
        </box>
        <asmtemplate><text>FCVTAS  </text><a link="xd" hover="64-bit general-purpose destination register (field &quot;Rd&quot;)">&lt;Xd&gt;</a><text>, </text><a link="hn" hover="16-bit SIMD&amp;FP source register (field &quot;Rn&quot;)">&lt;Hn&gt;</a></asmtemplate>
      </encoding>
      <encoding name="FCVTAS_32S_float2int" oneofinclass="6" oneof="6" label="Single-precision to 32-bit" bitdiffs="sf == 0 &amp;&amp; ftype == 00">
        <docvars>
          <docvar key="convert-type" value="single-to-32" />
          <docvar key="instr-class" value="float" />
          <docvar key="isa" value="A64" />
          <docvar key="mnemonic" value="FCVTAS" />
        </docvars>
        <box hibit="31" width="1" name="sf">
          <c>0</c>
        </box>
        <box hibit="23" width="2" name="ftype">
          <c>0</c>
          <c>0</c>
        </box>
        <asmtemplate><text>FCVTAS  </text><a link="wd" hover="32-bit general-purpose destination register (field &quot;Rd&quot;)">&lt;Wd&gt;</a><text>, </text><a link="sn" hover="32-bit SIMD&amp;FP source register (field &quot;Rn&quot;)">&lt;Sn&gt;</a></asmtemplate>
      </encoding>
      <encoding name="FCVTAS_64S_float2int" oneofinclass="6" oneof="6" label="Single-precision to 64-bit" bitdiffs="sf == 1 &amp;&amp; ftype == 00">
        <docvars>
          <docvar key="convert-type" value="single-to-64" />
          <docvar key="instr-class" value="float" />
          <docvar key="isa" value="A64" />
          <docvar key="mnemonic" value="FCVTAS" />
        </docvars>
        <box hibit="31" width="1" name="sf">
          <c>1</c>
        </box>
        <box hibit="23" width="2" name="ftype">
          <c>0</c>
          <c>0</c>
        </box>
        <asmtemplate><text>FCVTAS  </text><a link="xd" hover="64-bit general-purpose destination register (field &quot;Rd&quot;)">&lt;Xd&gt;</a><text>, </text><a link="sn" hover="32-bit SIMD&amp;FP source register (field &quot;Rn&quot;)">&lt;Sn&gt;</a></asmtemplate>
      </encoding>
      <encoding name="FCVTAS_32D_float2int" oneofinclass="6" oneof="6" label="Double-precision to 32-bit" bitdiffs="sf == 0 &amp;&amp; ftype == 01">
        <docvars>
          <docvar key="convert-type" value="double-to-32" />
          <docvar key="instr-class" value="float" />
          <docvar key="isa" value="A64" />
          <docvar key="mnemonic" value="FCVTAS" />
        </docvars>
        <box hibit="31" width="1" name="sf">
          <c>0</c>
        </box>
        <box hibit="23" width="2" name="ftype">
          <c>0</c>
          <c>1</c>
        </box>
        <asmtemplate><text>FCVTAS  </text><a link="wd" hover="32-bit general-purpose destination register (field &quot;Rd&quot;)">&lt;Wd&gt;</a><text>, </text><a link="dn" hover="64-bit SIMD&amp;FP source register (field &quot;Rn&quot;)">&lt;Dn&gt;</a></asmtemplate>
      </encoding>
      <encoding name="FCVTAS_64D_float2int" oneofinclass="6" oneof="6" label="Double-precision to 64-bit" bitdiffs="sf == 1 &amp;&amp; ftype == 01">
        <docvars>
          <docvar key="convert-type" value="double-to-64" />
          <docvar key="instr-class" value="float" />
          <docvar key="isa" value="A64" />
          <docvar key="mnemonic" value="FCVTAS" />
        </docvars>
        <box hibit="31" width="1" name="sf">
          <c>1</c>
        </box>
        <box hibit="23" width="2" name="ftype">
          <c>0</c>
          <c>1</c>
        </box>
        <asmtemplate><text>FCVTAS  </text><a link="xd" hover="64-bit general-purpose destination register (field &quot;Rd&quot;)">&lt;Xd&gt;</a><text>, </text><a link="dn" hover="64-bit SIMD&amp;FP source register (field &quot;Rn&quot;)">&lt;Dn&gt;</a></asmtemplate>
      </encoding>
      <ps_section howmany="1">
        <ps name="aarch64/instrs/float/convert/int" mylink="aarch64.instrs.float.convert.int" enclabels="" sections="1" secttype="noheading">
          <pstext mayhavelinks="1" section="Decode" rep_section="decode">integer d = <a link="impl-shared.UInt.1" file="shared_pseudocode.xml" hover="function: integer UInt(bits(N) x)">UInt</a>(Rd);
integer n = <a link="impl-shared.UInt.1" file="shared_pseudocode.xml" hover="function: integer UInt(bits(N) x)">UInt</a>(Rn);

integer intsize = if sf == '1' then 64 else 32;
integer fltsize;
<a link="FPConvOp" file="shared_pseudocode.xml" hover="enumeration FPConvOp    {FPConvOp_CVT_FtoI, FPConvOp_CVT_ItoF,&#13; FPConvOp_MOV_FtoI, FPConvOp_MOV_ItoF&#13; , FPConvOp_CVT_FtoI_JS&#13; }">FPConvOp</a> op;
<a link="FPRounding" file="shared_pseudocode.xml" hover="enumeration FPRounding  {FPRounding_TIEEVEN, FPRounding_POSINF,&#13; FPRounding_NEGINF,  FPRounding_ZERO,&#13; FPRounding_TIEAWAY, FPRounding_ODD}">FPRounding</a> rounding;
boolean unsigned;
integer part;

case ftype of
    when '00'
        fltsize = 32;
    when '01'
        fltsize = 64;
    when '10'
        if opcode&lt;2:1&gt;:rmode != '11 01' then UNDEFINED;
        fltsize = 128;
    when '11'
        if <a link="impl-shared.HaveFP16Ext.0" file="shared_pseudocode.xml" hover="function: boolean HaveFP16Ext()">HaveFP16Ext</a>() then
            fltsize = 16;
        else
            UNDEFINED;

case opcode&lt;2:1&gt;:rmode of
    when '00 xx'        // FCVT[NPMZ][US]
        rounding = <a link="impl-shared.FPDecodeRounding.1" file="shared_pseudocode.xml" hover="function: FPRounding FPDecodeRounding(bits(2) rmode)">FPDecodeRounding</a>(rmode);
        unsigned = (opcode&lt;0&gt; == '1');
        op = <a link="FPConvOp_CVT_FtoI" file="shared_pseudocode.xml" hover="enumeration FPConvOp    {FPConvOp_CVT_FtoI, FPConvOp_CVT_ItoF,&#13; FPConvOp_MOV_FtoI, FPConvOp_MOV_ItoF&#13; , FPConvOp_CVT_FtoI_JS&#13; }">FPConvOp_CVT_FtoI</a>;
    when '01 00'        // [US]CVTF
        rounding = <a link="impl-shared.FPRoundingMode.1" file="shared_pseudocode.xml" hover="function: FPRounding FPRoundingMode(FPCRType fpcr)">FPRoundingMode</a>(FPCR);
        unsigned = (opcode&lt;0&gt; == '1');
        op = <a link="FPConvOp_CVT_ItoF" file="shared_pseudocode.xml" hover="enumeration FPConvOp    {FPConvOp_CVT_FtoI, FPConvOp_CVT_ItoF,&#13; FPConvOp_MOV_FtoI, FPConvOp_MOV_ItoF&#13; , FPConvOp_CVT_FtoI_JS&#13; }">FPConvOp_CVT_ItoF</a>;
    when '10 00'        // FCVTA[US]
        rounding = <a link="FPRounding_TIEAWAY" file="shared_pseudocode.xml" hover="enumeration FPRounding  {FPRounding_TIEEVEN, FPRounding_POSINF,&#13; FPRounding_NEGINF,  FPRounding_ZERO,&#13; FPRounding_TIEAWAY, FPRounding_ODD}">FPRounding_TIEAWAY</a>;
        unsigned = (opcode&lt;0&gt; == '1');
        op = <a link="FPConvOp_CVT_FtoI" file="shared_pseudocode.xml" hover="enumeration FPConvOp    {FPConvOp_CVT_FtoI, FPConvOp_CVT_ItoF,&#13; FPConvOp_MOV_FtoI, FPConvOp_MOV_ItoF&#13; , FPConvOp_CVT_FtoI_JS&#13; }">FPConvOp_CVT_FtoI</a>;
    when '11 00'        // FMOV
        if fltsize != 16 &amp;&amp; fltsize != intsize then UNDEFINED;
        op = if opcode&lt;0&gt; == '1' then <a link="FPConvOp_MOV_ItoF" file="shared_pseudocode.xml" hover="enumeration FPConvOp    {FPConvOp_CVT_FtoI, FPConvOp_CVT_ItoF,&#13; FPConvOp_MOV_FtoI, FPConvOp_MOV_ItoF&#13; , FPConvOp_CVT_FtoI_JS&#13; }">FPConvOp_MOV_ItoF</a> else <a link="FPConvOp_MOV_FtoI" file="shared_pseudocode.xml" hover="enumeration FPConvOp    {FPConvOp_CVT_FtoI, FPConvOp_CVT_ItoF,&#13; FPConvOp_MOV_FtoI, FPConvOp_MOV_ItoF&#13; , FPConvOp_CVT_FtoI_JS&#13; }">FPConvOp_MOV_FtoI</a>;
        part = 0;
    when '11 01'        // FMOV D[1]
        if intsize != 64 || fltsize != 128 then UNDEFINED;
        op = if opcode&lt;0&gt; == '1' then <a link="FPConvOp_MOV_ItoF" file="shared_pseudocode.xml" hover="enumeration FPConvOp    {FPConvOp_CVT_FtoI, FPConvOp_CVT_ItoF,&#13; FPConvOp_MOV_FtoI, FPConvOp_MOV_ItoF&#13; , FPConvOp_CVT_FtoI_JS&#13; }">FPConvOp_MOV_ItoF</a> else <a link="FPConvOp_MOV_FtoI" file="shared_pseudocode.xml" hover="enumeration FPConvOp    {FPConvOp_CVT_FtoI, FPConvOp_CVT_ItoF,&#13; FPConvOp_MOV_FtoI, FPConvOp_MOV_ItoF&#13; , FPConvOp_CVT_FtoI_JS&#13; }">FPConvOp_MOV_FtoI</a>;
        part = 1;
        fltsize = 64;  // size of D[1] is 64
    when '11 11'       // FJCVTZS
        if !<a link="impl-shared.HaveFJCVTZSExt.0" file="shared_pseudocode.xml" hover="function: boolean HaveFJCVTZSExt()">HaveFJCVTZSExt</a>() then UNDEFINED;
        rounding = <a link="FPRounding_ZERO" file="shared_pseudocode.xml" hover="enumeration FPRounding  {FPRounding_TIEEVEN, FPRounding_POSINF,&#13; FPRounding_NEGINF,  FPRounding_ZERO,&#13; FPRounding_TIEAWAY, FPRounding_ODD}">FPRounding_ZERO</a>;
        unsigned = (opcode&lt;0&gt; == '1');
        op = <a link="FPConvOp_CVT_FtoI_JS" file="shared_pseudocode.xml" hover="enumeration FPConvOp    {FPConvOp_CVT_FtoI, FPConvOp_CVT_ItoF,&#13; FPConvOp_MOV_FtoI, FPConvOp_MOV_ItoF&#13; , FPConvOp_CVT_FtoI_JS&#13; }">FPConvOp_CVT_FtoI_JS</a>;
    otherwise 
        UNDEFINED;</pstext>
        </ps>
      </ps_section>
    </iclass>
  </classes>
  <explanations scope="all">
    <explanation enclist="FCVTAS_32D_float2int, FCVTAS_32H_float2int, FCVTAS_32S_float2int" symboldefcount="1">
      <symbol link="wd">&lt;Wd&gt;</symbol>
      <account encodedin="Rd">
        <intro>
          <para>Is the 32-bit name of the general-purpose destination register, encoded in the "Rd" field.</para>
        </intro>
      </account>
    </explanation>
    <explanation enclist="FCVTAS_64D_float2int, FCVTAS_64H_float2int, FCVTAS_64S_float2int" symboldefcount="1">
      <symbol link="xd">&lt;Xd&gt;</symbol>
      <account encodedin="Rd">
        <intro>
          <para>Is the 64-bit name of the general-purpose destination register, encoded in the "Rd" field.</para>
        </intro>
      </account>
    </explanation>
    <explanation enclist="FCVTAS_32S_float2int, FCVTAS_64S_float2int" symboldefcount="1">
      <symbol link="sn">&lt;Sn&gt;</symbol>
      <account encodedin="Rn">
        <intro>
          <para>Is the 32-bit name of the SIMD&amp;FP source register, encoded in the "Rn" field.</para>
        </intro>
      </account>
    </explanation>
    <explanation enclist="FCVTAS_32H_float2int, FCVTAS_64H_float2int" symboldefcount="1">
      <symbol link="hn">&lt;Hn&gt;</symbol>
      <account encodedin="Rn">
        <intro>
          <para>Is the 16-bit name of the SIMD&amp;FP source register, encoded in the "Rn" field.</para>
        </intro>
      </account>
    </explanation>
    <explanation enclist="FCVTAS_32D_float2int, FCVTAS_64D_float2int" symboldefcount="1">
      <symbol link="dn">&lt;Dn&gt;</symbol>
      <account encodedin="Rn">
        <intro>
          <para>Is the 64-bit name of the SIMD&amp;FP source register, encoded in the "Rn" field.</para>
        </intro>
      </account>
    </explanation>
  </explanations>
  <ps_section howmany="1">
    <ps name="aarch64/instrs/float/convert/int" mylink="commonps" enclabels="" sections="1" secttype="Operation">
      <pstext mayhavelinks="1" section="Execute" rep_section="execute"><a link="impl-aarch64.CheckFPAdvSIMDEnabled64.0" file="shared_pseudocode.xml" hover="function: CheckFPAdvSIMDEnabled64()">CheckFPAdvSIMDEnabled64</a>();

bits(fltsize) fltval;
bits(intsize) intval;

case op of
    when <a link="FPConvOp_CVT_FtoI" file="shared_pseudocode.xml" hover="enumeration FPConvOp    {FPConvOp_CVT_FtoI, FPConvOp_CVT_ItoF,&#13; FPConvOp_MOV_FtoI, FPConvOp_MOV_ItoF&#13; , FPConvOp_CVT_FtoI_JS&#13; }">FPConvOp_CVT_FtoI</a>
        fltval = <a link="impl-aarch64.V.read.1" file="shared_pseudocode.xml" hover="accessor: bits(width) V[integer n]">V</a>[n];
        intval = <a link="impl-shared.FPToFixed.5" file="shared_pseudocode.xml" hover="function: bits(M) FPToFixed(bits(N) op, integer fbits, boolean unsigned, FPCRType fpcr, FPRounding rounding)">FPToFixed</a>(fltval, 0, unsigned, FPCR, rounding);
        <a link="impl-aarch64.X.write.1" file="shared_pseudocode.xml" hover="accessor: X[integer n] = bits(width) value">X</a>[d] = intval;
    when <a link="FPConvOp_CVT_ItoF" file="shared_pseudocode.xml" hover="enumeration FPConvOp    {FPConvOp_CVT_FtoI, FPConvOp_CVT_ItoF,&#13; FPConvOp_MOV_FtoI, FPConvOp_MOV_ItoF&#13; , FPConvOp_CVT_FtoI_JS&#13; }">FPConvOp_CVT_ItoF</a>
        intval = <a link="impl-aarch64.X.read.1" file="shared_pseudocode.xml" hover="accessor: bits(width) X[integer n]">X</a>[n];
        fltval = <a link="impl-shared.FixedToFP.5" file="shared_pseudocode.xml" hover="function: bits(N) FixedToFP(bits(M) op, integer fbits, boolean unsigned, FPCRType fpcr, FPRounding rounding)">FixedToFP</a>(intval, 0, unsigned, FPCR, rounding);
        <a link="impl-aarch64.V.write.1" file="shared_pseudocode.xml" hover="accessor: V[integer n] = bits(width) value">V</a>[d] = fltval;
    when <a link="FPConvOp_MOV_FtoI" file="shared_pseudocode.xml" hover="enumeration FPConvOp    {FPConvOp_CVT_FtoI, FPConvOp_CVT_ItoF,&#13; FPConvOp_MOV_FtoI, FPConvOp_MOV_ItoF&#13; , FPConvOp_CVT_FtoI_JS&#13; }">FPConvOp_MOV_FtoI</a>
        fltval = <a link="impl-aarch64.Vpart.read.2" file="shared_pseudocode.xml" hover="accessor: bits(width) Vpart[integer n, integer part]">Vpart</a>[n,part];
        intval = <a link="impl-shared.ZeroExtend.2" file="shared_pseudocode.xml" hover="function: bits(N) ZeroExtend(bits(M) x, integer N)">ZeroExtend</a>(fltval, intsize);
        <a link="impl-aarch64.X.write.1" file="shared_pseudocode.xml" hover="accessor: X[integer n] = bits(width) value">X</a>[d] = intval;
    when <a link="FPConvOp_MOV_ItoF" file="shared_pseudocode.xml" hover="enumeration FPConvOp    {FPConvOp_CVT_FtoI, FPConvOp_CVT_ItoF,&#13; FPConvOp_MOV_FtoI, FPConvOp_MOV_ItoF&#13; , FPConvOp_CVT_FtoI_JS&#13; }">FPConvOp_MOV_ItoF</a>
        intval = <a link="impl-aarch64.X.read.1" file="shared_pseudocode.xml" hover="accessor: bits(width) X[integer n]">X</a>[n];
        fltval = intval&lt;fltsize-1:0&gt;;
        <a link="impl-aarch64.Vpart.write.2" file="shared_pseudocode.xml" hover="accessor: Vpart[integer n, integer part] = bits(width) value">Vpart</a>[d,part] = fltval;
    when <a link="FPConvOp_CVT_FtoI_JS" file="shared_pseudocode.xml" hover="enumeration FPConvOp    {FPConvOp_CVT_FtoI, FPConvOp_CVT_ItoF,&#13; FPConvOp_MOV_FtoI, FPConvOp_MOV_ItoF&#13; , FPConvOp_CVT_FtoI_JS&#13; }">FPConvOp_CVT_FtoI_JS</a>
        bit Z;
        fltval = <a link="impl-aarch64.V.read.1" file="shared_pseudocode.xml" hover="accessor: bits(width) V[integer n]">V</a>[n];
        (intval, Z) = <a link="impl-shared.FPToFixedJS.3" file="shared_pseudocode.xml" hover="function: (bits(N), bit) FPToFixedJS(bits(M) op, FPCRType fpcr, boolean Is64)">FPToFixedJS</a>(fltval, FPCR, TRUE);
        PSTATE.&lt;N,Z,C,V&gt; = '0':Z:'00';
        <a link="impl-aarch64.X.write.1" file="shared_pseudocode.xml" hover="accessor: X[integer n] = bits(width) value">X</a>[d] = intval;</pstext>
    </ps>
  </ps_section>
</instructionsection>
