<?xml version="1.0" encoding="utf-8"?>
<?xml-stylesheet type="text/xsl" encoding="UTF-8" href="iform.xsl" version="1.0"?>
<!DOCTYPE instructionsection PUBLIC "-//ARM//DTD instructionsection //EN" "iform-p.dtd">
<!-- Copyright (c) 2010-2020 Arm Limited or its affiliates. All rights reserved. -->
<!-- This document is Non-Confidential. This document may only be used and distributed in accordance with the terms of the agreement entered into by Arm and the party that Arm delivered this document to. -->

<instructionsection id="FCVTZU_advsimd_fix" title="FCVTZU (vector, fixed-point) -- A64" type="instruction">
  <docvars>
    <docvar key="instr-class" value="advsimd" />
    <docvar key="isa" value="A64" />
    <docvar key="mnemonic" value="FCVTZU" />
  </docvars>
  <heading>FCVTZU (vector, fixed-point)</heading>
  <desc>
    <brief>
      <para>Floating-point Convert to Unsigned fixed-point, rounding toward Zero (vector)</para>
    </brief>
    <authored>
      <para>Floating-point Convert to Unsigned fixed-point, rounding toward Zero (vector). This instruction converts a scalar or each element in a vector from floating-point to fixed-point unsigned integer using the Round towards Zero rounding mode, and writes the result to the general-purpose destination register.</para>
      <para>A floating-point exception can be generated by this instruction. Depending on the settings in <xref linkend="AArch64.fpcr">FPCR</xref>, the exception results in either a flag being set in <xref linkend="AArch64.fpsr">FPSR</xref>, or a synchronous exception being generated. For more information, see <xref linkend="BEIJDDAG">Floating-point exception traps</xref>.</para>
      <para>Depending on the settings in the <xref linkend="AArch64.cpacr_el1">CPACR_EL1</xref>, <xref linkend="AArch64.cptr_el2">CPTR_EL2</xref>, and <xref linkend="AArch64.cptr_el3">CPTR_EL3</xref> registers, and the Security state and Exception level in which the instruction is executed, an attempt to execute the instruction might be trapped.</para>
    </authored>
  </desc>
  <alias_list howmany="0"></alias_list>
  <classes>
    <classesintro count="2">
      <txt>It has encodings from 2 classes:</txt>
      <a href="#FCVTZU_asisdshf_C">Scalar</a>
      <txt> and </txt>
      <a href="#FCVTZU_asimdshf_C">Vector</a>
    </classesintro>
    <iclass name="Scalar" oneof="2" id="FCVTZU_asisdshf_C" no_encodings="1" isa="A64">
      <docvars>
        <docvar key="advsimd-type" value="sisd" />
        <docvar key="instr-class" value="advsimd" />
        <docvar key="isa" value="A64" />
        <docvar key="mnemonic" value="FCVTZU" />
      </docvars>
      <iclassintro count="1"></iclassintro>
      <regdiagram form="32" psname="aarch64/instrs/vector/shift/conv/float/sisd" tworows="1">
        <box hibit="31" width="2" settings="2">
          <c>0</c>
          <c>1</c>
        </box>
        <box hibit="29" name="U" usename="1" settings="1" psbits="x">
          <c>1</c>
        </box>
        <box hibit="28" width="6" settings="6">
          <c>1</c>
          <c>1</c>
          <c>1</c>
          <c>1</c>
          <c>1</c>
          <c>0</c>
        </box>
        <box hibit="22" width="4" name="immh" usename="1" settings="4" constraint="!= 0000" psbits="xxxx">
          <c colspan="4">!= 0000</c>
        </box>
        <box hibit="18" width="3" name="immb" usename="1">
          <c colspan="3"></c>
        </box>
        <box hibit="15" width="5" name="opcode" settings="5">
          <c>1</c>
          <c>1</c>
          <c>1</c>
          <c>1</c>
          <c>1</c>
        </box>
        <box hibit="10" settings="1">
          <c>1</c>
        </box>
        <box hibit="9" width="5" name="Rn" usename="1">
          <c colspan="5"></c>
        </box>
        <box hibit="4" width="5" name="Rd" usename="1">
          <c colspan="5"></c>
        </box>
      </regdiagram>
      <encoding name="FCVTZU_asisdshf_C" oneofinclass="1" oneof="2" label="Scalar">
        <docvars>
          <docvar key="advsimd-type" value="sisd" />
          <docvar key="instr-class" value="advsimd" />
          <docvar key="isa" value="A64" />
          <docvar key="mnemonic" value="FCVTZU" />
        </docvars>
        <asmtemplate><text>FCVTZU  </text><a link="v" hover="Width specifier (field &quot;immh&quot;) [D,H,S]">&lt;V&gt;</a><a link="d" hover="SIMD&amp;FP destination register number (field &quot;Rd&quot;)">&lt;d&gt;</a><text>, </text><a link="v" hover="Width specifier (field &quot;immh&quot;) [D,H,S]">&lt;V&gt;</a><a link="n" hover="First SIMD&amp;FP source register number (field &quot;Rn&quot;)">&lt;n&gt;</a><text>, #</text><a link="fbits_1" hover="Number of fractional bits [1-the operand width] (field &quot;immh:immb&quot;) [(32-Uint(immh:immb)),(64-UInt(immh:immb)),(128-UInt(immh:immb))]">&lt;fbits&gt;</a></asmtemplate>
      </encoding>
      <ps_section howmany="1">
        <ps name="aarch64/instrs/vector/shift/conv/float/sisd" mylink="aarch64.instrs.vector.shift.conv.float.sisd" enclabels="" sections="1" secttype="noheading">
          <pstext mayhavelinks="1" section="Decode" rep_section="decode">integer d = <a link="impl-shared.UInt.1" file="shared_pseudocode.xml" hover="function: integer UInt(bits(N) x)">UInt</a>(Rd);
integer n = <a link="impl-shared.UInt.1" file="shared_pseudocode.xml" hover="function: integer UInt(bits(N) x)">UInt</a>(Rn);

if immh == '000x' || (immh == '001x' &amp;&amp; !<a link="impl-shared.HaveFP16Ext.0" file="shared_pseudocode.xml" hover="function: boolean HaveFP16Ext()">HaveFP16Ext</a>()) then UNDEFINED;
integer esize = if immh == '1xxx' then 64 else if immh == '01xx' then 32 else 16;
integer datasize = esize;
integer elements = 1;

integer fracbits = (esize * 2) - <a link="impl-shared.UInt.1" file="shared_pseudocode.xml" hover="function: integer UInt(bits(N) x)">UInt</a>(immh:immb);
boolean unsigned = (U == '1');
<a link="FPRounding" file="shared_pseudocode.xml" hover="enumeration FPRounding  {FPRounding_TIEEVEN, FPRounding_POSINF,&#13; FPRounding_NEGINF,  FPRounding_ZERO,&#13; FPRounding_TIEAWAY, FPRounding_ODD}">FPRounding</a> rounding = <a link="FPRounding_ZERO" file="shared_pseudocode.xml" hover="enumeration FPRounding  {FPRounding_TIEEVEN, FPRounding_POSINF,&#13; FPRounding_NEGINF,  FPRounding_ZERO,&#13; FPRounding_TIEAWAY, FPRounding_ODD}">FPRounding_ZERO</a>;</pstext>
        </ps>
      </ps_section>
    </iclass>
    <iclass name="Vector" oneof="2" id="FCVTZU_asimdshf_C" no_encodings="1" isa="A64">
      <docvars>
        <docvar key="advsimd-type" value="simd" />
        <docvar key="instr-class" value="advsimd" />
        <docvar key="isa" value="A64" />
        <docvar key="mnemonic" value="FCVTZU" />
      </docvars>
      <iclassintro count="1"></iclassintro>
      <regdiagram form="32" psname="aarch64/instrs/vector/shift/conv/float/simd" tworows="1">
        <box hibit="31" settings="1">
          <c>0</c>
        </box>
        <box hibit="30" name="Q" usename="1">
          <c></c>
        </box>
        <box hibit="29" name="U" usename="1" settings="1" psbits="x">
          <c>1</c>
        </box>
        <box hibit="28" width="6" settings="6">
          <c>0</c>
          <c>1</c>
          <c>1</c>
          <c>1</c>
          <c>1</c>
          <c>0</c>
        </box>
        <box hibit="22" width="4" name="immh" usename="1" settings="4" constraint="!= 0000">
          <c colspan="4">!= 0000</c>
        </box>
        <box hibit="18" width="3" name="immb" usename="1">
          <c colspan="3"></c>
        </box>
        <box hibit="15" width="5" name="opcode" settings="5">
          <c>1</c>
          <c>1</c>
          <c>1</c>
          <c>1</c>
          <c>1</c>
        </box>
        <box hibit="10" settings="1">
          <c>1</c>
        </box>
        <box hibit="9" width="5" name="Rn" usename="1">
          <c colspan="5"></c>
        </box>
        <box hibit="4" width="5" name="Rd" usename="1">
          <c colspan="5"></c>
        </box>
      </regdiagram>
      <encoding name="FCVTZU_asimdshf_C" oneofinclass="1" oneof="2" label="Vector">
        <docvars>
          <docvar key="advsimd-type" value="simd" />
          <docvar key="instr-class" value="advsimd" />
          <docvar key="isa" value="A64" />
          <docvar key="mnemonic" value="FCVTZU" />
        </docvars>
        <asmtemplate><text>FCVTZU  </text><a link="vd" hover="SIMD&amp;FP destination register (field &quot;Rd&quot;)">&lt;Vd&gt;</a><text>.</text><a link="t" hover="Arrangement specifier (field &quot;immh:Q&quot;) [2D,2S,4H,4S,8H,SEE(asimdimm)]">&lt;T&gt;</a><text>, </text><a link="vn" hover="SIMD&amp;FP source register (field &quot;Rn&quot;)">&lt;Vn&gt;</a><text>.</text><a link="t" hover="Arrangement specifier (field &quot;immh:Q&quot;) [2D,2S,4H,4S,8H,SEE(asimdimm)]">&lt;T&gt;</a><text>, #</text><a link="fbits" hover="Number of fractional bits [1-the element width] (field &quot;immh:immb&quot;) [(32-Uint(immh:immb)),(64-UInt(immh:immb)),(128-UInt(immh:immb)),SEE(asimdimm)]">&lt;fbits&gt;</a></asmtemplate>
      </encoding>
      <ps_section howmany="1">
        <ps name="aarch64/instrs/vector/shift/conv/float/simd" mylink="aarch64.instrs.vector.shift.conv.float.simd" enclabels="" sections="1" secttype="noheading">
          <pstext mayhavelinks="1" section="Decode" rep_section="decode">integer d = <a link="impl-shared.UInt.1" file="shared_pseudocode.xml" hover="function: integer UInt(bits(N) x)">UInt</a>(Rd);
integer n = <a link="impl-shared.UInt.1" file="shared_pseudocode.xml" hover="function: integer UInt(bits(N) x)">UInt</a>(Rn);

if immh == '0000' then <a link="asimdimm" file="encodingindex.xml" hover="handled by an instruction in the 'Advanced SIMD modified immediate' class">SEE(asimdimm)</a>;
if immh == '000x' || (immh == '001x' &amp;&amp; !<a link="impl-shared.HaveFP16Ext.0" file="shared_pseudocode.xml" hover="function: boolean HaveFP16Ext()">HaveFP16Ext</a>()) then UNDEFINED;
if immh&lt;3&gt;:Q == '10' then UNDEFINED;
integer esize = if immh == '1xxx' then 64 else if immh == '01xx' then 32 else 16;
integer datasize = if Q == '1' then 128 else 64;
integer elements = datasize DIV esize;

integer fracbits = (esize * 2) - <a link="impl-shared.UInt.1" file="shared_pseudocode.xml" hover="function: integer UInt(bits(N) x)">UInt</a>(immh:immb);
boolean unsigned = (U == '1');
<a link="FPRounding" file="shared_pseudocode.xml" hover="enumeration FPRounding  {FPRounding_TIEEVEN, FPRounding_POSINF,&#13; FPRounding_NEGINF,  FPRounding_ZERO,&#13; FPRounding_TIEAWAY, FPRounding_ODD}">FPRounding</a> rounding = <a link="FPRounding_ZERO" file="shared_pseudocode.xml" hover="enumeration FPRounding  {FPRounding_TIEEVEN, FPRounding_POSINF,&#13; FPRounding_NEGINF,  FPRounding_ZERO,&#13; FPRounding_TIEAWAY, FPRounding_ODD}">FPRounding_ZERO</a>;</pstext>
        </ps>
      </ps_section>
    </iclass>
  </classes>
  <explanations scope="all">
    <explanation enclist="FCVTZU_asisdshf_C" symboldefcount="1">
      <symbol link="v">&lt;V&gt;</symbol>
      <definition encodedin="immh">
        <intro>Is a width specifier, </intro>
        <table class="valuetable">
          <tgroup cols="2">
            <thead>
              <row>
                <entry class="bitfield">immh</entry>
                <entry class="symbol">&lt;V&gt;</entry>
              </row>
            </thead>
            <tbody>
              <row>
                <entry class="bitfield">000x</entry>
                <entry class="symbol">RESERVED</entry>
              </row>
              <row>
                <entry class="bitfield">001x</entry>
                <entry class="symbol">H</entry>
              </row>
              <row>
                <entry class="bitfield">01xx</entry>
                <entry class="symbol">S</entry>
              </row>
              <row>
                <entry class="bitfield">1xxx</entry>
                <entry class="symbol">D</entry>
              </row>
            </tbody>
          </tgroup>
        </table>
      </definition>
      <arch_variants>
        <arch_variant name="ARMv8.2-A" />
      </arch_variants>
    </explanation>
    <explanation enclist="FCVTZU_asisdshf_C" symboldefcount="1">
      <symbol link="d">&lt;d&gt;</symbol>
      <account encodedin="Rd">
        <intro>
          <para>Is the number of the SIMD&amp;FP destination register, in the "Rd" field.</para>
        </intro>
      </account>
    </explanation>
    <explanation enclist="FCVTZU_asisdshf_C" symboldefcount="1">
      <symbol link="n">&lt;n&gt;</symbol>
      <account encodedin="Rn">
        <intro>
          <para>Is the number of the first SIMD&amp;FP source register, encoded in the "Rn" field.</para>
        </intro>
      </account>
    </explanation>
    <explanation enclist="FCVTZU_asimdshf_C" symboldefcount="1">
      <symbol link="vd">&lt;Vd&gt;</symbol>
      <account encodedin="Rd">
        <intro>
          <para>Is the name of the SIMD&amp;FP destination register, encoded in the "Rd" field.</para>
        </intro>
      </account>
    </explanation>
    <explanation enclist="FCVTZU_asimdshf_C" symboldefcount="1">
      <symbol link="t">&lt;T&gt;</symbol>
      <definition encodedin="immh:Q">
        <intro>Is an arrangement specifier, </intro>
        <table class="valuetable">
          <tgroup cols="3">
            <thead>
              <row>
                <entry class="bitfield">immh</entry>
                <entry class="bitfield">Q</entry>
                <entry class="symbol">&lt;T&gt;</entry>
              </row>
            </thead>
            <tbody>
              <row>
                <entry class="bitfield">0000</entry>
                <entry class="bitfield">x</entry>
                <entry class="symbol" iclasslink="asimdimm" iclasslinkfile="encodingindex.xml">SEE Advanced SIMD modified immediate</entry>
              </row>
              <row>
                <entry class="bitfield">0001</entry>
                <entry class="bitfield">x</entry>
                <entry class="symbol">RESERVED</entry>
              </row>
              <row>
                <entry class="bitfield">001x</entry>
                <entry class="bitfield">0</entry>
                <entry class="symbol">4H</entry>
              </row>
              <row>
                <entry class="bitfield">001x</entry>
                <entry class="bitfield">1</entry>
                <entry class="symbol">8H</entry>
              </row>
              <row>
                <entry class="bitfield">01xx</entry>
                <entry class="bitfield">0</entry>
                <entry class="symbol">2S</entry>
              </row>
              <row>
                <entry class="bitfield">01xx</entry>
                <entry class="bitfield">1</entry>
                <entry class="symbol">4S</entry>
              </row>
              <row>
                <entry class="bitfield">1xxx</entry>
                <entry class="bitfield">0</entry>
                <entry class="symbol">RESERVED</entry>
              </row>
              <row>
                <entry class="bitfield">1xxx</entry>
                <entry class="bitfield">1</entry>
                <entry class="symbol">2D</entry>
              </row>
            </tbody>
          </tgroup>
        </table>
      </definition>
      <arch_variants>
        <arch_variant name="ARMv8.2-A" />
      </arch_variants>
    </explanation>
    <explanation enclist="FCVTZU_asimdshf_C" symboldefcount="1">
      <symbol link="vn">&lt;Vn&gt;</symbol>
      <account encodedin="Rn">
        <intro>
          <para>Is the name of the SIMD&amp;FP source register, encoded in the "Rn" field.</para>
        </intro>
      </account>
    </explanation>
    <explanation enclist="FCVTZU_asisdshf_C" symboldefcount="1">
      <symbol link="fbits_1">&lt;fbits&gt;</symbol>
      <definition encodedin="immh:immb">
        <intro>For the scalar variant: is the number of fractional bits, in the range 1 to the operand width, </intro>
        <table class="valuetable">
          <tgroup cols="2">
            <thead>
              <row>
                <entry class="bitfield">immh</entry>
                <entry class="symbol">&lt;fbits&gt;</entry>
              </row>
            </thead>
            <tbody>
              <row>
                <entry class="bitfield">000x</entry>
                <entry class="symbol">RESERVED</entry>
              </row>
              <row>
                <entry class="bitfield">001x</entry>
                <entry class="symbol">(32-Uint(immh:immb))</entry>
              </row>
              <row>
                <entry class="bitfield">01xx</entry>
                <entry class="symbol">(64-UInt(immh:immb))</entry>
              </row>
              <row>
                <entry class="bitfield">1xxx</entry>
                <entry class="symbol">(128-UInt(immh:immb))</entry>
              </row>
            </tbody>
          </tgroup>
        </table>
      </definition>
      <arch_variants>
        <arch_variant name="ARMv8.2-A" />
      </arch_variants>
    </explanation>
    <explanation enclist="FCVTZU_asimdshf_C" symboldefcount="2">
      <symbol link="fbits">&lt;fbits&gt;</symbol>
      <definition encodedin="immh:immb">
        <intro>For the vector variant: is the number of fractional bits, in the range 1 to the element width, </intro>
        <table class="valuetable">
          <tgroup cols="2">
            <thead>
              <row>
                <entry class="bitfield">immh</entry>
                <entry class="symbol">&lt;fbits&gt;</entry>
              </row>
            </thead>
            <tbody>
              <row>
                <entry class="bitfield">0000</entry>
                <entry class="symbol" iclasslink="asimdimm" iclasslinkfile="encodingindex.xml">SEE Advanced SIMD modified immediate</entry>
              </row>
              <row>
                <entry class="bitfield">0001</entry>
                <entry class="symbol">RESERVED</entry>
              </row>
              <row>
                <entry class="bitfield">001x</entry>
                <entry class="symbol">(32-Uint(immh:immb))</entry>
              </row>
              <row>
                <entry class="bitfield">01xx</entry>
                <entry class="symbol">(64-UInt(immh:immb))</entry>
              </row>
              <row>
                <entry class="bitfield">1xxx</entry>
                <entry class="symbol">(128-UInt(immh:immb))</entry>
              </row>
            </tbody>
          </tgroup>
        </table>
      </definition>
      <arch_variants>
        <arch_variant name="ARMv8.2-A" />
      </arch_variants>
    </explanation>
  </explanations>
  <ps_section howmany="1">
    <ps name="aarch64/instrs/vector/shift/conv/float/sisd" mylink="commonps" enclabels="" sections="1" secttype="Operation">
      <pstext mayhavelinks="1" section="Execute" rep_section="execute"><a link="impl-aarch64.CheckFPAdvSIMDEnabled64.0" file="shared_pseudocode.xml" hover="function: CheckFPAdvSIMDEnabled64()">CheckFPAdvSIMDEnabled64</a>();
bits(datasize) operand  = <a link="impl-aarch64.V.read.1" file="shared_pseudocode.xml" hover="accessor: bits(width) V[integer n]">V</a>[n];
bits(datasize) result;
bits(esize) element;

for e = 0 to elements-1
    element = <a link="impl-shared.Elem.read.3" file="shared_pseudocode.xml" hover="accessor: bits(size) Elem[bits(N) vector, integer e, integer size]">Elem</a>[operand, e, esize];
    <a link="impl-shared.Elem.write.3" file="shared_pseudocode.xml" hover="accessor: Elem[bits(N) &amp;vector, integer e, integer size] = bits(size) value">Elem</a>[result, e, esize] = <a link="impl-shared.FPToFixed.5" file="shared_pseudocode.xml" hover="function: bits(M) FPToFixed(bits(N) op, integer fbits, boolean unsigned, FPCRType fpcr, FPRounding rounding)">FPToFixed</a>(element, fracbits, unsigned, FPCR, rounding);

<a link="impl-aarch64.V.write.1" file="shared_pseudocode.xml" hover="accessor: V[integer n] = bits(width) value">V</a>[d] = result;</pstext>
    </ps>
  </ps_section>
</instructionsection>
