<?xml version="1.0" encoding="utf-8"?>
<?xml-stylesheet type="text/xsl" encoding="UTF-8" href="iform.xsl" version="1.0"?>
<!DOCTYPE instructionsection PUBLIC "-//ARM//DTD instructionsection //EN" "iform-p.dtd">
<!-- Copyright (c) 2010-2020 Arm Limited or its affiliates. All rights reserved. -->
<!-- This document is Non-Confidential. This document may only be used and distributed in accordance with the terms of the agreement entered into by Arm and the party that Arm delivered this document to. -->

<instructionsection id="fcvtzs_z_p_z" title="FCVTZS" type="instruction">
  <docvars>
    <docvar key="instr-class" value="sve" />
    <docvar key="isa" value="A64" />
    <docvar key="mnemonic" value="FCVTZS" />
  </docvars>
  <heading>FCVTZS</heading>
  <desc>
    <brief>Floating-point convert to signed integer, rounding toward zero (predicated)</brief>
    <description>
      <para>Convert to the signed integer nearer to zero from each active floating-point element of the source vector, and place the results in the corresponding elements of the destination vector. Inactive elements in the destination vector register remain unmodified.</para>
      <para>If the input and result types have a different size the smaller type is held unpacked in the least significant bits of elements of the larger size. When the input is the smaller type the upper bits of each source element are ignored. When the result is the smaller type the results are sign-extended to fill each destination element.</para>
    </description>
    <status>Green</status>
    <predicated>True</predicated>
    <takes_movprfx>True</takes_movprfx>
    <takes_pred_movprfx>True</takes_pred_movprfx>
  </desc>
  <alias_list howmany="0"></alias_list>
  <classes>
    <classesintro count="7">
      <txt>It has encodings from 7 classes:</txt>
      <a href="#fcvtzs_z_p_z_fp162h">Half-precision to 16-bit</a>
      <txt>, </txt>
      <a href="#fcvtzs_z_p_z_fp162w">Half-precision to 32-bit</a>
      <txt>, </txt>
      <a href="#fcvtzs_z_p_z_fp162x">Half-precision to 64-bit</a>
      <txt>, </txt>
      <a href="#fcvtzs_z_p_z_s2w">Single-precision to 32-bit</a>
      <txt>, </txt>
      <a href="#fcvtzs_z_p_z_s2x">Single-precision to 64-bit</a>
      <txt>, </txt>
      <a href="#fcvtzs_z_p_z_d2w">Double-precision to 32-bit</a>
      <txt> and </txt>
      <a href="#fcvtzs_z_p_z_d2x">Double-precision to 64-bit</a>
    </classesintro>
    <iclass name="Half-precision to 16-bit" oneof="7" id="fcvtzs_z_p_z_fp162h" no_encodings="1" isa="A64">
      <docvars>
        <docvar key="convert-type" value="half-to-16" />
        <docvar key="instr-class" value="sve" />
        <docvar key="isa" value="A64" />
        <docvar key="mnemonic" value="FCVTZS" />
      </docvars>
      <iclassintro count="1"></iclassintro>
      <regdiagram form="32" psname="FCVTZS-Z.P.Z-FP162H" tworows="1">
        <box hibit="31" width="8" settings="8">
          <c>0</c>
          <c>1</c>
          <c>1</c>
          <c>0</c>
          <c>0</c>
          <c>1</c>
          <c>0</c>
          <c>1</c>
        </box>
        <box hibit="23" name="opc&lt;1&gt;" settings="1">
          <c>0</c>
        </box>
        <box hibit="22" name="opc&lt;0&gt;" settings="1">
          <c>1</c>
        </box>
        <box hibit="21" width="3" settings="3">
          <c>0</c>
          <c>1</c>
          <c>1</c>
        </box>
        <box hibit="18" name="opc2&lt;1&gt;" settings="1">
          <c>0</c>
        </box>
        <box hibit="17" name="opc2&lt;0&gt;" settings="1">
          <c>1</c>
        </box>
        <box hibit="16" name="int_U" usename="1" settings="1">
          <c>0</c>
        </box>
        <box hibit="15" width="3" settings="3">
          <c>1</c>
          <c>0</c>
          <c>1</c>
        </box>
        <box hibit="12" width="3" name="Pg" usename="1">
          <c colspan="3"></c>
        </box>
        <box hibit="9" width="5" name="Zn" usename="1">
          <c colspan="5"></c>
        </box>
        <box hibit="4" width="5" name="Zd" usename="1">
          <c colspan="5"></c>
        </box>
      </regdiagram>
      <encoding name="fcvtzs_z_p_z_fp162h" oneofinclass="1" oneof="7" label="Half-precision to 16-bit">
        <docvars>
          <docvar key="convert-type" value="half-to-16" />
          <docvar key="instr-class" value="sve" />
          <docvar key="isa" value="A64" />
          <docvar key="mnemonic" value="FCVTZS" />
        </docvars>
        <asmtemplate><text>FCVTZS  </text><a link="zd" hover="Destination scalable vector register (field &quot;Zd&quot;)">&lt;Zd&gt;</a><text>.H, </text><a link="pg" hover="Governing scalable predicate register P0-P7 (field &quot;Pg&quot;)">&lt;Pg&gt;</a><text>/M, </text><a link="zn" hover="Source scalable vector register (field &quot;Zn&quot;)">&lt;Zn&gt;</a><text>.H</text></asmtemplate>
      </encoding>
      <ps_section howmany="1">
        <ps name="FCVTZS-Z.P.Z-FP162H" mylink="FCVTZS-Z.P.Z-FP162H" enclabels="" sections="1" secttype="noheading">
          <pstext mayhavelinks="1" section="Decode" rep_section="decode">if !<a link="impl-aarch64.HaveSVE.0" file="shared_pseudocode.xml" hover="function: boolean HaveSVE()">HaveSVE</a>() then UNDEFINED;
integer esize = 16;
integer g = <a link="impl-shared.UInt.1" file="shared_pseudocode.xml" hover="function: integer UInt(bits(N) x)">UInt</a>(Pg);
integer n = <a link="impl-shared.UInt.1" file="shared_pseudocode.xml" hover="function: integer UInt(bits(N) x)">UInt</a>(Zn);
integer d = <a link="impl-shared.UInt.1" file="shared_pseudocode.xml" hover="function: integer UInt(bits(N) x)">UInt</a>(Zd);
integer s_esize = 16;
integer d_esize = 16;
boolean unsigned = FALSE;
<a link="FPRounding" file="shared_pseudocode.xml" hover="enumeration FPRounding  {FPRounding_TIEEVEN, FPRounding_POSINF, FPRounding_NEGINF,  FPRounding_ZERO, FPRounding_TIEAWAY, FPRounding_ODD}">FPRounding</a> rounding = <a link="FPRounding_ZERO" file="shared_pseudocode.xml" hover="enumeration FPRounding  {FPRounding_TIEEVEN, FPRounding_POSINF, FPRounding_NEGINF,  FPRounding_ZERO, FPRounding_TIEAWAY, FPRounding_ODD}">FPRounding_ZERO</a>;</pstext>
        </ps>
      </ps_section>
    </iclass>
    <iclass name="Half-precision to 32-bit" oneof="7" id="fcvtzs_z_p_z_fp162w" no_encodings="1" isa="A64">
      <docvars>
        <docvar key="convert-type" value="half-to-32" />
        <docvar key="instr-class" value="sve" />
        <docvar key="isa" value="A64" />
        <docvar key="mnemonic" value="FCVTZS" />
      </docvars>
      <iclassintro count="1"></iclassintro>
      <regdiagram form="32" psname="FCVTZS-Z.P.Z-FP162W" tworows="1">
        <box hibit="31" width="8" settings="8">
          <c>0</c>
          <c>1</c>
          <c>1</c>
          <c>0</c>
          <c>0</c>
          <c>1</c>
          <c>0</c>
          <c>1</c>
        </box>
        <box hibit="23" name="opc&lt;1&gt;" settings="1">
          <c>0</c>
        </box>
        <box hibit="22" name="opc&lt;0&gt;" settings="1">
          <c>1</c>
        </box>
        <box hibit="21" width="3" settings="3">
          <c>0</c>
          <c>1</c>
          <c>1</c>
        </box>
        <box hibit="18" name="opc2&lt;1&gt;" settings="1">
          <c>1</c>
        </box>
        <box hibit="17" name="opc2&lt;0&gt;" settings="1">
          <c>0</c>
        </box>
        <box hibit="16" name="int_U" usename="1" settings="1">
          <c>0</c>
        </box>
        <box hibit="15" width="3" settings="3">
          <c>1</c>
          <c>0</c>
          <c>1</c>
        </box>
        <box hibit="12" width="3" name="Pg" usename="1">
          <c colspan="3"></c>
        </box>
        <box hibit="9" width="5" name="Zn" usename="1">
          <c colspan="5"></c>
        </box>
        <box hibit="4" width="5" name="Zd" usename="1">
          <c colspan="5"></c>
        </box>
      </regdiagram>
      <encoding name="fcvtzs_z_p_z_fp162w" oneofinclass="1" oneof="7" label="Half-precision to 32-bit">
        <docvars>
          <docvar key="convert-type" value="half-to-32" />
          <docvar key="instr-class" value="sve" />
          <docvar key="isa" value="A64" />
          <docvar key="mnemonic" value="FCVTZS" />
        </docvars>
        <asmtemplate><text>FCVTZS  </text><a link="zd" hover="Destination scalable vector register (field &quot;Zd&quot;)">&lt;Zd&gt;</a><text>.S, </text><a link="pg" hover="Governing scalable predicate register P0-P7 (field &quot;Pg&quot;)">&lt;Pg&gt;</a><text>/M, </text><a link="zn" hover="Source scalable vector register (field &quot;Zn&quot;)">&lt;Zn&gt;</a><text>.H</text></asmtemplate>
      </encoding>
      <ps_section howmany="1">
        <ps name="FCVTZS-Z.P.Z-FP162W" mylink="FCVTZS-Z.P.Z-FP162W" enclabels="" sections="1" secttype="noheading">
          <pstext mayhavelinks="1" section="Decode" rep_section="decode">if !<a link="impl-aarch64.HaveSVE.0" file="shared_pseudocode.xml" hover="function: boolean HaveSVE()">HaveSVE</a>() then UNDEFINED;
integer esize = 32;
integer g = <a link="impl-shared.UInt.1" file="shared_pseudocode.xml" hover="function: integer UInt(bits(N) x)">UInt</a>(Pg);
integer n = <a link="impl-shared.UInt.1" file="shared_pseudocode.xml" hover="function: integer UInt(bits(N) x)">UInt</a>(Zn);
integer d = <a link="impl-shared.UInt.1" file="shared_pseudocode.xml" hover="function: integer UInt(bits(N) x)">UInt</a>(Zd);
integer s_esize = 16;
integer d_esize = 32;
boolean unsigned = FALSE;
<a link="FPRounding" file="shared_pseudocode.xml" hover="enumeration FPRounding  {FPRounding_TIEEVEN, FPRounding_POSINF, FPRounding_NEGINF,  FPRounding_ZERO, FPRounding_TIEAWAY, FPRounding_ODD}">FPRounding</a> rounding = <a link="FPRounding_ZERO" file="shared_pseudocode.xml" hover="enumeration FPRounding  {FPRounding_TIEEVEN, FPRounding_POSINF, FPRounding_NEGINF,  FPRounding_ZERO, FPRounding_TIEAWAY, FPRounding_ODD}">FPRounding_ZERO</a>;</pstext>
        </ps>
      </ps_section>
    </iclass>
    <iclass name="Half-precision to 64-bit" oneof="7" id="fcvtzs_z_p_z_fp162x" no_encodings="1" isa="A64">
      <docvars>
        <docvar key="convert-type" value="half-to-64" />
        <docvar key="instr-class" value="sve" />
        <docvar key="isa" value="A64" />
        <docvar key="mnemonic" value="FCVTZS" />
      </docvars>
      <iclassintro count="1"></iclassintro>
      <regdiagram form="32" psname="FCVTZS-Z.P.Z-FP162X" tworows="1">
        <box hibit="31" width="8" settings="8">
          <c>0</c>
          <c>1</c>
          <c>1</c>
          <c>0</c>
          <c>0</c>
          <c>1</c>
          <c>0</c>
          <c>1</c>
        </box>
        <box hibit="23" name="opc&lt;1&gt;" settings="1">
          <c>0</c>
        </box>
        <box hibit="22" name="opc&lt;0&gt;" settings="1">
          <c>1</c>
        </box>
        <box hibit="21" width="3" settings="3">
          <c>0</c>
          <c>1</c>
          <c>1</c>
        </box>
        <box hibit="18" name="opc2&lt;1&gt;" settings="1">
          <c>1</c>
        </box>
        <box hibit="17" name="opc2&lt;0&gt;" settings="1">
          <c>1</c>
        </box>
        <box hibit="16" name="int_U" usename="1" settings="1">
          <c>0</c>
        </box>
        <box hibit="15" width="3" settings="3">
          <c>1</c>
          <c>0</c>
          <c>1</c>
        </box>
        <box hibit="12" width="3" name="Pg" usename="1">
          <c colspan="3"></c>
        </box>
        <box hibit="9" width="5" name="Zn" usename="1">
          <c colspan="5"></c>
        </box>
        <box hibit="4" width="5" name="Zd" usename="1">
          <c colspan="5"></c>
        </box>
      </regdiagram>
      <encoding name="fcvtzs_z_p_z_fp162x" oneofinclass="1" oneof="7" label="Half-precision to 64-bit">
        <docvars>
          <docvar key="convert-type" value="half-to-64" />
          <docvar key="instr-class" value="sve" />
          <docvar key="isa" value="A64" />
          <docvar key="mnemonic" value="FCVTZS" />
        </docvars>
        <asmtemplate><text>FCVTZS  </text><a link="zd" hover="Destination scalable vector register (field &quot;Zd&quot;)">&lt;Zd&gt;</a><text>.D, </text><a link="pg" hover="Governing scalable predicate register P0-P7 (field &quot;Pg&quot;)">&lt;Pg&gt;</a><text>/M, </text><a link="zn" hover="Source scalable vector register (field &quot;Zn&quot;)">&lt;Zn&gt;</a><text>.H</text></asmtemplate>
      </encoding>
      <ps_section howmany="1">
        <ps name="FCVTZS-Z.P.Z-FP162X" mylink="FCVTZS-Z.P.Z-FP162X" enclabels="" sections="1" secttype="noheading">
          <pstext mayhavelinks="1" section="Decode" rep_section="decode">if !<a link="impl-aarch64.HaveSVE.0" file="shared_pseudocode.xml" hover="function: boolean HaveSVE()">HaveSVE</a>() then UNDEFINED;
integer esize = 64;
integer g = <a link="impl-shared.UInt.1" file="shared_pseudocode.xml" hover="function: integer UInt(bits(N) x)">UInt</a>(Pg);
integer n = <a link="impl-shared.UInt.1" file="shared_pseudocode.xml" hover="function: integer UInt(bits(N) x)">UInt</a>(Zn);
integer d = <a link="impl-shared.UInt.1" file="shared_pseudocode.xml" hover="function: integer UInt(bits(N) x)">UInt</a>(Zd);
integer s_esize = 16;
integer d_esize = 64;
boolean unsigned = FALSE;
<a link="FPRounding" file="shared_pseudocode.xml" hover="enumeration FPRounding  {FPRounding_TIEEVEN, FPRounding_POSINF, FPRounding_NEGINF,  FPRounding_ZERO, FPRounding_TIEAWAY, FPRounding_ODD}">FPRounding</a> rounding = <a link="FPRounding_ZERO" file="shared_pseudocode.xml" hover="enumeration FPRounding  {FPRounding_TIEEVEN, FPRounding_POSINF, FPRounding_NEGINF,  FPRounding_ZERO, FPRounding_TIEAWAY, FPRounding_ODD}">FPRounding_ZERO</a>;</pstext>
        </ps>
      </ps_section>
    </iclass>
    <iclass name="Single-precision to 32-bit" oneof="7" id="fcvtzs_z_p_z_s2w" no_encodings="1" isa="A64">
      <docvars>
        <docvar key="convert-type" value="single-to-32" />
        <docvar key="instr-class" value="sve" />
        <docvar key="isa" value="A64" />
        <docvar key="mnemonic" value="FCVTZS" />
      </docvars>
      <iclassintro count="1"></iclassintro>
      <regdiagram form="32" psname="FCVTZS-Z.P.Z-S2W" tworows="1">
        <box hibit="31" width="8" settings="8">
          <c>0</c>
          <c>1</c>
          <c>1</c>
          <c>0</c>
          <c>0</c>
          <c>1</c>
          <c>0</c>
          <c>1</c>
        </box>
        <box hibit="23" name="opc&lt;1&gt;" settings="1">
          <c>1</c>
        </box>
        <box hibit="22" name="opc&lt;0&gt;" settings="1">
          <c>0</c>
        </box>
        <box hibit="21" width="3" settings="3">
          <c>0</c>
          <c>1</c>
          <c>1</c>
        </box>
        <box hibit="18" name="opc2&lt;1&gt;" settings="1">
          <c>1</c>
        </box>
        <box hibit="17" name="opc2&lt;0&gt;" settings="1">
          <c>0</c>
        </box>
        <box hibit="16" name="int_U" usename="1" settings="1">
          <c>0</c>
        </box>
        <box hibit="15" width="3" settings="3">
          <c>1</c>
          <c>0</c>
          <c>1</c>
        </box>
        <box hibit="12" width="3" name="Pg" usename="1">
          <c colspan="3"></c>
        </box>
        <box hibit="9" width="5" name="Zn" usename="1">
          <c colspan="5"></c>
        </box>
        <box hibit="4" width="5" name="Zd" usename="1">
          <c colspan="5"></c>
        </box>
      </regdiagram>
      <encoding name="fcvtzs_z_p_z_s2w" oneofinclass="1" oneof="7" label="Single-precision to 32-bit">
        <docvars>
          <docvar key="convert-type" value="single-to-32" />
          <docvar key="instr-class" value="sve" />
          <docvar key="isa" value="A64" />
          <docvar key="mnemonic" value="FCVTZS" />
        </docvars>
        <asmtemplate><text>FCVTZS  </text><a link="zd" hover="Destination scalable vector register (field &quot;Zd&quot;)">&lt;Zd&gt;</a><text>.S, </text><a link="pg" hover="Governing scalable predicate register P0-P7 (field &quot;Pg&quot;)">&lt;Pg&gt;</a><text>/M, </text><a link="zn" hover="Source scalable vector register (field &quot;Zn&quot;)">&lt;Zn&gt;</a><text>.S</text></asmtemplate>
      </encoding>
      <ps_section howmany="1">
        <ps name="FCVTZS-Z.P.Z-S2W" mylink="FCVTZS-Z.P.Z-S2W" enclabels="" sections="1" secttype="noheading">
          <pstext mayhavelinks="1" section="Decode" rep_section="decode">if !<a link="impl-aarch64.HaveSVE.0" file="shared_pseudocode.xml" hover="function: boolean HaveSVE()">HaveSVE</a>() then UNDEFINED;
integer esize = 32;
integer g = <a link="impl-shared.UInt.1" file="shared_pseudocode.xml" hover="function: integer UInt(bits(N) x)">UInt</a>(Pg);
integer n = <a link="impl-shared.UInt.1" file="shared_pseudocode.xml" hover="function: integer UInt(bits(N) x)">UInt</a>(Zn);
integer d = <a link="impl-shared.UInt.1" file="shared_pseudocode.xml" hover="function: integer UInt(bits(N) x)">UInt</a>(Zd);
integer s_esize = 32;
integer d_esize = 32;
boolean unsigned = FALSE;
<a link="FPRounding" file="shared_pseudocode.xml" hover="enumeration FPRounding  {FPRounding_TIEEVEN, FPRounding_POSINF, FPRounding_NEGINF,  FPRounding_ZERO, FPRounding_TIEAWAY, FPRounding_ODD}">FPRounding</a> rounding = <a link="FPRounding_ZERO" file="shared_pseudocode.xml" hover="enumeration FPRounding  {FPRounding_TIEEVEN, FPRounding_POSINF, FPRounding_NEGINF,  FPRounding_ZERO, FPRounding_TIEAWAY, FPRounding_ODD}">FPRounding_ZERO</a>;</pstext>
        </ps>
      </ps_section>
    </iclass>
    <iclass name="Single-precision to 64-bit" oneof="7" id="fcvtzs_z_p_z_s2x" no_encodings="1" isa="A64">
      <docvars>
        <docvar key="convert-type" value="single-to-64" />
        <docvar key="instr-class" value="sve" />
        <docvar key="isa" value="A64" />
        <docvar key="mnemonic" value="FCVTZS" />
      </docvars>
      <iclassintro count="1"></iclassintro>
      <regdiagram form="32" psname="FCVTZS-Z.P.Z-S2X" tworows="1">
        <box hibit="31" width="8" settings="8">
          <c>0</c>
          <c>1</c>
          <c>1</c>
          <c>0</c>
          <c>0</c>
          <c>1</c>
          <c>0</c>
          <c>1</c>
        </box>
        <box hibit="23" name="opc&lt;1&gt;" settings="1">
          <c>1</c>
        </box>
        <box hibit="22" name="opc&lt;0&gt;" settings="1">
          <c>1</c>
        </box>
        <box hibit="21" width="3" settings="3">
          <c>0</c>
          <c>1</c>
          <c>1</c>
        </box>
        <box hibit="18" name="opc2&lt;1&gt;" settings="1">
          <c>1</c>
        </box>
        <box hibit="17" name="opc2&lt;0&gt;" settings="1">
          <c>0</c>
        </box>
        <box hibit="16" name="int_U" usename="1" settings="1">
          <c>0</c>
        </box>
        <box hibit="15" width="3" settings="3">
          <c>1</c>
          <c>0</c>
          <c>1</c>
        </box>
        <box hibit="12" width="3" name="Pg" usename="1">
          <c colspan="3"></c>
        </box>
        <box hibit="9" width="5" name="Zn" usename="1">
          <c colspan="5"></c>
        </box>
        <box hibit="4" width="5" name="Zd" usename="1">
          <c colspan="5"></c>
        </box>
      </regdiagram>
      <encoding name="fcvtzs_z_p_z_s2x" oneofinclass="1" oneof="7" label="Single-precision to 64-bit">
        <docvars>
          <docvar key="convert-type" value="single-to-64" />
          <docvar key="instr-class" value="sve" />
          <docvar key="isa" value="A64" />
          <docvar key="mnemonic" value="FCVTZS" />
        </docvars>
        <asmtemplate><text>FCVTZS  </text><a link="zd" hover="Destination scalable vector register (field &quot;Zd&quot;)">&lt;Zd&gt;</a><text>.D, </text><a link="pg" hover="Governing scalable predicate register P0-P7 (field &quot;Pg&quot;)">&lt;Pg&gt;</a><text>/M, </text><a link="zn" hover="Source scalable vector register (field &quot;Zn&quot;)">&lt;Zn&gt;</a><text>.S</text></asmtemplate>
      </encoding>
      <ps_section howmany="1">
        <ps name="FCVTZS-Z.P.Z-S2X" mylink="FCVTZS-Z.P.Z-S2X" enclabels="" sections="1" secttype="noheading">
          <pstext mayhavelinks="1" section="Decode" rep_section="decode">if !<a link="impl-aarch64.HaveSVE.0" file="shared_pseudocode.xml" hover="function: boolean HaveSVE()">HaveSVE</a>() then UNDEFINED;
integer esize = 64;
integer g = <a link="impl-shared.UInt.1" file="shared_pseudocode.xml" hover="function: integer UInt(bits(N) x)">UInt</a>(Pg);
integer n = <a link="impl-shared.UInt.1" file="shared_pseudocode.xml" hover="function: integer UInt(bits(N) x)">UInt</a>(Zn);
integer d = <a link="impl-shared.UInt.1" file="shared_pseudocode.xml" hover="function: integer UInt(bits(N) x)">UInt</a>(Zd);
integer s_esize = 32;
integer d_esize = 64;
boolean unsigned = FALSE;
<a link="FPRounding" file="shared_pseudocode.xml" hover="enumeration FPRounding  {FPRounding_TIEEVEN, FPRounding_POSINF, FPRounding_NEGINF,  FPRounding_ZERO, FPRounding_TIEAWAY, FPRounding_ODD}">FPRounding</a> rounding = <a link="FPRounding_ZERO" file="shared_pseudocode.xml" hover="enumeration FPRounding  {FPRounding_TIEEVEN, FPRounding_POSINF, FPRounding_NEGINF,  FPRounding_ZERO, FPRounding_TIEAWAY, FPRounding_ODD}">FPRounding_ZERO</a>;</pstext>
        </ps>
      </ps_section>
    </iclass>
    <iclass name="Double-precision to 32-bit" oneof="7" id="fcvtzs_z_p_z_d2w" no_encodings="1" isa="A64">
      <docvars>
        <docvar key="convert-type" value="double-to-32" />
        <docvar key="instr-class" value="sve" />
        <docvar key="isa" value="A64" />
        <docvar key="mnemonic" value="FCVTZS" />
      </docvars>
      <iclassintro count="1"></iclassintro>
      <regdiagram form="32" psname="FCVTZS-Z.P.Z-D2W" tworows="1">
        <box hibit="31" width="8" settings="8">
          <c>0</c>
          <c>1</c>
          <c>1</c>
          <c>0</c>
          <c>0</c>
          <c>1</c>
          <c>0</c>
          <c>1</c>
        </box>
        <box hibit="23" name="opc&lt;1&gt;" settings="1">
          <c>1</c>
        </box>
        <box hibit="22" name="opc&lt;0&gt;" settings="1">
          <c>1</c>
        </box>
        <box hibit="21" width="3" settings="3">
          <c>0</c>
          <c>1</c>
          <c>1</c>
        </box>
        <box hibit="18" name="opc2&lt;1&gt;" settings="1">
          <c>0</c>
        </box>
        <box hibit="17" name="opc2&lt;0&gt;" settings="1">
          <c>0</c>
        </box>
        <box hibit="16" name="int_U" usename="1" settings="1">
          <c>0</c>
        </box>
        <box hibit="15" width="3" settings="3">
          <c>1</c>
          <c>0</c>
          <c>1</c>
        </box>
        <box hibit="12" width="3" name="Pg" usename="1">
          <c colspan="3"></c>
        </box>
        <box hibit="9" width="5" name="Zn" usename="1">
          <c colspan="5"></c>
        </box>
        <box hibit="4" width="5" name="Zd" usename="1">
          <c colspan="5"></c>
        </box>
      </regdiagram>
      <encoding name="fcvtzs_z_p_z_d2w" oneofinclass="1" oneof="7" label="Double-precision to 32-bit">
        <docvars>
          <docvar key="convert-type" value="double-to-32" />
          <docvar key="instr-class" value="sve" />
          <docvar key="isa" value="A64" />
          <docvar key="mnemonic" value="FCVTZS" />
        </docvars>
        <asmtemplate><text>FCVTZS  </text><a link="zd" hover="Destination scalable vector register (field &quot;Zd&quot;)">&lt;Zd&gt;</a><text>.S, </text><a link="pg" hover="Governing scalable predicate register P0-P7 (field &quot;Pg&quot;)">&lt;Pg&gt;</a><text>/M, </text><a link="zn" hover="Source scalable vector register (field &quot;Zn&quot;)">&lt;Zn&gt;</a><text>.D</text></asmtemplate>
      </encoding>
      <ps_section howmany="1">
        <ps name="FCVTZS-Z.P.Z-D2W" mylink="FCVTZS-Z.P.Z-D2W" enclabels="" sections="1" secttype="noheading">
          <pstext mayhavelinks="1" section="Decode" rep_section="decode">if !<a link="impl-aarch64.HaveSVE.0" file="shared_pseudocode.xml" hover="function: boolean HaveSVE()">HaveSVE</a>() then UNDEFINED;
integer esize = 64;
integer g = <a link="impl-shared.UInt.1" file="shared_pseudocode.xml" hover="function: integer UInt(bits(N) x)">UInt</a>(Pg);
integer n = <a link="impl-shared.UInt.1" file="shared_pseudocode.xml" hover="function: integer UInt(bits(N) x)">UInt</a>(Zn);
integer d = <a link="impl-shared.UInt.1" file="shared_pseudocode.xml" hover="function: integer UInt(bits(N) x)">UInt</a>(Zd);
integer s_esize = 64;
integer d_esize = 32;
boolean unsigned = FALSE;
<a link="FPRounding" file="shared_pseudocode.xml" hover="enumeration FPRounding  {FPRounding_TIEEVEN, FPRounding_POSINF, FPRounding_NEGINF,  FPRounding_ZERO, FPRounding_TIEAWAY, FPRounding_ODD}">FPRounding</a> rounding = <a link="FPRounding_ZERO" file="shared_pseudocode.xml" hover="enumeration FPRounding  {FPRounding_TIEEVEN, FPRounding_POSINF, FPRounding_NEGINF,  FPRounding_ZERO, FPRounding_TIEAWAY, FPRounding_ODD}">FPRounding_ZERO</a>;</pstext>
        </ps>
      </ps_section>
    </iclass>
    <iclass name="Double-precision to 64-bit" oneof="7" id="fcvtzs_z_p_z_d2x" no_encodings="1" isa="A64">
      <docvars>
        <docvar key="convert-type" value="double-to-64" />
        <docvar key="instr-class" value="sve" />
        <docvar key="isa" value="A64" />
        <docvar key="mnemonic" value="FCVTZS" />
      </docvars>
      <iclassintro count="1"></iclassintro>
      <regdiagram form="32" psname="FCVTZS-Z.P.Z-D2X" tworows="1">
        <box hibit="31" width="8" settings="8">
          <c>0</c>
          <c>1</c>
          <c>1</c>
          <c>0</c>
          <c>0</c>
          <c>1</c>
          <c>0</c>
          <c>1</c>
        </box>
        <box hibit="23" name="opc&lt;1&gt;" settings="1">
          <c>1</c>
        </box>
        <box hibit="22" name="opc&lt;0&gt;" settings="1">
          <c>1</c>
        </box>
        <box hibit="21" width="3" settings="3">
          <c>0</c>
          <c>1</c>
          <c>1</c>
        </box>
        <box hibit="18" name="opc2&lt;1&gt;" settings="1">
          <c>1</c>
        </box>
        <box hibit="17" name="opc2&lt;0&gt;" settings="1">
          <c>1</c>
        </box>
        <box hibit="16" name="int_U" usename="1" settings="1">
          <c>0</c>
        </box>
        <box hibit="15" width="3" settings="3">
          <c>1</c>
          <c>0</c>
          <c>1</c>
        </box>
        <box hibit="12" width="3" name="Pg" usename="1">
          <c colspan="3"></c>
        </box>
        <box hibit="9" width="5" name="Zn" usename="1">
          <c colspan="5"></c>
        </box>
        <box hibit="4" width="5" name="Zd" usename="1">
          <c colspan="5"></c>
        </box>
      </regdiagram>
      <encoding name="fcvtzs_z_p_z_d2x" oneofinclass="1" oneof="7" label="Double-precision to 64-bit">
        <docvars>
          <docvar key="convert-type" value="double-to-64" />
          <docvar key="instr-class" value="sve" />
          <docvar key="isa" value="A64" />
          <docvar key="mnemonic" value="FCVTZS" />
        </docvars>
        <asmtemplate><text>FCVTZS  </text><a link="zd" hover="Destination scalable vector register (field &quot;Zd&quot;)">&lt;Zd&gt;</a><text>.D, </text><a link="pg" hover="Governing scalable predicate register P0-P7 (field &quot;Pg&quot;)">&lt;Pg&gt;</a><text>/M, </text><a link="zn" hover="Source scalable vector register (field &quot;Zn&quot;)">&lt;Zn&gt;</a><text>.D</text></asmtemplate>
      </encoding>
      <ps_section howmany="1">
        <ps name="FCVTZS-Z.P.Z-D2X" mylink="FCVTZS-Z.P.Z-D2X" enclabels="" sections="1" secttype="noheading">
          <pstext mayhavelinks="1" section="Decode" rep_section="decode">if !<a link="impl-aarch64.HaveSVE.0" file="shared_pseudocode.xml" hover="function: boolean HaveSVE()">HaveSVE</a>() then UNDEFINED;
integer esize = 64;
integer g = <a link="impl-shared.UInt.1" file="shared_pseudocode.xml" hover="function: integer UInt(bits(N) x)">UInt</a>(Pg);
integer n = <a link="impl-shared.UInt.1" file="shared_pseudocode.xml" hover="function: integer UInt(bits(N) x)">UInt</a>(Zn);
integer d = <a link="impl-shared.UInt.1" file="shared_pseudocode.xml" hover="function: integer UInt(bits(N) x)">UInt</a>(Zd);
integer s_esize = 64;
integer d_esize = 64;
boolean unsigned = FALSE;
<a link="FPRounding" file="shared_pseudocode.xml" hover="enumeration FPRounding  {FPRounding_TIEEVEN, FPRounding_POSINF, FPRounding_NEGINF,  FPRounding_ZERO, FPRounding_TIEAWAY, FPRounding_ODD}">FPRounding</a> rounding = <a link="FPRounding_ZERO" file="shared_pseudocode.xml" hover="enumeration FPRounding  {FPRounding_TIEEVEN, FPRounding_POSINF, FPRounding_NEGINF,  FPRounding_ZERO, FPRounding_TIEAWAY, FPRounding_ODD}">FPRounding_ZERO</a>;</pstext>
        </ps>
      </ps_section>
    </iclass>
  </classes>
  <explanations scope="all">
    <explanation enclist="fcvtzs_z_p_z_fp162x, fcvtzs_z_p_z_s2w, fcvtzs_z_p_z_d2w, fcvtzs_z_p_z_d2x, fcvtzs_z_p_z_s2x, fcvtzs_z_p_z_fp162w, fcvtzs_z_p_z_fp162h" symboldefcount="1">
      <symbol link="zd">&lt;Zd&gt;</symbol>
      <account encodedin="Zd">
        <intro>
          <para>Is the name of the destination scalable vector register, encoded in the "Zd" field.</para>
        </intro>
      </account>
    </explanation>
    <explanation enclist="fcvtzs_z_p_z_fp162x, fcvtzs_z_p_z_s2w, fcvtzs_z_p_z_d2w, fcvtzs_z_p_z_d2x, fcvtzs_z_p_z_s2x, fcvtzs_z_p_z_fp162w, fcvtzs_z_p_z_fp162h" symboldefcount="1">
      <symbol link="pg">&lt;Pg&gt;</symbol>
      <account encodedin="Pg">
        <intro>
          <para>Is the name of the governing scalable predicate register P0-P7, encoded in the "Pg" field.</para>
        </intro>
      </account>
    </explanation>
    <explanation enclist="fcvtzs_z_p_z_fp162x, fcvtzs_z_p_z_s2w, fcvtzs_z_p_z_d2w, fcvtzs_z_p_z_d2x, fcvtzs_z_p_z_s2x, fcvtzs_z_p_z_fp162w, fcvtzs_z_p_z_fp162h" symboldefcount="1">
      <symbol link="zn">&lt;Zn&gt;</symbol>
      <account encodedin="Zn">
        <intro>
          <para>Is the name of the source scalable vector register, encoded in the "Zn" field.</para>
        </intro>
      </account>
    </explanation>
  </explanations>
  <ps_section howmany="1">
    <ps name="FCVTZS-Z.P.Z-FP162H" mylink="commonps" enclabels="" sections="1" secttype="Operation">
      <pstext mayhavelinks="1" section="Execute" rep_section="execute"><a link="impl-aarch64.CheckSVEEnabled.0" file="shared_pseudocode.xml" hover="function: CheckSVEEnabled()">CheckSVEEnabled</a>();
integer elements = <a link="impl-aarch64.VL.read.none" file="shared_pseudocode.xml" hover="accessor: integer VL">VL</a> DIV esize;
bits(<a link="impl-aarch64.PL.read.none" file="shared_pseudocode.xml" hover="accessor: integer PL">PL</a>) mask = <a link="impl-aarch64.P.read.1" file="shared_pseudocode.xml" hover="accessor: bits(width) P[integer n]">P</a>[g];
bits(<a link="impl-aarch64.VL.read.none" file="shared_pseudocode.xml" hover="accessor: integer VL">VL</a>) operand  = <a link="impl-aarch64.Z.read.1" file="shared_pseudocode.xml" hover="accessor: bits(width) Z[integer n]">Z</a>[n];
bits(<a link="impl-aarch64.VL.read.none" file="shared_pseudocode.xml" hover="accessor: integer VL">VL</a>) result = <a link="impl-aarch64.Z.read.1" file="shared_pseudocode.xml" hover="accessor: bits(width) Z[integer n]">Z</a>[d];

for e = 0 to elements-1
    bits(esize) element = <a link="impl-shared.Elem.read.3" file="shared_pseudocode.xml" hover="accessor: bits(size) Elem[bits(N) vector, integer e, integer size]">Elem</a>[operand, e, esize];
    if <a link="impl-aarch64.ElemP.read.3" file="shared_pseudocode.xml" hover="accessor: bit ElemP[bits(N) pred, integer e, integer esize]">ElemP</a>[mask, e, esize] == '1' then
        bits(d_esize) res = <a link="impl-shared.FPToFixed.5" file="shared_pseudocode.xml" hover="function: bits(M) FPToFixed(bits(N) op, integer fbits, boolean unsigned, FPCRType fpcr, FPRounding rounding)">FPToFixed</a>(element&lt;s_esize-1:0&gt;, 0, unsigned, FPCR&lt;31:0&gt;, rounding);
        <a link="impl-shared.Elem.write.3" file="shared_pseudocode.xml" hover="accessor: Elem[bits(N) &amp;vector, integer e, integer size] = bits(size) value">Elem</a>[result, e, esize] = <a link="impl-shared.Extend.2" file="shared_pseudocode.xml" hover="function: bits(N) Extend(bits(M) x, boolean unsigned)">Extend</a>(res, unsigned);

<a link="impl-aarch64.Z.write.1" file="shared_pseudocode.xml" hover="accessor: Z[integer n] = bits(width) value">Z</a>[d] = result;</pstext>
    </ps>
  </ps_section>
</instructionsection>
