<?xml version="1.0" encoding="utf-8"?>
<?xml-stylesheet type="text/xsl" encoding="UTF-8" href="iform.xsl" version="1.0"?>
<!DOCTYPE instructionsection PUBLIC "-//ARM//DTD instructionsection //EN" "iform-p.dtd">
<!-- Copyright (c) 2010-2020 Arm Limited or its affiliates. All rights reserved. -->
<!-- This document is Non-Confidential. This document may only be used and distributed in accordance with the terms of the agreement entered into by Arm and the party that Arm delivered this document to. -->

<instructionsection id="FCVT_float" title="FCVT -- A64" type="instruction">
  <docvars>
    <docvar key="instr-class" value="float" />
    <docvar key="isa" value="A64" />
    <docvar key="mnemonic" value="FCVT" />
  </docvars>
  <heading>FCVT</heading>
  <desc>
    <brief>
      <para>Floating-point Convert precision (scalar)</para>
    </brief>
    <authored>
      <para>Floating-point Convert precision (scalar). This instruction converts the floating-point value in the SIMD&amp;FP source register to the precision for the destination register data type using the rounding mode that is determined by the <xref linkend="AArch64.fpcr">FPCR</xref> and writes the result to the SIMD&amp;FP destination register.</para>
      <para>Depending on the settings in the <xref linkend="AArch64.cpacr_el1">CPACR_EL1</xref>, <xref linkend="AArch64.cptr_el2">CPTR_EL2</xref>, and <xref linkend="AArch64.cptr_el3">CPTR_EL3</xref> registers, and the current Security state and Exception level, an attempt to execute the instruction might be trapped.</para>
    </authored>
  </desc>
  <alias_list howmany="0"></alias_list>
  <classes>
    <iclass name="Floating-point" oneof="1" id="float" no_encodings="6" isa="A64">
      <docvars>
        <docvar key="instr-class" value="float" />
        <docvar key="isa" value="A64" />
        <docvar key="mnemonic" value="FCVT" />
      </docvars>
      <iclassintro count="6"></iclassintro>
      <regdiagram form="32" psname="aarch64/instrs/float/convert/fp">
        <box hibit="31" name="M" settings="1">
          <c>0</c>
        </box>
        <box hibit="30" settings="1">
          <c>0</c>
        </box>
        <box hibit="29" name="S" settings="1">
          <c>0</c>
        </box>
        <box hibit="28" width="5" settings="5">
          <c>1</c>
          <c>1</c>
          <c>1</c>
          <c>1</c>
          <c>0</c>
        </box>
        <box hibit="23" width="2" name="ftype" usename="1">
          <c colspan="2"></c>
        </box>
        <box hibit="21" settings="1">
          <c>1</c>
        </box>
        <box hibit="20" width="4" settings="4">
          <c>0</c>
          <c>0</c>
          <c>0</c>
          <c>1</c>
        </box>
        <box hibit="16" width="2" name="opc" usename="1">
          <c colspan="2"></c>
        </box>
        <box hibit="14" width="5" settings="5">
          <c>1</c>
          <c>0</c>
          <c>0</c>
          <c>0</c>
          <c>0</c>
        </box>
        <box hibit="9" width="5" name="Rn" usename="1">
          <c colspan="5"></c>
        </box>
        <box hibit="4" width="5" name="Rd" usename="1">
          <c colspan="5"></c>
        </box>
      </regdiagram>
      <encoding name="FCVT_SH_floatdp1" oneofinclass="6" oneof="6" label="Half-precision to single-precision" bitdiffs="ftype == 11 &amp;&amp; opc == 00">
        <docvars>
          <docvar key="convert-type" value="half-to-single" />
          <docvar key="instr-class" value="float" />
          <docvar key="isa" value="A64" />
          <docvar key="mnemonic" value="FCVT" />
        </docvars>
        <box hibit="23" width="2" name="ftype">
          <c>1</c>
          <c>1</c>
        </box>
        <box hibit="16" width="2" name="opc">
          <c>0</c>
          <c>0</c>
        </box>
        <asmtemplate><text>FCVT  </text><a link="sd" hover="32-bit SIMD&amp;FP destination register (field &quot;Rd&quot;)">&lt;Sd&gt;</a><text>, </text><a link="hn" hover="16-bit SIMD&amp;FP source register (field &quot;Rn&quot;)">&lt;Hn&gt;</a></asmtemplate>
      </encoding>
      <encoding name="FCVT_DH_floatdp1" oneofinclass="6" oneof="6" label="Half-precision to double-precision" bitdiffs="ftype == 11 &amp;&amp; opc == 01">
        <docvars>
          <docvar key="convert-type" value="half-to-double" />
          <docvar key="instr-class" value="float" />
          <docvar key="isa" value="A64" />
          <docvar key="mnemonic" value="FCVT" />
        </docvars>
        <box hibit="23" width="2" name="ftype">
          <c>1</c>
          <c>1</c>
        </box>
        <box hibit="16" width="2" name="opc">
          <c>0</c>
          <c>1</c>
        </box>
        <asmtemplate><text>FCVT  </text><a link="dd" hover="64-bit SIMD&amp;FP destination register (field &quot;Rd&quot;)">&lt;Dd&gt;</a><text>, </text><a link="hn" hover="16-bit SIMD&amp;FP source register (field &quot;Rn&quot;)">&lt;Hn&gt;</a></asmtemplate>
      </encoding>
      <encoding name="FCVT_HS_floatdp1" oneofinclass="6" oneof="6" label="Single-precision to half-precision" bitdiffs="ftype == 00 &amp;&amp; opc == 11">
        <docvars>
          <docvar key="convert-type" value="single-to-half" />
          <docvar key="instr-class" value="float" />
          <docvar key="isa" value="A64" />
          <docvar key="mnemonic" value="FCVT" />
        </docvars>
        <box hibit="23" width="2" name="ftype">
          <c>0</c>
          <c>0</c>
        </box>
        <box hibit="16" width="2" name="opc">
          <c>1</c>
          <c>1</c>
        </box>
        <asmtemplate><text>FCVT  </text><a link="hd" hover="16-bit SIMD&amp;FP destination register (field &quot;Rd&quot;)">&lt;Hd&gt;</a><text>, </text><a link="sn" hover="32-bit SIMD&amp;FP source register (field &quot;Rn&quot;)">&lt;Sn&gt;</a></asmtemplate>
      </encoding>
      <encoding name="FCVT_DS_floatdp1" oneofinclass="6" oneof="6" label="Single-precision to double-precision" bitdiffs="ftype == 00 &amp;&amp; opc == 01">
        <docvars>
          <docvar key="convert-type" value="single-to-double" />
          <docvar key="instr-class" value="float" />
          <docvar key="isa" value="A64" />
          <docvar key="mnemonic" value="FCVT" />
        </docvars>
        <box hibit="23" width="2" name="ftype">
          <c>0</c>
          <c>0</c>
        </box>
        <box hibit="16" width="2" name="opc">
          <c>0</c>
          <c>1</c>
        </box>
        <asmtemplate><text>FCVT  </text><a link="dd" hover="64-bit SIMD&amp;FP destination register (field &quot;Rd&quot;)">&lt;Dd&gt;</a><text>, </text><a link="sn" hover="32-bit SIMD&amp;FP source register (field &quot;Rn&quot;)">&lt;Sn&gt;</a></asmtemplate>
      </encoding>
      <encoding name="FCVT_HD_floatdp1" oneofinclass="6" oneof="6" label="Double-precision to half-precision" bitdiffs="ftype == 01 &amp;&amp; opc == 11">
        <docvars>
          <docvar key="convert-type" value="double-to-half" />
          <docvar key="instr-class" value="float" />
          <docvar key="isa" value="A64" />
          <docvar key="mnemonic" value="FCVT" />
        </docvars>
        <box hibit="23" width="2" name="ftype">
          <c>0</c>
          <c>1</c>
        </box>
        <box hibit="16" width="2" name="opc">
          <c>1</c>
          <c>1</c>
        </box>
        <asmtemplate><text>FCVT  </text><a link="hd" hover="16-bit SIMD&amp;FP destination register (field &quot;Rd&quot;)">&lt;Hd&gt;</a><text>, </text><a link="dn" hover="64-bit SIMD&amp;FP source register (field &quot;Rn&quot;)">&lt;Dn&gt;</a></asmtemplate>
      </encoding>
      <encoding name="FCVT_SD_floatdp1" oneofinclass="6" oneof="6" label="Double-precision to single-precision" bitdiffs="ftype == 01 &amp;&amp; opc == 00">
        <docvars>
          <docvar key="convert-type" value="double-to-single" />
          <docvar key="instr-class" value="float" />
          <docvar key="isa" value="A64" />
          <docvar key="mnemonic" value="FCVT" />
        </docvars>
        <box hibit="23" width="2" name="ftype">
          <c>0</c>
          <c>1</c>
        </box>
        <box hibit="16" width="2" name="opc">
          <c>0</c>
          <c>0</c>
        </box>
        <asmtemplate><text>FCVT  </text><a link="sd" hover="32-bit SIMD&amp;FP destination register (field &quot;Rd&quot;)">&lt;Sd&gt;</a><text>, </text><a link="dn" hover="64-bit SIMD&amp;FP source register (field &quot;Rn&quot;)">&lt;Dn&gt;</a></asmtemplate>
      </encoding>
      <ps_section howmany="1">
        <ps name="aarch64/instrs/float/convert/fp" mylink="aarch64.instrs.float.convert.fp" enclabels="" sections="1" secttype="noheading">
          <pstext mayhavelinks="1" section="Decode" rep_section="decode">integer d = <a link="impl-shared.UInt.1" file="shared_pseudocode.xml" hover="function: integer UInt(bits(N) x)">UInt</a>(Rd);
integer n = <a link="impl-shared.UInt.1" file="shared_pseudocode.xml" hover="function: integer UInt(bits(N) x)">UInt</a>(Rn);
integer srcsize;
integer dstsize;

if ftype == opc then UNDEFINED;

case ftype of
    when '00' srcsize = 32;
    when '01' srcsize = 64;
    when '10' UNDEFINED;
    when '11' srcsize = 16;
case opc of
    when '00' dstsize = 32;
    when '01' dstsize = 64;
    when '10' UNDEFINED;
    when '11' dstsize = 16;</pstext>
        </ps>
      </ps_section>
    </iclass>
  </classes>
  <explanations scope="all">
    <explanation enclist="FCVT_DH_floatdp1, FCVT_DS_floatdp1" symboldefcount="1">
      <symbol link="dd">&lt;Dd&gt;</symbol>
      <account encodedin="Rd">
        <intro>
          <para>Is the 64-bit name of the SIMD&amp;FP destination register, encoded in the "Rd" field.</para>
        </intro>
      </account>
    </explanation>
    <explanation enclist="FCVT_HD_floatdp1, FCVT_HS_floatdp1" symboldefcount="1">
      <symbol link="hd">&lt;Hd&gt;</symbol>
      <account encodedin="Rd">
        <intro>
          <para>Is the 16-bit name of the SIMD&amp;FP destination register, encoded in the "Rd" field.</para>
        </intro>
      </account>
    </explanation>
    <explanation enclist="FCVT_DS_floatdp1, FCVT_HS_floatdp1" symboldefcount="1">
      <symbol link="sn">&lt;Sn&gt;</symbol>
      <account encodedin="Rn">
        <intro>
          <para>Is the 32-bit name of the SIMD&amp;FP source register, encoded in the "Rn" field.</para>
        </intro>
      </account>
    </explanation>
    <explanation enclist="FCVT_SD_floatdp1, FCVT_SH_floatdp1" symboldefcount="1">
      <symbol link="sd">&lt;Sd&gt;</symbol>
      <account encodedin="Rd">
        <intro>
          <para>Is the 32-bit name of the SIMD&amp;FP destination register, encoded in the "Rd" field.</para>
        </intro>
      </account>
    </explanation>
    <explanation enclist="FCVT_DH_floatdp1, FCVT_SH_floatdp1" symboldefcount="1">
      <symbol link="hn">&lt;Hn&gt;</symbol>
      <account encodedin="Rn">
        <intro>
          <para>Is the 16-bit name of the SIMD&amp;FP source register, encoded in the "Rn" field.</para>
        </intro>
      </account>
    </explanation>
    <explanation enclist="FCVT_HD_floatdp1, FCVT_SD_floatdp1" symboldefcount="1">
      <symbol link="dn">&lt;Dn&gt;</symbol>
      <account encodedin="Rn">
        <intro>
          <para>Is the 64-bit name of the SIMD&amp;FP source register, encoded in the "Rn" field.</para>
        </intro>
      </account>
    </explanation>
  </explanations>
  <ps_section howmany="1">
    <ps name="aarch64/instrs/float/convert/fp" mylink="commonps" enclabels="" sections="1" secttype="Operation">
      <pstext mayhavelinks="1" section="Execute" rep_section="execute"><a link="impl-aarch64.CheckFPAdvSIMDEnabled64.0" file="shared_pseudocode.xml" hover="function: CheckFPAdvSIMDEnabled64()">CheckFPAdvSIMDEnabled64</a>();

bits(dstsize) result;
bits(srcsize) operand = <a link="impl-aarch64.V.read.1" file="shared_pseudocode.xml" hover="accessor: bits(width) V[integer n]">V</a>[n];

result = <a link="impl-shared.FPConvert.2" file="shared_pseudocode.xml" hover="function: bits(M) FPConvert(bits(N) op, FPCRType fpcr)">FPConvert</a>(operand, FPCR);
<a link="impl-aarch64.V.write.1" file="shared_pseudocode.xml" hover="accessor: V[integer n] = bits(width) value">V</a>[d] = result;</pstext>
    </ps>
  </ps_section>
</instructionsection>
