<?xml version="1.0" encoding="utf-8"?>
<?xml-stylesheet type="text/xsl" encoding="UTF-8" href="iform.xsl" version="1.0"?>
<!DOCTYPE instructionsection PUBLIC "-//ARM//DTD instructionsection //EN" "iform-p.dtd">
<!-- Copyright (c) 2010-2020 Arm Limited or its affiliates. All rights reserved. -->
<!-- This document is Non-Confidential. This document may only be used and distributed in accordance with the terms of the agreement entered into by Arm and the party that Arm delivered this document to. -->

<instructionsection id="fexpa_z_z" title="FEXPA" type="instruction">
  <docvars>
    <docvar key="instr-class" value="sve" />
    <docvar key="isa" value="A64" />
    <docvar key="mnemonic" value="FEXPA" />
  </docvars>
  <heading>FEXPA</heading>
  <desc>
    <brief>Floating-point exponential accelerator</brief>
    <description>
      <para>The <instruction>FEXPA</instruction> instruction accelerates the polynomial series calculation of the <arm-defined-word>exp(x)</arm-defined-word> function.</para>
      <para>The double-precision variant copies the low 52 bits of an entry from a hard-wired table of 64-bit coefficients, indexed by the low 6 bits of each element of the source vector, and prepends to that the next 11 bits of the source element (src&lt;16:6&gt;), setting the sign bit to zero.</para>
      <para>The single-precision variant copies the low 23 bits of an entry from hard-wired table of 32-bit coefficients, indexed by the low 6 bits of each element of the source vector, and prepends to that the next 8 bits of the source element (src&lt;13:6&gt;), setting the sign bit to zero.</para>
      <para>The half-precision variant copies the low 10 bits of an entry from hard-wired table of 16-bit coefficients, indexed by the low 5 bits of each element of the source vector, and prepends to that the next 5 bits of the source element (src&lt;9:5&gt;), setting the sign bit to zero.</para>
      <para>A coefficient table entry with index <arm-defined-word>m</arm-defined-word> holds the floating-point value 2<sup>(m/64)</sup>, or for the half-precision variant 2<sup>(m/32)</sup>. This instruction is unpredicated.</para>
    </description>
    <status>Green</status>
    <predicated>False</predicated>
    <takes_movprfx>False</takes_movprfx>
    <takes_pred_movprfx>False</takes_pred_movprfx>
  </desc>
  <alias_list howmany="0"></alias_list>
  <classes>
    <iclass name="SVE" oneof="1" id="fexpa_z_z_" no_encodings="1" isa="A64">
      <docvars>
        <docvar key="instr-class" value="sve" />
        <docvar key="isa" value="A64" />
        <docvar key="mnemonic" value="FEXPA" />
      </docvars>
      <iclassintro count="1"></iclassintro>
      <regdiagram form="32" psname="FEXPA-Z.Z-_">
        <box hibit="31" width="8" settings="8">
          <c>0</c>
          <c>0</c>
          <c>0</c>
          <c>0</c>
          <c>0</c>
          <c>1</c>
          <c>0</c>
          <c>0</c>
        </box>
        <box hibit="23" width="2" name="size" usename="1">
          <c colspan="2"></c>
        </box>
        <box hibit="21" settings="1">
          <c>1</c>
        </box>
        <box hibit="20" width="4" name="opc&lt;4:1&gt;" settings="4">
          <c>0</c>
          <c>0</c>
          <c>0</c>
          <c>0</c>
        </box>
        <box hibit="16" name="opc&lt;0&gt;" settings="1">
          <c>0</c>
        </box>
        <box hibit="15" width="6" settings="6">
          <c>1</c>
          <c>0</c>
          <c>1</c>
          <c>1</c>
          <c>1</c>
          <c>0</c>
        </box>
        <box hibit="9" width="5" name="Zn" usename="1">
          <c colspan="5"></c>
        </box>
        <box hibit="4" width="5" name="Zd" usename="1">
          <c colspan="5"></c>
        </box>
      </regdiagram>
      <encoding name="fexpa_z_z_" oneofinclass="1" oneof="1" label="SVE">
        <docvars>
          <docvar key="instr-class" value="sve" />
          <docvar key="isa" value="A64" />
          <docvar key="mnemonic" value="FEXPA" />
        </docvars>
        <asmtemplate><text>FEXPA   </text><a link="zd" hover="Destination scalable vector register (field &quot;Zd&quot;)">&lt;Zd&gt;</a><text>.</text><a link="t" hover="Size specifier (field &quot;size&quot;) [D,H,S]">&lt;T&gt;</a><text>, </text><a link="zn" hover="Source scalable vector register (field &quot;Zn&quot;)">&lt;Zn&gt;</a><text>.</text><a link="t" hover="Size specifier (field &quot;size&quot;) [D,H,S]">&lt;T&gt;</a></asmtemplate>
      </encoding>
      <ps_section howmany="1">
        <ps name="FEXPA-Z.Z-_" mylink="FEXPA-Z.Z-_" enclabels="" sections="1" secttype="noheading">
          <pstext mayhavelinks="1" section="Decode" rep_section="decode">if !<a link="impl-aarch64.HaveSVE.0" file="shared_pseudocode.xml" hover="function: boolean HaveSVE()">HaveSVE</a>() then UNDEFINED;
if size == '00' then UNDEFINED;
integer esize = 8 &lt;&lt; <a link="impl-shared.UInt.1" file="shared_pseudocode.xml" hover="function: integer UInt(bits(N) x)">UInt</a>(size);
integer n = <a link="impl-shared.UInt.1" file="shared_pseudocode.xml" hover="function: integer UInt(bits(N) x)">UInt</a>(Zn);
integer d = <a link="impl-shared.UInt.1" file="shared_pseudocode.xml" hover="function: integer UInt(bits(N) x)">UInt</a>(Zd);</pstext>
        </ps>
      </ps_section>
    </iclass>
  </classes>
  <explanations scope="all">
    <explanation enclist="fexpa_z_z_" symboldefcount="1">
      <symbol link="zd">&lt;Zd&gt;</symbol>
      <account encodedin="Zd">
        <intro>
          <para>Is the name of the destination scalable vector register, encoded in the "Zd" field.</para>
        </intro>
      </account>
    </explanation>
    <explanation enclist="fexpa_z_z_" symboldefcount="1">
      <symbol link="t">&lt;T&gt;</symbol>
      <definition encodedin="size">
        <intro>Is the size specifier, </intro>
        <table class="valuetable">
          <tgroup cols="2">
            <thead>
              <row>
                <entry class="bitfield">size</entry>
                <entry class="symbol">&lt;T&gt;</entry>
              </row>
            </thead>
            <tbody>
              <row>
                <entry class="bitfield">00</entry>
                <entry class="symbol">RESERVED</entry>
              </row>
              <row>
                <entry class="bitfield">01</entry>
                <entry class="symbol">H</entry>
              </row>
              <row>
                <entry class="bitfield">10</entry>
                <entry class="symbol">S</entry>
              </row>
              <row>
                <entry class="bitfield">11</entry>
                <entry class="symbol">D</entry>
              </row>
            </tbody>
          </tgroup>
        </table>
      </definition>
    </explanation>
    <explanation enclist="fexpa_z_z_" symboldefcount="1">
      <symbol link="zn">&lt;Zn&gt;</symbol>
      <account encodedin="Zn">
        <intro>
          <para>Is the name of the source scalable vector register, encoded in the "Zn" field.</para>
        </intro>
      </account>
    </explanation>
  </explanations>
  <ps_section howmany="1">
    <ps name="FEXPA-Z.Z-_" mylink="commonps" enclabels="" sections="1" secttype="Operation">
      <pstext mayhavelinks="1" section="Execute" rep_section="execute"><a link="impl-aarch64.CheckSVEEnabled.0" file="shared_pseudocode.xml" hover="function: CheckSVEEnabled()">CheckSVEEnabled</a>();
integer elements = <a link="impl-aarch64.VL.read.none" file="shared_pseudocode.xml" hover="accessor: integer VL">VL</a> DIV esize;
bits(<a link="impl-aarch64.VL.read.none" file="shared_pseudocode.xml" hover="accessor: integer VL">VL</a>) operand  = <a link="impl-aarch64.Z.read.1" file="shared_pseudocode.xml" hover="accessor: bits(width) Z[integer n]">Z</a>[n];
bits(<a link="impl-aarch64.VL.read.none" file="shared_pseudocode.xml" hover="accessor: integer VL">VL</a>) result;

for e = 0 to elements-1
    bits(esize) element = <a link="impl-shared.Elem.read.3" file="shared_pseudocode.xml" hover="accessor: bits(size) Elem[bits(N) vector, integer e, integer size]">Elem</a>[operand, e, esize];
    <a link="impl-shared.Elem.write.3" file="shared_pseudocode.xml" hover="accessor: Elem[bits(N) &amp;vector, integer e, integer size] = bits(size) value">Elem</a>[result, e, esize] = <a link="impl-aarch64.FPExpA.1" file="shared_pseudocode.xml" hover="function: bits(N) FPExpA(bits(N) op)">FPExpA</a>(element);

<a link="impl-aarch64.Z.write.1" file="shared_pseudocode.xml" hover="accessor: Z[integer n] = bits(width) value">Z</a>[d] = result;</pstext>
    </ps>
  </ps_section>
</instructionsection>
