<?xml version="1.0" encoding="utf-8"?>
<?xml-stylesheet type="text/xsl" encoding="UTF-8" href="iform.xsl" version="1.0"?>
<!DOCTYPE instructionsection PUBLIC "-//ARM//DTD instructionsection //EN" "iform-p.dtd">
<!-- Copyright (c) 2010-2020 Arm Limited or its affiliates. All rights reserved. -->
<!-- This document is Non-Confidential. This document may only be used and distributed in accordance with the terms of the agreement entered into by Arm and the party that Arm delivered this document to. -->

<instructionsection id="fminnm_z_p_zs" title="FMINNM (immediate)" type="instruction">
  <docvars>
    <docvar key="instr-class" value="sve" />
    <docvar key="isa" value="A64" />
    <docvar key="mnemonic" value="FMINNM" />
  </docvars>
  <heading>FMINNM (immediate)</heading>
  <desc>
    <brief>Floating-point minimum number with immediate (predicated)</brief>
    <description>
      <para>Determine the minimum number value of an immediate and each active floating-point element of the source vector, and destructively place the results in the corresponding elements of the source vector. The immediate may take the value +0.0 or +1.0 only. If the element value is NaN then the result is the immediate. Inactive elements in the destination vector register remain unmodified.</para>
    </description>
    <status>Green</status>
    <predicated>True</predicated>
    <takes_movprfx>True</takes_movprfx>
    <takes_pred_movprfx>True</takes_pred_movprfx>
  </desc>
  <alias_list howmany="0"></alias_list>
  <classes>
    <iclass name="SVE" oneof="1" id="fminnm_z_p_zs_" no_encodings="1" isa="A64">
      <docvars>
        <docvar key="instr-class" value="sve" />
        <docvar key="isa" value="A64" />
        <docvar key="mnemonic" value="FMINNM" />
      </docvars>
      <iclassintro count="1"></iclassintro>
      <regdiagram form="32" psname="FMINNM-Z.P.ZS-_">
        <box hibit="31" width="8" settings="8">
          <c>0</c>
          <c>1</c>
          <c>1</c>
          <c>0</c>
          <c>0</c>
          <c>1</c>
          <c>0</c>
          <c>1</c>
        </box>
        <box hibit="23" width="2" name="size" usename="1">
          <c colspan="2"></c>
        </box>
        <box hibit="21" width="3" settings="3">
          <c>0</c>
          <c>1</c>
          <c>1</c>
        </box>
        <box hibit="18" width="2" name="opc&lt;2:1&gt;" settings="2">
          <c>1</c>
          <c>0</c>
        </box>
        <box hibit="16" name="opc&lt;0&gt;" settings="1">
          <c>1</c>
        </box>
        <box hibit="15" width="3" settings="3">
          <c>1</c>
          <c>0</c>
          <c>0</c>
        </box>
        <box hibit="12" width="3" name="Pg" usename="1">
          <c colspan="3"></c>
        </box>
        <box hibit="9" width="4" settings="4">
          <c>0</c>
          <c>0</c>
          <c>0</c>
          <c>0</c>
        </box>
        <box hibit="5" name="i1" usename="1">
          <c></c>
        </box>
        <box hibit="4" width="5" name="Zdn" usename="1">
          <c colspan="5"></c>
        </box>
      </regdiagram>
      <encoding name="fminnm_z_p_zs_" oneofinclass="1" oneof="1" label="SVE">
        <docvars>
          <docvar key="instr-class" value="sve" />
          <docvar key="isa" value="A64" />
          <docvar key="mnemonic" value="FMINNM" />
        </docvars>
        <asmtemplate><text>FMINNM  </text><a link="zdn" hover="Source and destination scalable vector register (field &quot;Zdn&quot;)">&lt;Zdn&gt;</a><text>.</text><a link="t" hover="Size specifier (field &quot;size&quot;) [D,H,S]">&lt;T&gt;</a><text>, </text><a link="pg" hover="Governing scalable predicate register P0-P7 (field &quot;Pg&quot;)">&lt;Pg&gt;</a><text>/M, </text><a link="zdn" hover="Source and destination scalable vector register (field &quot;Zdn&quot;)">&lt;Zdn&gt;</a><text>.</text><a link="t" hover="Size specifier (field &quot;size&quot;) [D,H,S]">&lt;T&gt;</a><text>, </text><a link="const" hover="Floating-point immediate value (field &quot;i1&quot;) [#0]">&lt;const&gt;</a></asmtemplate>
      </encoding>
      <ps_section howmany="1">
        <ps name="FMINNM-Z.P.ZS-_" mylink="FMINNM-Z.P.ZS-_" enclabels="" sections="1" secttype="noheading">
          <pstext mayhavelinks="1" section="Decode" rep_section="decode">if !<a link="impl-aarch64.HaveSVE.0" file="shared_pseudocode.xml" hover="function: boolean HaveSVE()">HaveSVE</a>() then UNDEFINED;
if size == '00' then UNDEFINED;
integer esize = 8 &lt;&lt; <a link="impl-shared.UInt.1" file="shared_pseudocode.xml" hover="function: integer UInt(bits(N) x)">UInt</a>(size);
integer g = <a link="impl-shared.UInt.1" file="shared_pseudocode.xml" hover="function: integer UInt(bits(N) x)">UInt</a>(Pg);
integer dn = <a link="impl-shared.UInt.1" file="shared_pseudocode.xml" hover="function: integer UInt(bits(N) x)">UInt</a>(Zdn);
bits(esize) imm = if i1 == '0' then <a link="impl-shared.Zeros.0" file="shared_pseudocode.xml" hover="function: bits(N) Zeros()">Zeros</a>() else <a link="impl-aarch64.FPOne.1" file="shared_pseudocode.xml" hover="function: bits(N) FPOne(bit sign)">FPOne</a>('0');</pstext>
        </ps>
      </ps_section>
    </iclass>
  </classes>
  <explanations scope="all">
    <explanation enclist="fminnm_z_p_zs_" symboldefcount="1">
      <symbol link="zdn">&lt;Zdn&gt;</symbol>
      <account encodedin="Zdn">
        <intro>
          <para>Is the name of the source and destination scalable vector register, encoded in the "Zdn" field.</para>
        </intro>
      </account>
    </explanation>
    <explanation enclist="fminnm_z_p_zs_" symboldefcount="1">
      <symbol link="t">&lt;T&gt;</symbol>
      <definition encodedin="size">
        <intro>Is the size specifier, </intro>
        <table class="valuetable">
          <tgroup cols="2">
            <thead>
              <row>
                <entry class="bitfield">size</entry>
                <entry class="symbol">&lt;T&gt;</entry>
              </row>
            </thead>
            <tbody>
              <row>
                <entry class="bitfield">00</entry>
                <entry class="symbol">RESERVED</entry>
              </row>
              <row>
                <entry class="bitfield">01</entry>
                <entry class="symbol">H</entry>
              </row>
              <row>
                <entry class="bitfield">10</entry>
                <entry class="symbol">S</entry>
              </row>
              <row>
                <entry class="bitfield">11</entry>
                <entry class="symbol">D</entry>
              </row>
            </tbody>
          </tgroup>
        </table>
      </definition>
    </explanation>
    <explanation enclist="fminnm_z_p_zs_" symboldefcount="1">
      <symbol link="pg">&lt;Pg&gt;</symbol>
      <account encodedin="Pg">
        <intro>
          <para>Is the name of the governing scalable predicate register P0-P7, encoded in the "Pg" field.</para>
        </intro>
      </account>
    </explanation>
    <explanation enclist="fminnm_z_p_zs_" symboldefcount="1">
      <symbol link="const">&lt;const&gt;</symbol>
      <definition encodedin="i1">
        <intro>Is the floating-point immediate value, </intro>
        <table class="valuetable">
          <tgroup cols="2">
            <thead>
              <row>
                <entry class="bitfield">i1</entry>
                <entry class="symbol">&lt;const&gt;</entry>
              </row>
            </thead>
            <tbody>
              <row>
                <entry class="bitfield">0</entry>
                <entry class="symbol">#0.0</entry>
              </row>
              <row>
                <entry class="bitfield">1</entry>
                <entry class="symbol">#1.0</entry>
              </row>
            </tbody>
          </tgroup>
        </table>
      </definition>
    </explanation>
  </explanations>
  <ps_section howmany="1">
    <ps name="FMINNM-Z.P.ZS-_" mylink="commonps" enclabels="" sections="1" secttype="Operation">
      <pstext mayhavelinks="1" section="Execute" rep_section="execute"><a link="impl-aarch64.CheckSVEEnabled.0" file="shared_pseudocode.xml" hover="function: CheckSVEEnabled()">CheckSVEEnabled</a>();
integer elements = <a link="impl-aarch64.VL.read.none" file="shared_pseudocode.xml" hover="accessor: integer VL">VL</a> DIV esize;
bits(<a link="impl-aarch64.PL.read.none" file="shared_pseudocode.xml" hover="accessor: integer PL">PL</a>) mask = <a link="impl-aarch64.P.read.1" file="shared_pseudocode.xml" hover="accessor: bits(width) P[integer n]">P</a>[g];
bits(<a link="impl-aarch64.VL.read.none" file="shared_pseudocode.xml" hover="accessor: integer VL">VL</a>) operand1 = <a link="impl-aarch64.Z.read.1" file="shared_pseudocode.xml" hover="accessor: bits(width) Z[integer n]">Z</a>[dn];
bits(<a link="impl-aarch64.VL.read.none" file="shared_pseudocode.xml" hover="accessor: integer VL">VL</a>) result;

for e = 0 to elements-1
    bits(esize) element1 = <a link="impl-shared.Elem.read.3" file="shared_pseudocode.xml" hover="accessor: bits(size) Elem[bits(N) vector, integer e, integer size]">Elem</a>[operand1, e, esize];
    if <a link="impl-aarch64.ElemP.read.3" file="shared_pseudocode.xml" hover="accessor: bit ElemP[bits(N) pred, integer e, integer esize]">ElemP</a>[mask, e, esize] == '1' then
        <a link="impl-shared.Elem.write.3" file="shared_pseudocode.xml" hover="accessor: Elem[bits(N) &amp;vector, integer e, integer size] = bits(size) value">Elem</a>[result, e, esize] = <a link="impl-shared.FPMinNum.3" file="shared_pseudocode.xml" hover="function: bits(N) FPMinNum(bits(N) op1, bits(N) op2, FPCRType fpcr)">FPMinNum</a>(element1, imm, FPCR&lt;31:0&gt;);
    else
        <a link="impl-shared.Elem.write.3" file="shared_pseudocode.xml" hover="accessor: Elem[bits(N) &amp;vector, integer e, integer size] = bits(size) value">Elem</a>[result, e, esize] = element1;

<a link="impl-aarch64.Z.write.1" file="shared_pseudocode.xml" hover="accessor: Z[integer n] = bits(width) value">Z</a>[dn] = result;</pstext>
    </ps>
  </ps_section>
</instructionsection>
