<?xml version="1.0" encoding="utf-8"?>
<?xml-stylesheet type="text/xsl" encoding="UTF-8" href="iform.xsl" version="1.0"?>
<!DOCTYPE instructionsection PUBLIC "-//ARM//DTD instructionsection //EN" "iform-p.dtd">
<!-- Copyright (c) 2010-2020 Arm Limited or its affiliates. All rights reserved. -->
<!-- This document is Non-Confidential. This document may only be used and distributed in accordance with the terms of the agreement entered into by Arm and the party that Arm delivered this document to. -->

<instructionsection id="fmla_z_zzzi" title="FMLA (indexed)" type="instruction">
  <docvars>
    <docvar key="instr-class" value="sve" />
    <docvar key="isa" value="A64" />
    <docvar key="mnemonic" value="FMLA" />
  </docvars>
  <heading>FMLA (indexed)</heading>
  <desc>
    <brief>Floating-point fused multiply-add by indexed elements (Zda = Zda + Zn * Zm[indexed])</brief>
    <description>
      <para>Multiply all floating-point elements within each 128-bit segment of the first source vector by the specified element in the corresponding second source vector segment. The products are then destructively added without intermediate rounding to the corresponding elements of the addend and destination vector.</para>
      <para>The elements within the second source vector are specified using an immediate index which selects the same element position within each 128-bit vector segment. The index range is from 0 to one less than the number of elements per 128-bit segment, encoded in 1 to 3 bits depending on the size of the element. This instruction is unpredicated.</para>
    </description>
    <status>Green</status>
    <predicated>False</predicated>
    <takes_movprfx>True</takes_movprfx>
    <takes_pred_movprfx>False</takes_pred_movprfx>
  </desc>
  <alias_list howmany="0"></alias_list>
  <classes>
    <classesintro count="3">
      <txt>It has encodings from 3 classes:</txt>
      <a href="#fmla_z_zzzi_h">Half-precision</a>
      <txt>, </txt>
      <a href="#fmla_z_zzzi_s">Single-precision</a>
      <txt> and </txt>
      <a href="#fmla_z_zzzi_d">Double-precision</a>
    </classesintro>
    <iclass name="Half-precision" oneof="3" id="fmla_z_zzzi_h" no_encodings="1" isa="A64">
      <docvars>
        <docvar key="datatype" value="half" />
        <docvar key="instr-class" value="sve" />
        <docvar key="isa" value="A64" />
        <docvar key="mnemonic" value="FMLA" />
      </docvars>
      <iclassintro count="1"></iclassintro>
      <regdiagram form="32" psname="FMLA-Z.ZZZi-H" tworows="1">
        <box hibit="31" width="8" settings="8">
          <c>0</c>
          <c>1</c>
          <c>1</c>
          <c>0</c>
          <c>0</c>
          <c>1</c>
          <c>0</c>
          <c>0</c>
        </box>
        <box hibit="23" settings="1">
          <c>0</c>
        </box>
        <box hibit="22" name="i3h" usename="1">
          <c></c>
        </box>
        <box hibit="21" settings="1">
          <c>1</c>
        </box>
        <box hibit="20" width="2" name="i3l" usename="1">
          <c colspan="2"></c>
        </box>
        <box hibit="18" width="3" name="Zm" usename="1">
          <c colspan="3"></c>
        </box>
        <box hibit="15" width="5" settings="5">
          <c>0</c>
          <c>0</c>
          <c>0</c>
          <c>0</c>
          <c>0</c>
        </box>
        <box hibit="10" name="op" usename="1" settings="1">
          <c>0</c>
        </box>
        <box hibit="9" width="5" name="Zn" usename="1">
          <c colspan="5"></c>
        </box>
        <box hibit="4" width="5" name="Zda" usename="1">
          <c colspan="5"></c>
        </box>
      </regdiagram>
      <encoding name="fmla_z_zzzi_h" oneofinclass="1" oneof="3" label="Half-precision">
        <docvars>
          <docvar key="datatype" value="half" />
          <docvar key="instr-class" value="sve" />
          <docvar key="isa" value="A64" />
          <docvar key="mnemonic" value="FMLA" />
        </docvars>
        <asmtemplate><text>FMLA    </text><a link="zda" hover="Third source and destination scalable vector register (field &quot;Zda&quot;)">&lt;Zda&gt;</a><text>.H, </text><a link="zn" hover="First source scalable vector register (field &quot;Zn&quot;)">&lt;Zn&gt;</a><text>.H, </text><a link="zm" hover="Second source scalable vector register Z0-Z7 (field &quot;Zm&quot;)">&lt;Zm&gt;</a><text>.H[</text><a link="imm_1" hover="Immediate index [0-7] (field &quot;i3h:i3l&quot;)">&lt;imm&gt;</a><text>]</text></asmtemplate>
      </encoding>
      <ps_section howmany="1">
        <ps name="FMLA-Z.ZZZi-H" mylink="FMLA-Z.ZZZi-H" enclabels="" sections="1" secttype="noheading">
          <pstext mayhavelinks="1" section="Decode" rep_section="decode">if !<a link="impl-aarch64.HaveSVE.0" file="shared_pseudocode.xml" hover="function: boolean HaveSVE()">HaveSVE</a>() then UNDEFINED;
integer esize = 16;
integer index = <a link="impl-shared.UInt.1" file="shared_pseudocode.xml" hover="function: integer UInt(bits(N) x)">UInt</a>(i3h:i3l);
integer n = <a link="impl-shared.UInt.1" file="shared_pseudocode.xml" hover="function: integer UInt(bits(N) x)">UInt</a>(Zn);
integer m = <a link="impl-shared.UInt.1" file="shared_pseudocode.xml" hover="function: integer UInt(bits(N) x)">UInt</a>(Zm);
integer da = <a link="impl-shared.UInt.1" file="shared_pseudocode.xml" hover="function: integer UInt(bits(N) x)">UInt</a>(Zda);
boolean op1_neg = FALSE;
boolean op3_neg = FALSE;</pstext>
        </ps>
      </ps_section>
    </iclass>
    <iclass name="Single-precision" oneof="3" id="fmla_z_zzzi_s" no_encodings="1" isa="A64">
      <docvars>
        <docvar key="datatype" value="single" />
        <docvar key="instr-class" value="sve" />
        <docvar key="isa" value="A64" />
        <docvar key="mnemonic" value="FMLA" />
      </docvars>
      <iclassintro count="1"></iclassintro>
      <regdiagram form="32" psname="FMLA-Z.ZZZi-S" tworows="1">
        <box hibit="31" width="8" settings="8">
          <c>0</c>
          <c>1</c>
          <c>1</c>
          <c>0</c>
          <c>0</c>
          <c>1</c>
          <c>0</c>
          <c>0</c>
        </box>
        <box hibit="23" name="size&lt;1&gt;" usename="1" settings="1">
          <c>1</c>
        </box>
        <box hibit="22" name="size&lt;0&gt;" usename="1" settings="1">
          <c>0</c>
        </box>
        <box hibit="21" settings="1">
          <c>1</c>
        </box>
        <box hibit="20" width="2" name="i2" usename="1">
          <c colspan="2"></c>
        </box>
        <box hibit="18" width="3" name="Zm" usename="1">
          <c colspan="3"></c>
        </box>
        <box hibit="15" width="5" settings="5">
          <c>0</c>
          <c>0</c>
          <c>0</c>
          <c>0</c>
          <c>0</c>
        </box>
        <box hibit="10" name="op" usename="1" settings="1">
          <c>0</c>
        </box>
        <box hibit="9" width="5" name="Zn" usename="1">
          <c colspan="5"></c>
        </box>
        <box hibit="4" width="5" name="Zda" usename="1">
          <c colspan="5"></c>
        </box>
      </regdiagram>
      <encoding name="fmla_z_zzzi_s" oneofinclass="1" oneof="3" label="Single-precision">
        <docvars>
          <docvar key="datatype" value="single" />
          <docvar key="instr-class" value="sve" />
          <docvar key="isa" value="A64" />
          <docvar key="mnemonic" value="FMLA" />
        </docvars>
        <asmtemplate><text>FMLA    </text><a link="zda" hover="Third source and destination scalable vector register (field &quot;Zda&quot;)">&lt;Zda&gt;</a><text>.S, </text><a link="zn" hover="First source scalable vector register (field &quot;Zn&quot;)">&lt;Zn&gt;</a><text>.S, </text><a link="zm" hover="Second source scalable vector register Z0-Z7 (field &quot;Zm&quot;)">&lt;Zm&gt;</a><text>.S[</text><a link="imm" hover="Immediate index [0-3] (field &quot;i2&quot;)">&lt;imm&gt;</a><text>]</text></asmtemplate>
      </encoding>
      <ps_section howmany="1">
        <ps name="FMLA-Z.ZZZi-S" mylink="FMLA-Z.ZZZi-S" enclabels="" sections="1" secttype="noheading">
          <pstext mayhavelinks="1" section="Decode" rep_section="decode">if !<a link="impl-aarch64.HaveSVE.0" file="shared_pseudocode.xml" hover="function: boolean HaveSVE()">HaveSVE</a>() then UNDEFINED;
integer esize = 32;
integer index = <a link="impl-shared.UInt.1" file="shared_pseudocode.xml" hover="function: integer UInt(bits(N) x)">UInt</a>(i2);
integer n = <a link="impl-shared.UInt.1" file="shared_pseudocode.xml" hover="function: integer UInt(bits(N) x)">UInt</a>(Zn);
integer m = <a link="impl-shared.UInt.1" file="shared_pseudocode.xml" hover="function: integer UInt(bits(N) x)">UInt</a>(Zm);
integer da = <a link="impl-shared.UInt.1" file="shared_pseudocode.xml" hover="function: integer UInt(bits(N) x)">UInt</a>(Zda);
boolean op1_neg = FALSE;
boolean op3_neg = FALSE;</pstext>
        </ps>
      </ps_section>
    </iclass>
    <iclass name="Double-precision" oneof="3" id="fmla_z_zzzi_d" no_encodings="1" isa="A64">
      <docvars>
        <docvar key="datatype" value="double" />
        <docvar key="instr-class" value="sve" />
        <docvar key="isa" value="A64" />
        <docvar key="mnemonic" value="FMLA" />
      </docvars>
      <iclassintro count="1"></iclassintro>
      <regdiagram form="32" psname="FMLA-Z.ZZZi-D" tworows="1">
        <box hibit="31" width="8" settings="8">
          <c>0</c>
          <c>1</c>
          <c>1</c>
          <c>0</c>
          <c>0</c>
          <c>1</c>
          <c>0</c>
          <c>0</c>
        </box>
        <box hibit="23" name="size&lt;1&gt;" usename="1" settings="1">
          <c>1</c>
        </box>
        <box hibit="22" name="size&lt;0&gt;" usename="1" settings="1">
          <c>1</c>
        </box>
        <box hibit="21" settings="1">
          <c>1</c>
        </box>
        <box hibit="20" name="i1" usename="1">
          <c></c>
        </box>
        <box hibit="19" width="4" name="Zm" usename="1">
          <c colspan="4"></c>
        </box>
        <box hibit="15" width="5" settings="5">
          <c>0</c>
          <c>0</c>
          <c>0</c>
          <c>0</c>
          <c>0</c>
        </box>
        <box hibit="10" name="op" usename="1" settings="1">
          <c>0</c>
        </box>
        <box hibit="9" width="5" name="Zn" usename="1">
          <c colspan="5"></c>
        </box>
        <box hibit="4" width="5" name="Zda" usename="1">
          <c colspan="5"></c>
        </box>
      </regdiagram>
      <encoding name="fmla_z_zzzi_d" oneofinclass="1" oneof="3" label="Double-precision">
        <docvars>
          <docvar key="datatype" value="double" />
          <docvar key="instr-class" value="sve" />
          <docvar key="isa" value="A64" />
          <docvar key="mnemonic" value="FMLA" />
        </docvars>
        <asmtemplate><text>FMLA    </text><a link="zda" hover="Third source and destination scalable vector register (field &quot;Zda&quot;)">&lt;Zda&gt;</a><text>.D, </text><a link="zn" hover="First source scalable vector register (field &quot;Zn&quot;)">&lt;Zn&gt;</a><text>.D, </text><a link="zm_1" hover="Second source scalable vector register Z0-Z15 (field &quot;Zm&quot;)">&lt;Zm&gt;</a><text>.D[</text><a link="imm_2" hover="Immediate index [0-1] (field &quot;i1&quot;)">&lt;imm&gt;</a><text>]</text></asmtemplate>
      </encoding>
      <ps_section howmany="1">
        <ps name="FMLA-Z.ZZZi-D" mylink="FMLA-Z.ZZZi-D" enclabels="" sections="1" secttype="noheading">
          <pstext mayhavelinks="1" section="Decode" rep_section="decode">if !<a link="impl-aarch64.HaveSVE.0" file="shared_pseudocode.xml" hover="function: boolean HaveSVE()">HaveSVE</a>() then UNDEFINED;
integer esize = 64;
integer index = <a link="impl-shared.UInt.1" file="shared_pseudocode.xml" hover="function: integer UInt(bits(N) x)">UInt</a>(i1);
integer n = <a link="impl-shared.UInt.1" file="shared_pseudocode.xml" hover="function: integer UInt(bits(N) x)">UInt</a>(Zn);
integer m = <a link="impl-shared.UInt.1" file="shared_pseudocode.xml" hover="function: integer UInt(bits(N) x)">UInt</a>(Zm);
integer da = <a link="impl-shared.UInt.1" file="shared_pseudocode.xml" hover="function: integer UInt(bits(N) x)">UInt</a>(Zda);
boolean op1_neg = FALSE;
boolean op3_neg = FALSE;</pstext>
        </ps>
      </ps_section>
    </iclass>
  </classes>
  <explanations scope="all">
    <explanation enclist="fmla_z_zzzi_s, fmla_z_zzzi_h, fmla_z_zzzi_d" symboldefcount="1">
      <symbol link="zda">&lt;Zda&gt;</symbol>
      <account encodedin="Zda">
        <intro>
          <para>Is the name of the third source and destination scalable vector register, encoded in the "Zda" field.</para>
        </intro>
      </account>
    </explanation>
    <explanation enclist="fmla_z_zzzi_s, fmla_z_zzzi_h, fmla_z_zzzi_d" symboldefcount="1">
      <symbol link="zn">&lt;Zn&gt;</symbol>
      <account encodedin="Zn">
        <intro>
          <para>Is the name of the first source scalable vector register, encoded in the "Zn" field.</para>
        </intro>
      </account>
    </explanation>
    <explanation enclist="fmla_z_zzzi_s, fmla_z_zzzi_h" symboldefcount="1">
      <symbol link="zm">&lt;Zm&gt;</symbol>
      <account encodedin="Zm">
        <intro>
          <para>For the half-precision and single-precision variant: is the name of the second source scalable vector register Z0-Z7, encoded in the "Zm" field.</para>
        </intro>
      </account>
    </explanation>
    <explanation enclist="fmla_z_zzzi_d" symboldefcount="2">
      <symbol link="zm_1">&lt;Zm&gt;</symbol>
      <account encodedin="Zm">
        <docvars>
          <docvar key="datatype" value="double" />
        </docvars>
        <intro>
          <para>For the double-precision variant: is the name of the second source scalable vector register Z0-Z15, encoded in the "Zm" field.</para>
        </intro>
      </account>
    </explanation>
    <explanation enclist="fmla_z_zzzi_h" symboldefcount="1">
      <symbol link="imm_1">&lt;imm&gt;</symbol>
      <account encodedin="i3h:i3l">
        <docvars>
          <docvar key="datatype" value="half" />
        </docvars>
        <intro>
          <para>For the half-precision variant: is the immediate index, in the range 0 to 7, encoded in the "i3h:i3l" fields.</para>
        </intro>
      </account>
    </explanation>
    <explanation enclist="fmla_z_zzzi_s" symboldefcount="2">
      <symbol link="imm">&lt;imm&gt;</symbol>
      <account encodedin="i2">
        <docvars>
          <docvar key="datatype" value="single" />
        </docvars>
        <intro>
          <para>For the single-precision variant: is the immediate index, in the range 0 to 3, encoded in the "i2" field.</para>
        </intro>
      </account>
    </explanation>
    <explanation enclist="fmla_z_zzzi_d" symboldefcount="3">
      <symbol link="imm_2">&lt;imm&gt;</symbol>
      <account encodedin="i1">
        <docvars>
          <docvar key="datatype" value="double" />
        </docvars>
        <intro>
          <para>For the double-precision variant: is the immediate index, in the range 0 to 1, encoded in the "i1" field.</para>
        </intro>
      </account>
    </explanation>
  </explanations>
  <ps_section howmany="1">
    <ps name="FMLA-Z.ZZZi-H" mylink="commonps" enclabels="" sections="1" secttype="Operation">
      <pstext mayhavelinks="1" section="Execute" rep_section="execute"><a link="impl-aarch64.CheckSVEEnabled.0" file="shared_pseudocode.xml" hover="function: CheckSVEEnabled()">CheckSVEEnabled</a>();
integer elements = <a link="impl-aarch64.VL.read.none" file="shared_pseudocode.xml" hover="accessor: integer VL">VL</a> DIV esize;
integer eltspersegment = 128 DIV esize;
bits(<a link="impl-aarch64.VL.read.none" file="shared_pseudocode.xml" hover="accessor: integer VL">VL</a>) operand1 = <a link="impl-aarch64.Z.read.1" file="shared_pseudocode.xml" hover="accessor: bits(width) Z[integer n]">Z</a>[n];
bits(<a link="impl-aarch64.VL.read.none" file="shared_pseudocode.xml" hover="accessor: integer VL">VL</a>) operand2 = <a link="impl-aarch64.Z.read.1" file="shared_pseudocode.xml" hover="accessor: bits(width) Z[integer n]">Z</a>[m];
bits(<a link="impl-aarch64.VL.read.none" file="shared_pseudocode.xml" hover="accessor: integer VL">VL</a>) result = <a link="impl-aarch64.Z.read.1" file="shared_pseudocode.xml" hover="accessor: bits(width) Z[integer n]">Z</a>[da];

for e = 0 to elements-1
    integer segmentbase = e - (e MOD eltspersegment);
    integer s = segmentbase + index;
    bits(esize) element1 = <a link="impl-shared.Elem.read.3" file="shared_pseudocode.xml" hover="accessor: bits(size) Elem[bits(N) vector, integer e, integer size]">Elem</a>[operand1, e, esize];
    bits(esize) element2 = <a link="impl-shared.Elem.read.3" file="shared_pseudocode.xml" hover="accessor: bits(size) Elem[bits(N) vector, integer e, integer size]">Elem</a>[operand2, s, esize];
    bits(esize) element3 = <a link="impl-shared.Elem.read.3" file="shared_pseudocode.xml" hover="accessor: bits(size) Elem[bits(N) vector, integer e, integer size]">Elem</a>[result, e, esize];
    if op1_neg then element1 = <a link="impl-shared.FPNeg.1" file="shared_pseudocode.xml" hover="function: bits(N) FPNeg(bits(N) op)">FPNeg</a>(element1);
    if op3_neg then element3 = <a link="impl-shared.FPNeg.1" file="shared_pseudocode.xml" hover="function: bits(N) FPNeg(bits(N) op)">FPNeg</a>(element3);
    <a link="impl-shared.Elem.write.3" file="shared_pseudocode.xml" hover="accessor: Elem[bits(N) &amp;vector, integer e, integer size] = bits(size) value">Elem</a>[result, e, esize] = <a link="impl-shared.FPMulAdd.4" file="shared_pseudocode.xml" hover="function: bits(N) FPMulAdd(bits(N) addend, bits(N) op1, bits(N) op2, FPCRType fpcr)">FPMulAdd</a>(element3, element1, element2, FPCR&lt;31:0&gt;);

<a link="impl-aarch64.Z.write.1" file="shared_pseudocode.xml" hover="accessor: Z[integer n] = bits(width) value">Z</a>[da] = result;</pstext>
    </ps>
  </ps_section>
</instructionsection>
