<?xml version="1.0" encoding="utf-8"?>
<?xml-stylesheet type="text/xsl" encoding="UTF-8" href="iform.xsl" version="1.0"?>
<!DOCTYPE instructionsection PUBLIC "-//ARM//DTD instructionsection //EN" "iform-p.dtd">
<!-- Copyright (c) 2010-2020 Arm Limited or its affiliates. All rights reserved. -->
<!-- This document is Non-Confidential. This document may only be used and distributed in accordance with the terms of the agreement entered into by Arm and the party that Arm delivered this document to. -->

<instructionsection id="fmla_z_p_zzz" title="FMLA (vectors)" type="instruction">
  <docvars>
    <docvar key="instr-class" value="sve" />
    <docvar key="isa" value="A64" />
    <docvar key="mnemonic" value="FMLA" />
  </docvars>
  <heading>FMLA (vectors)</heading>
  <desc>
    <brief>Floating-point fused multiply-add vectors (predicated), writing addend [Zda = Zda + Zn * Zm]</brief>
    <description>
      <para>Multiply the corresponding active floating-point elements of the first and second source vectors and add to elements of the third source (addend) vector without intermediate rounding. Destructively place the results in the destination and third source (addend) vector. Inactive elements in the destination vector register remain unmodified.</para>
    </description>
    <status>Green</status>
    <predicated>True</predicated>
    <takes_movprfx>True</takes_movprfx>
    <takes_pred_movprfx>True</takes_pred_movprfx>
  </desc>
  <alias_list howmany="0"></alias_list>
  <classes>
    <iclass name="SVE" oneof="1" id="fmla_z_p_zzz_" no_encodings="1" isa="A64">
      <docvars>
        <docvar key="instr-class" value="sve" />
        <docvar key="isa" value="A64" />
        <docvar key="mnemonic" value="FMLA" />
      </docvars>
      <iclassintro count="1"></iclassintro>
      <regdiagram form="32" psname="FMLA-Z.P.ZZZ-_" tworows="1">
        <box hibit="31" width="8" settings="8">
          <c>0</c>
          <c>1</c>
          <c>1</c>
          <c>0</c>
          <c>0</c>
          <c>1</c>
          <c>0</c>
          <c>1</c>
        </box>
        <box hibit="23" width="2" name="size" usename="1">
          <c colspan="2"></c>
        </box>
        <box hibit="21" settings="1">
          <c>1</c>
        </box>
        <box hibit="20" width="5" name="Zm" usename="1">
          <c colspan="5"></c>
        </box>
        <box hibit="15" settings="1">
          <c>0</c>
        </box>
        <box hibit="14" name="N" usename="1" settings="1">
          <c>0</c>
        </box>
        <box hibit="13" name="op" usename="1" settings="1">
          <c>0</c>
        </box>
        <box hibit="12" width="3" name="Pg" usename="1">
          <c colspan="3"></c>
        </box>
        <box hibit="9" width="5" name="Zn" usename="1">
          <c colspan="5"></c>
        </box>
        <box hibit="4" width="5" name="Zda" usename="1">
          <c colspan="5"></c>
        </box>
      </regdiagram>
      <encoding name="fmla_z_p_zzz_" oneofinclass="1" oneof="1" label="SVE">
        <docvars>
          <docvar key="instr-class" value="sve" />
          <docvar key="isa" value="A64" />
          <docvar key="mnemonic" value="FMLA" />
        </docvars>
        <asmtemplate><text>FMLA    </text><a link="zda" hover="Third source and destination scalable vector register (field &quot;Zda&quot;)">&lt;Zda&gt;</a><text>.</text><a link="t" hover="Size specifier (field &quot;size&quot;) [D,H,S]">&lt;T&gt;</a><text>, </text><a link="pg" hover="Governing scalable predicate register P0-P7 (field &quot;Pg&quot;)">&lt;Pg&gt;</a><text>/M, </text><a link="zn" hover="First source scalable vector register (field &quot;Zn&quot;)">&lt;Zn&gt;</a><text>.</text><a link="t" hover="Size specifier (field &quot;size&quot;) [D,H,S]">&lt;T&gt;</a><text>, </text><a link="zm" hover="Second source scalable vector register (field &quot;Zm&quot;)">&lt;Zm&gt;</a><text>.</text><a link="t" hover="Size specifier (field &quot;size&quot;) [D,H,S]">&lt;T&gt;</a></asmtemplate>
      </encoding>
      <ps_section howmany="1">
        <ps name="FMLA-Z.P.ZZZ-_" mylink="FMLA-Z.P.ZZZ-_" enclabels="" sections="1" secttype="noheading">
          <pstext mayhavelinks="1" section="Decode" rep_section="decode">if !<a link="impl-aarch64.HaveSVE.0" file="shared_pseudocode.xml" hover="function: boolean HaveSVE()">HaveSVE</a>() then UNDEFINED;
if size == '00' then UNDEFINED;
integer esize = 8 &lt;&lt; <a link="impl-shared.UInt.1" file="shared_pseudocode.xml" hover="function: integer UInt(bits(N) x)">UInt</a>(size);
integer g = <a link="impl-shared.UInt.1" file="shared_pseudocode.xml" hover="function: integer UInt(bits(N) x)">UInt</a>(Pg);
integer n = <a link="impl-shared.UInt.1" file="shared_pseudocode.xml" hover="function: integer UInt(bits(N) x)">UInt</a>(Zn);
integer m = <a link="impl-shared.UInt.1" file="shared_pseudocode.xml" hover="function: integer UInt(bits(N) x)">UInt</a>(Zm);
integer da = <a link="impl-shared.UInt.1" file="shared_pseudocode.xml" hover="function: integer UInt(bits(N) x)">UInt</a>(Zda);
boolean op1_neg = FALSE;
boolean op3_neg = FALSE;</pstext>
        </ps>
      </ps_section>
    </iclass>
  </classes>
  <explanations scope="all">
    <explanation enclist="fmla_z_p_zzz_" symboldefcount="1">
      <symbol link="zda">&lt;Zda&gt;</symbol>
      <account encodedin="Zda">
        <intro>
          <para>Is the name of the third source and destination scalable vector register, encoded in the "Zda" field.</para>
        </intro>
      </account>
    </explanation>
    <explanation enclist="fmla_z_p_zzz_" symboldefcount="1">
      <symbol link="t">&lt;T&gt;</symbol>
      <definition encodedin="size">
        <intro>Is the size specifier, </intro>
        <table class="valuetable">
          <tgroup cols="2">
            <thead>
              <row>
                <entry class="bitfield">size</entry>
                <entry class="symbol">&lt;T&gt;</entry>
              </row>
            </thead>
            <tbody>
              <row>
                <entry class="bitfield">00</entry>
                <entry class="symbol">RESERVED</entry>
              </row>
              <row>
                <entry class="bitfield">01</entry>
                <entry class="symbol">H</entry>
              </row>
              <row>
                <entry class="bitfield">10</entry>
                <entry class="symbol">S</entry>
              </row>
              <row>
                <entry class="bitfield">11</entry>
                <entry class="symbol">D</entry>
              </row>
            </tbody>
          </tgroup>
        </table>
      </definition>
    </explanation>
    <explanation enclist="fmla_z_p_zzz_" symboldefcount="1">
      <symbol link="pg">&lt;Pg&gt;</symbol>
      <account encodedin="Pg">
        <intro>
          <para>Is the name of the governing scalable predicate register P0-P7, encoded in the "Pg" field.</para>
        </intro>
      </account>
    </explanation>
    <explanation enclist="fmla_z_p_zzz_" symboldefcount="1">
      <symbol link="zn">&lt;Zn&gt;</symbol>
      <account encodedin="Zn">
        <intro>
          <para>Is the name of the first source scalable vector register, encoded in the "Zn" field.</para>
        </intro>
      </account>
    </explanation>
    <explanation enclist="fmla_z_p_zzz_" symboldefcount="1">
      <symbol link="zm">&lt;Zm&gt;</symbol>
      <account encodedin="Zm">
        <intro>
          <para>Is the name of the second source scalable vector register, encoded in the "Zm" field.</para>
        </intro>
      </account>
    </explanation>
  </explanations>
  <ps_section howmany="1">
    <ps name="FMLA-Z.P.ZZZ-_" mylink="commonps" enclabels="" sections="1" secttype="Operation">
      <pstext mayhavelinks="1" section="Execute" rep_section="execute"><a link="impl-aarch64.CheckSVEEnabled.0" file="shared_pseudocode.xml" hover="function: CheckSVEEnabled()">CheckSVEEnabled</a>();
integer elements = <a link="impl-aarch64.VL.read.none" file="shared_pseudocode.xml" hover="accessor: integer VL">VL</a> DIV esize;
bits(<a link="impl-aarch64.PL.read.none" file="shared_pseudocode.xml" hover="accessor: integer PL">PL</a>) mask = <a link="impl-aarch64.P.read.1" file="shared_pseudocode.xml" hover="accessor: bits(width) P[integer n]">P</a>[g];
bits(<a link="impl-aarch64.VL.read.none" file="shared_pseudocode.xml" hover="accessor: integer VL">VL</a>) operand1 = <a link="impl-aarch64.Z.read.1" file="shared_pseudocode.xml" hover="accessor: bits(width) Z[integer n]">Z</a>[n];
bits(<a link="impl-aarch64.VL.read.none" file="shared_pseudocode.xml" hover="accessor: integer VL">VL</a>) operand2 = <a link="impl-aarch64.Z.read.1" file="shared_pseudocode.xml" hover="accessor: bits(width) Z[integer n]">Z</a>[m];
bits(<a link="impl-aarch64.VL.read.none" file="shared_pseudocode.xml" hover="accessor: integer VL">VL</a>) operand3 = <a link="impl-aarch64.Z.read.1" file="shared_pseudocode.xml" hover="accessor: bits(width) Z[integer n]">Z</a>[da];
bits(<a link="impl-aarch64.VL.read.none" file="shared_pseudocode.xml" hover="accessor: integer VL">VL</a>) result;

for e = 0 to elements-1
    bits(esize) element1 = <a link="impl-shared.Elem.read.3" file="shared_pseudocode.xml" hover="accessor: bits(size) Elem[bits(N) vector, integer e, integer size]">Elem</a>[operand1, e, esize];
    bits(esize) element2 = <a link="impl-shared.Elem.read.3" file="shared_pseudocode.xml" hover="accessor: bits(size) Elem[bits(N) vector, integer e, integer size]">Elem</a>[operand2, e, esize];
    bits(esize) element3 = <a link="impl-shared.Elem.read.3" file="shared_pseudocode.xml" hover="accessor: bits(size) Elem[bits(N) vector, integer e, integer size]">Elem</a>[operand3, e, esize];

    if <a link="impl-aarch64.ElemP.read.3" file="shared_pseudocode.xml" hover="accessor: bit ElemP[bits(N) pred, integer e, integer esize]">ElemP</a>[mask, e, esize] == '1' then
        if op1_neg then element1 = <a link="impl-shared.FPNeg.1" file="shared_pseudocode.xml" hover="function: bits(N) FPNeg(bits(N) op)">FPNeg</a>(element1);
        if op3_neg then element3 = <a link="impl-shared.FPNeg.1" file="shared_pseudocode.xml" hover="function: bits(N) FPNeg(bits(N) op)">FPNeg</a>(element3);
        <a link="impl-shared.Elem.write.3" file="shared_pseudocode.xml" hover="accessor: Elem[bits(N) &amp;vector, integer e, integer size] = bits(size) value">Elem</a>[result, e, esize] = <a link="impl-shared.FPMulAdd.4" file="shared_pseudocode.xml" hover="function: bits(N) FPMulAdd(bits(N) addend, bits(N) op1, bits(N) op2, FPCRType fpcr)">FPMulAdd</a>(element3, element1, element2, FPCR&lt;31:0&gt;);
    else
        <a link="impl-shared.Elem.write.3" file="shared_pseudocode.xml" hover="accessor: Elem[bits(N) &amp;vector, integer e, integer size] = bits(size) value">Elem</a>[result, e, esize] = element3;

<a link="impl-aarch64.Z.write.1" file="shared_pseudocode.xml" hover="accessor: Z[integer n] = bits(width) value">Z</a>[da] = result;</pstext>
    </ps>
  </ps_section>
</instructionsection>
