<?xml version="1.0" encoding="utf-8"?>
<?xml-stylesheet type="text/xsl" encoding="UTF-8" href="iform.xsl" version="1.0"?>
<!DOCTYPE instructionsection PUBLIC "-//ARM//DTD instructionsection //EN" "iform-p.dtd">
<!-- Copyright (c) 2010-2020 Arm Limited or its affiliates. All rights reserved. -->
<!-- This document is Non-Confidential. This document may only be used and distributed in accordance with the terms of the agreement entered into by Arm and the party that Arm delivered this document to. -->

<instructionsection id="FMLSL_advsimd_vec" title="FMLSL, FMLSL2 (vector) -- A64" type="instruction">
  <docvars>
    <docvar key="advsimd-reguse" value="3reg-same" />
    <docvar key="advsimd-type" value="simd" />
    <docvar key="instr-class" value="advsimd" />
    <docvar key="isa" value="A64" />
  </docvars>
  <heading>FMLSL, FMLSL2 (vector)</heading>
  <desc>
    <brief>
      <para>Floating-point fused Multiply-Subtract Long from accumulator (vector)</para>
    </brief>
    <authored>
      <para>Floating-point fused Multiply-Subtract Long from accumulator (vector). This instruction negates the values in the vector of one SIMD&amp;FP register, multiplies these with the corresponding values in another vector, and accumulates the product to the corresponding vector element of the destination SIMD&amp;FP register. The instruction does not round the result of the multiply before the accumulation.</para>
      <para>A floating-point exception can be generated by this instruction. Depending on the settings in <xref linkend="AArch64.fpcr">FPCR</xref>, the exception results in either a flag being set in <xref linkend="AArch64.fpsr">FPSR</xref>, or a synchronous exception being generated. For more information, see <xref linkend="BEIJDDAG">Floating-point exception traps</xref>.</para>
      <para>Depending on the settings in the <xref linkend="AArch64.cpacr_el1">CPACR_EL1</xref>, <xref linkend="AArch64.cptr_el2">CPTR_EL2</xref>, and <xref linkend="AArch64.cptr_el3">CPTR_EL3</xref> registers, and the current Security state and Exception level, an attempt to execute the instruction might be trapped.</para>
      <para>In Armv8.2 and Armv8.3, this is an <arm-defined-word>optional</arm-defined-word> instruction. From Armv8.4 it is mandatory for all implementations to support it.</para>
      <note>
        <para><xref linkend="AArch64.id_aa64isar0_el1">ID_AA64ISAR0_EL1</xref>.FHM indicates whether this instruction is supported.</para>
      </note>
    </authored>
  </desc>
  <alias_list howmany="0"></alias_list>
  <classes>
    <classesintro count="2">
      <txt>It has encodings from 2 classes:</txt>
      <a href="#FMLSL_asimdsame_F">FMLSL</a>
      <txt> and </txt>
      <a href="#FMLSL2_asimdsame_F">FMLSL2</a>
    </classesintro>
    <iclass name="FMLSL" oneof="2" id="FMLSL_asimdsame_F" no_encodings="1" isa="A64">
      <docvars>
        <docvar key="advsimd-reguse" value="3reg-same" />
        <docvar key="advsimd-type" value="simd" />
        <docvar key="instr-class" value="advsimd" />
        <docvar key="isa" value="A64" />
        <docvar key="mnemonic" value="FMLSL" />
      </docvars>
      <iclassintro count="1"></iclassintro>
      <arch_variants>
        <arch_variant name="ARMv8.2" feature="ARMv8.2-FHM" />
      </arch_variants>
      <regdiagram form="32" psname="aarch64/instrs/vector/arithmetic/binary/uniform/mul/fp/mul_norounding/lower" tworows="1">
        <box hibit="31" settings="1">
          <c>0</c>
        </box>
        <box hibit="30" name="Q" usename="1">
          <c></c>
        </box>
        <box hibit="29" name="U" settings="1">
          <c>0</c>
        </box>
        <box hibit="28" width="5" settings="5">
          <c>0</c>
          <c>1</c>
          <c>1</c>
          <c>1</c>
          <c>0</c>
        </box>
        <box hibit="23" name="S" usename="1" settings="1" psbits="x">
          <c>1</c>
        </box>
        <box hibit="22" name="sz" usename="1" settings="1" psbits="x">
          <c>0</c>
        </box>
        <box hibit="21" settings="1">
          <c>1</c>
        </box>
        <box hibit="20" width="5" name="Rm" usename="1">
          <c colspan="5"></c>
        </box>
        <box hibit="15" name="opcode[4]" settings="1">
          <c>1</c>
        </box>
        <box hibit="14" width="4" name="opcode[3:0]" settings="4">
          <c>1</c>
          <c>1</c>
          <c>0</c>
          <c>1</c>
        </box>
        <box hibit="10" settings="1">
          <c>1</c>
        </box>
        <box hibit="9" width="5" name="Rn" usename="1">
          <c colspan="5"></c>
        </box>
        <box hibit="4" width="5" name="Rd" usename="1">
          <c colspan="5"></c>
        </box>
      </regdiagram>
      <encoding name="FMLSL_asimdsame_F" oneofinclass="1" oneof="2" label="FMLSL">
        <docvars>
          <docvar key="advsimd-reguse" value="3reg-same" />
          <docvar key="advsimd-type" value="simd" />
          <docvar key="instr-class" value="advsimd" />
          <docvar key="isa" value="A64" />
          <docvar key="mnemonic" value="FMLSL" />
        </docvars>
        <asmtemplate><text>FMLSL  </text><a link="vd" hover="SIMD&amp;FP destination register (field &quot;Rd&quot;)">&lt;Vd&gt;</a><text>.</text><a link="ta" hover="Arrangement specifier (field &quot;Q&quot;) [2S,4S]">&lt;Ta&gt;</a><text>, </text><a link="vn" hover="First SIMD&amp;FP source register (field &quot;Rn&quot;)">&lt;Vn&gt;</a><text>.</text><a link="tb" hover="Arrangement specifier (field &quot;Q&quot;) [2H,4H]">&lt;Tb&gt;</a><text>, </text><a link="vm" hover="Second SIMD&amp;FP source register (field &quot;Rm&quot;)">&lt;Vm&gt;</a><text>.</text><a link="tb" hover="Arrangement specifier (field &quot;Q&quot;) [2H,4H]">&lt;Tb&gt;</a></asmtemplate>
      </encoding>
      <ps_section howmany="1">
        <ps name="aarch64/instrs/vector/arithmetic/binary/uniform/mul/fp/mul_norounding/lower" mylink="aarch64.instrs.vector.arithmetic.binary.uniform.mul.fp.mul_norounding.lower" enclabels="" sections="1" secttype="noheading">
          <pstext mayhavelinks="1" section="Decode" rep_section="decode">if !<a link="impl-shared.HaveFP16MulNoRoundingToFP32Ext.0" file="shared_pseudocode.xml" hover="function: boolean HaveFP16MulNoRoundingToFP32Ext()">HaveFP16MulNoRoundingToFP32Ext</a>() then UNDEFINED;
integer d = <a link="impl-shared.UInt.1" file="shared_pseudocode.xml" hover="function: integer UInt(bits(N) x)">UInt</a>(Rd);
integer n = <a link="impl-shared.UInt.1" file="shared_pseudocode.xml" hover="function: integer UInt(bits(N) x)">UInt</a>(Rn);
integer m = <a link="impl-shared.UInt.1" file="shared_pseudocode.xml" hover="function: integer UInt(bits(N) x)">UInt</a>(Rm);
if sz == '1' then UNDEFINED;
integer esize = 32;
integer datasize = if Q == '1' then 128 else 64;
integer elements = datasize DIV esize;
boolean sub_op = (S == '1');
integer part = 0;</pstext>
        </ps>
      </ps_section>
    </iclass>
    <iclass name="FMLSL2" oneof="2" id="FMLSL2_asimdsame_F" no_encodings="1" isa="A64">
      <docvars>
        <docvar key="advsimd-reguse" value="3reg-same" />
        <docvar key="advsimd-type" value="simd" />
        <docvar key="instr-class" value="advsimd" />
        <docvar key="isa" value="A64" />
        <docvar key="mnemonic" value="FMLSL2" />
      </docvars>
      <iclassintro count="1"></iclassintro>
      <arch_variants>
        <arch_variant name="ARMv8.2" feature="ARMv8.2-FHM" />
      </arch_variants>
      <regdiagram form="32" psname="aarch64/instrs/vector/arithmetic/binary/uniform/mul/fp/mul_norounding/upper" tworows="1">
        <box hibit="31" settings="1">
          <c>0</c>
        </box>
        <box hibit="30" name="Q" usename="1">
          <c></c>
        </box>
        <box hibit="29" name="U" settings="1">
          <c>1</c>
        </box>
        <box hibit="28" width="5" settings="5">
          <c>0</c>
          <c>1</c>
          <c>1</c>
          <c>1</c>
          <c>0</c>
        </box>
        <box hibit="23" name="S" usename="1" settings="1" psbits="x">
          <c>1</c>
        </box>
        <box hibit="22" name="sz" usename="1" settings="1" psbits="x">
          <c>0</c>
        </box>
        <box hibit="21" settings="1">
          <c>1</c>
        </box>
        <box hibit="20" width="5" name="Rm" usename="1">
          <c colspan="5"></c>
        </box>
        <box hibit="15" name="opcode[4]" settings="1">
          <c>1</c>
        </box>
        <box hibit="14" width="4" name="opcode[3:0]" settings="4">
          <c>1</c>
          <c>0</c>
          <c>0</c>
          <c>1</c>
        </box>
        <box hibit="10" settings="1">
          <c>1</c>
        </box>
        <box hibit="9" width="5" name="Rn" usename="1">
          <c colspan="5"></c>
        </box>
        <box hibit="4" width="5" name="Rd" usename="1">
          <c colspan="5"></c>
        </box>
      </regdiagram>
      <encoding name="FMLSL2_asimdsame_F" oneofinclass="1" oneof="2" label="FMLSL2">
        <docvars>
          <docvar key="advsimd-reguse" value="3reg-same" />
          <docvar key="advsimd-type" value="simd" />
          <docvar key="instr-class" value="advsimd" />
          <docvar key="isa" value="A64" />
          <docvar key="mnemonic" value="FMLSL2" />
        </docvars>
        <asmtemplate><text>FMLSL2  </text><a link="vd" hover="SIMD&amp;FP destination register (field &quot;Rd&quot;)">&lt;Vd&gt;</a><text>.</text><a link="ta" hover="Arrangement specifier (field &quot;Q&quot;) [2S,4S]">&lt;Ta&gt;</a><text>, </text><a link="vn" hover="First SIMD&amp;FP source register (field &quot;Rn&quot;)">&lt;Vn&gt;</a><text>.</text><a link="tb" hover="Arrangement specifier (field &quot;Q&quot;) [2H,4H]">&lt;Tb&gt;</a><text>, </text><a link="vm" hover="Second SIMD&amp;FP source register (field &quot;Rm&quot;)">&lt;Vm&gt;</a><text>.</text><a link="tb" hover="Arrangement specifier (field &quot;Q&quot;) [2H,4H]">&lt;Tb&gt;</a></asmtemplate>
      </encoding>
      <ps_section howmany="1">
        <ps name="aarch64/instrs/vector/arithmetic/binary/uniform/mul/fp/mul_norounding/upper" mylink="aarch64.instrs.vector.arithmetic.binary.uniform.mul.fp.mul_norounding.upper" enclabels="" sections="1" secttype="noheading">
          <pstext mayhavelinks="1" section="Decode" rep_section="decode">if !<a link="impl-shared.HaveFP16MulNoRoundingToFP32Ext.0" file="shared_pseudocode.xml" hover="function: boolean HaveFP16MulNoRoundingToFP32Ext()">HaveFP16MulNoRoundingToFP32Ext</a>() then UNDEFINED;
integer d = <a link="impl-shared.UInt.1" file="shared_pseudocode.xml" hover="function: integer UInt(bits(N) x)">UInt</a>(Rd);
integer n = <a link="impl-shared.UInt.1" file="shared_pseudocode.xml" hover="function: integer UInt(bits(N) x)">UInt</a>(Rn);
integer m = <a link="impl-shared.UInt.1" file="shared_pseudocode.xml" hover="function: integer UInt(bits(N) x)">UInt</a>(Rm);
if sz == '1' then UNDEFINED;
integer esize = 32;
integer datasize = if Q == '1' then 128 else 64;
integer elements = datasize DIV esize;
boolean sub_op = (S == '1');
integer part = 1;</pstext>
        </ps>
      </ps_section>
    </iclass>
  </classes>
  <explanations scope="all">
    <explanation enclist="FMLSL_asimdsame_F, FMLSL2_asimdsame_F" symboldefcount="1">
      <symbol link="vd">&lt;Vd&gt;</symbol>
      <account encodedin="Rd">
        <intro>
          <para>Is the name of the SIMD&amp;FP destination register, encoded in the "Rd" field.</para>
        </intro>
      </account>
    </explanation>
    <explanation enclist="FMLSL_asimdsame_F, FMLSL2_asimdsame_F" symboldefcount="1">
      <symbol link="ta">&lt;Ta&gt;</symbol>
      <definition encodedin="Q">
        <intro>Is an arrangement specifier, </intro>
        <table class="valuetable">
          <tgroup cols="2">
            <thead>
              <row>
                <entry class="bitfield">Q</entry>
                <entry class="symbol">&lt;Ta&gt;</entry>
              </row>
            </thead>
            <tbody>
              <row>
                <entry class="bitfield">0</entry>
                <entry class="symbol">2S</entry>
              </row>
              <row>
                <entry class="bitfield">1</entry>
                <entry class="symbol">4S</entry>
              </row>
            </tbody>
          </tgroup>
        </table>
      </definition>
    </explanation>
    <explanation enclist="FMLSL_asimdsame_F, FMLSL2_asimdsame_F" symboldefcount="1">
      <symbol link="vn">&lt;Vn&gt;</symbol>
      <account encodedin="Rn">
        <intro>
          <para>Is the name of the first SIMD&amp;FP source register, encoded in the "Rn" field.</para>
        </intro>
      </account>
    </explanation>
    <explanation enclist="FMLSL_asimdsame_F, FMLSL2_asimdsame_F" symboldefcount="1">
      <symbol link="tb">&lt;Tb&gt;</symbol>
      <definition encodedin="Q">
        <intro>Is an arrangement specifier, </intro>
        <table class="valuetable">
          <tgroup cols="2">
            <thead>
              <row>
                <entry class="bitfield">Q</entry>
                <entry class="symbol">&lt;Tb&gt;</entry>
              </row>
            </thead>
            <tbody>
              <row>
                <entry class="bitfield">0</entry>
                <entry class="symbol">2H</entry>
              </row>
              <row>
                <entry class="bitfield">1</entry>
                <entry class="symbol">4H</entry>
              </row>
            </tbody>
          </tgroup>
        </table>
      </definition>
    </explanation>
    <explanation enclist="FMLSL_asimdsame_F, FMLSL2_asimdsame_F" symboldefcount="1">
      <symbol link="vm">&lt;Vm&gt;</symbol>
      <account encodedin="Rm">
        <intro>
          <para>Is the name of the second SIMD&amp;FP source register, encoded in the "Rm" field.</para>
        </intro>
      </account>
    </explanation>
  </explanations>
  <ps_section howmany="1">
    <ps name="aarch64/instrs/vector/arithmetic/binary/uniform/mul/fp/mul_norounding/lower" mylink="commonps" enclabels="" sections="1" secttype="Operation">
      <pstext mayhavelinks="1" section="Execute" rep_section="execute"><a link="impl-aarch64.CheckFPAdvSIMDEnabled64.0" file="shared_pseudocode.xml" hover="function: CheckFPAdvSIMDEnabled64()">CheckFPAdvSIMDEnabled64</a>();
bits(datasize DIV 2) operand1 = <a link="impl-aarch64.Vpart.read.2" file="shared_pseudocode.xml" hover="accessor: bits(width) Vpart[integer n, integer part]">Vpart</a>[n,part];
bits(datasize DIV 2) operand2 = <a link="impl-aarch64.Vpart.read.2" file="shared_pseudocode.xml" hover="accessor: bits(width) Vpart[integer n, integer part]">Vpart</a>[m,part];
bits(datasize) operand3 = <a link="impl-aarch64.V.read.1" file="shared_pseudocode.xml" hover="accessor: bits(width) V[integer n]">V</a>[d];
bits(datasize) result;
bits(esize DIV 2) element1;
bits(esize DIV 2) element2;

for e = 0 to elements-1
    element1 = <a link="impl-shared.Elem.read.3" file="shared_pseudocode.xml" hover="accessor: bits(size) Elem[bits(N) vector, integer e, integer size]">Elem</a>[operand1, e, esize DIV 2];
    element2 = <a link="impl-shared.Elem.read.3" file="shared_pseudocode.xml" hover="accessor: bits(size) Elem[bits(N) vector, integer e, integer size]">Elem</a>[operand2, e, esize DIV 2];
    if sub_op then element1 = <a link="impl-shared.FPNeg.1" file="shared_pseudocode.xml" hover="function: bits(N) FPNeg(bits(N) op)">FPNeg</a>(element1);
    <a link="impl-shared.Elem.write.3" file="shared_pseudocode.xml" hover="accessor: Elem[bits(N) &amp;vector, integer e, integer size] = bits(size) value">Elem</a>[result,e,esize] = FPMulAddH(<a link="impl-shared.Elem.read.3" file="shared_pseudocode.xml" hover="accessor: bits(size) Elem[bits(N) vector, integer e, integer size]">Elem</a>[operand3, e, esize], element1, element2, FPCR);
<a link="impl-aarch64.V.write.1" file="shared_pseudocode.xml" hover="accessor: V[integer n] = bits(width) value">V</a>[d] = result;</pstext>
    </ps>
  </ps_section>
</instructionsection>
