<?xml version="1.0" encoding="utf-8"?>
<?xml-stylesheet type="text/xsl" encoding="UTF-8" href="iform.xsl" version="1.0"?>
<!DOCTYPE instructionsection PUBLIC "-//ARM//DTD instructionsection //EN" "iform-p.dtd">
<!-- Copyright (c) 2010-2020 Arm Limited or its affiliates. All rights reserved. -->
<!-- This document is Non-Confidential. This document may only be used and distributed in accordance with the terms of the agreement entered into by Arm and the party that Arm delivered this document to. -->

<instructionsection id="FMOV_fdup_z_i" title="FMOV (immediate, unpredicated)" type="alias">
  <docvars>
    <docvar key="alias_mnemonic" value="FMOV" />
    <docvar key="instr-class" value="sve" />
    <docvar key="isa" value="A64" />
    <docvar key="mnemonic" value="FDUP" />
  </docvars>
  <heading>FMOV (immediate, unpredicated)</heading>
  <desc>
    <brief>Move 8-bit floating-point immediate to vector elements (unpredicated)</brief>
    <description>
      <para>Unconditionally broadcast the floating-point immediate into each element of the destination vector. This instruction is unpredicated.</para>
    </description>
    <status>Green</status>
    <predicated>False</predicated>
    <takes_movprfx>False</takes_movprfx>
    <takes_pred_movprfx>False</takes_pred_movprfx>
  </desc>
  <aliasto refiform="fdup_z_i.xml" iformid="fdup_z_i">FDUP</aliasto>
  <classes>
    <iclass name="SVE" oneof="1" id="fdup_z_i_" no_encodings="1" isa="A64">
      <docvars>
        <docvar key="instr-class" value="sve" />
        <docvar key="isa" value="A64" />
        <docvar key="mnemonic" value="FDUP" />
      </docvars>
      <iclassintro count="1"></iclassintro>
      <regdiagram form="32" psname="FDUP-Z.I-_">
        <box hibit="31" width="8" settings="8">
          <c>0</c>
          <c>0</c>
          <c>1</c>
          <c>0</c>
          <c>0</c>
          <c>1</c>
          <c>0</c>
          <c>1</c>
        </box>
        <box hibit="23" width="2" name="size" usename="1">
          <c colspan="2"></c>
        </box>
        <box hibit="21" width="3" settings="3">
          <c>1</c>
          <c>1</c>
          <c>1</c>
        </box>
        <box hibit="18" name="opc&lt;1&gt;" settings="1">
          <c>0</c>
        </box>
        <box hibit="17" name="opc&lt;0&gt;" settings="1">
          <c>0</c>
        </box>
        <box hibit="16" width="3" settings="3">
          <c>1</c>
          <c>1</c>
          <c>1</c>
        </box>
        <box hibit="13" name="o2" settings="1">
          <c>0</c>
        </box>
        <box hibit="12" width="8" name="imm8" usename="1">
          <c colspan="8"></c>
        </box>
        <box hibit="4" width="5" name="Zd" usename="1">
          <c colspan="5"></c>
        </box>
      </regdiagram>
      <encoding name="FMOV_fdup_z_i_" oneofinclass="1" oneof="1" label="SVE">
        <docvars>
          <docvar key="alias_mnemonic" value="FMOV" />
          <docvar key="instr-class" value="sve" />
          <docvar key="isa" value="A64" />
          <docvar key="mnemonic" value="FDUP" />
        </docvars>
        <asmtemplate><text>FMOV    </text><a link="zd" hover="Destination scalable vector register (field &quot;Zd&quot;)">&lt;Zd&gt;</a><text>.</text><a link="t" hover="Size specifier (field &quot;size&quot;) [D,H,S]">&lt;T&gt;</a><text>, #</text><a link="const" hover="Floating-point immediate value expressable as ±n÷16×2^r (field &quot;imm8&quot;)">&lt;const&gt;</a></asmtemplate>
        <equivalent_to>
          <asmtemplate><a href="fdup_z_i.xml#fdup_z_i_">FDUP</a><text>    </text><a link="zd" hover="Destination scalable vector register (field &quot;Zd&quot;)">&lt;Zd&gt;</a><text>.</text><a link="t" hover="Size specifier (field &quot;size&quot;) [D,H,S]">&lt;T&gt;</a><text>, #</text><a link="const" hover="Floating-point immediate value expressable as ±n÷16×2^r (field &quot;imm8&quot;)">&lt;const&gt;</a></asmtemplate>
          <aliascond>Unconditionally</aliascond>
        </equivalent_to>
      </encoding>
    </iclass>
  </classes>
  <explanations scope="all">
    <explanation enclist="FMOV_fdup_z_i_" symboldefcount="1">
      <symbol link="zd">&lt;Zd&gt;</symbol>
      <account encodedin="Zd">
        <intro>
          <para>Is the name of the destination scalable vector register, encoded in the "Zd" field.</para>
        </intro>
      </account>
    </explanation>
    <explanation enclist="FMOV_fdup_z_i_" symboldefcount="1">
      <symbol link="t">&lt;T&gt;</symbol>
      <definition encodedin="size">
        <intro>Is the size specifier, </intro>
        <table class="valuetable">
          <tgroup cols="2">
            <thead>
              <row>
                <entry class="bitfield">size</entry>
                <entry class="symbol">&lt;T&gt;</entry>
              </row>
            </thead>
            <tbody>
              <row>
                <entry class="bitfield">00</entry>
                <entry class="symbol">RESERVED</entry>
              </row>
              <row>
                <entry class="bitfield">01</entry>
                <entry class="symbol">H</entry>
              </row>
              <row>
                <entry class="bitfield">10</entry>
                <entry class="symbol">S</entry>
              </row>
              <row>
                <entry class="bitfield">11</entry>
                <entry class="symbol">D</entry>
              </row>
            </tbody>
          </tgroup>
        </table>
      </definition>
    </explanation>
    <explanation enclist="FMOV_fdup_z_i_" symboldefcount="1">
      <symbol link="const">&lt;const&gt;</symbol>
      <account encodedin="imm8">
        <intro>
          <para>Is a floating-point immediate value expressable as ±n÷16×2^r, where n and r are integers such that 16 ≤ n ≤ 31 and -3 ≤ r ≤ 4, i.e. a normalized binary floating-point encoding with 1 sign bit, 3-bit exponent, and 4-bit fractional part, encoded in the "imm8" field.</para>
        </intro>
      </account>
    </explanation>
  </explanations>
</instructionsection>
