<?xml version="1.0" encoding="utf-8"?>
<?xml-stylesheet type="text/xsl" encoding="UTF-8" href="iform.xsl" version="1.0"?>
<!DOCTYPE instructionsection PUBLIC "-//ARM//DTD instructionsection //EN" "iform-p.dtd">
<!-- Copyright (c) 2010-2020 Arm Limited or its affiliates. All rights reserved. -->
<!-- This document is Non-Confidential. This document may only be used and distributed in accordance with the terms of the agreement entered into by Arm and the party that Arm delivered this document to. -->

<instructionsection id="FMUL_advsimd_elt" title="FMUL (by element) -- A64" type="instruction">
  <docvars>
    <docvar key="instr-class" value="advsimd" />
    <docvar key="isa" value="A64" />
    <docvar key="mnemonic" value="FMUL" />
  </docvars>
  <heading>FMUL (by element)</heading>
  <desc>
    <brief>
      <para>Floating-point Multiply (by element)</para>
    </brief>
    <authored>
      <para>Floating-point Multiply (by element). This instruction multiplies the vector elements in the first source SIMD&amp;FP register by the specified value in the second source SIMD&amp;FP register, places the results in a vector, and writes the vector to the destination SIMD&amp;FP register. All the values in this instruction are floating-point values.</para>
      <para>This instruction can generate a floating-point exception. Depending on the settings in <xref linkend="AArch64.fpcr">FPCR</xref>, the exception results in either a flag being set in <xref linkend="AArch64.fpsr">FPSR</xref> or a synchronous exception being generated. For more information, see <xref linkend="BEIJDDAG">Floating-point exception traps</xref>.</para>
      <para>Depending on the settings in the <xref linkend="AArch64.cpacr_el1">CPACR_EL1</xref>, <xref linkend="AArch64.cptr_el2">CPTR_EL2</xref>, and <xref linkend="AArch64.cptr_el3">CPTR_EL3</xref> registers, and the current Security state and Exception level, an attempt to execute the instruction might be trapped.</para>
    </authored>
  </desc>
  <alias_list howmany="0"></alias_list>
  <classes>
    <classesintro count="4">
      <txt>It has encodings from 4 classes:</txt>
      <a href="#FMUL_asisdelem_RH_H">Scalar, half-precision</a>
      <txt>, </txt>
      <a href="#FMUL_asisdelem_R_SD">Scalar, single-precision and double-precision</a>
      <txt>, </txt>
      <a href="#FMUL_asimdelem_RH_H">Vector, half-precision</a>
      <txt> and </txt>
      <a href="#FMUL_asimdelem_R_SD">Vector, single-precision and double-precision</a>
    </classesintro>
    <iclass name="Scalar, half-precision" oneof="4" id="FMUL_asisdelem_RH_H" no_encodings="1" isa="A64">
      <docvars>
        <docvar key="advsimd-datatype" value="sisd-half" />
        <docvar key="advsimd-reguse" value="2reg-scalar" />
        <docvar key="advsimd-type" value="sisd" />
        <docvar key="datatype" value="half" />
        <docvar key="instr-class" value="advsimd" />
        <docvar key="isa" value="A64" />
        <docvar key="mnemonic" value="FMUL" />
        <docvar key="reguse-datatype" value="2reg-scalar-half" />
      </docvars>
      <iclassintro count="1"></iclassintro>
      <arch_variants>
        <arch_variant name="ARMv8.2" feature="ARMv8.2-FP16" />
      </arch_variants>
      <regdiagram form="32" psname="aarch64/instrs/vector/arithmetic/binary/element/mul/fp16/sisd" tworows="1">
        <box hibit="31" width="2" settings="2">
          <c>0</c>
          <c>1</c>
        </box>
        <box hibit="29" name="U" usename="1" settings="1" psbits="x">
          <c>0</c>
        </box>
        <box hibit="28" width="5" settings="5">
          <c>1</c>
          <c>1</c>
          <c>1</c>
          <c>1</c>
          <c>1</c>
        </box>
        <box hibit="23" width="2" name="size" settings="2">
          <c>0</c>
          <c>0</c>
        </box>
        <box hibit="21" name="L" usename="1">
          <c></c>
        </box>
        <box hibit="20" name="M" usename="1">
          <c></c>
        </box>
        <box hibit="19" width="4" name="Rm" usename="1">
          <c colspan="4"></c>
        </box>
        <box hibit="15" width="4" name="opcode" settings="4">
          <c>1</c>
          <c>0</c>
          <c>0</c>
          <c>1</c>
        </box>
        <box hibit="11" name="H" usename="1">
          <c></c>
        </box>
        <box hibit="10" settings="1">
          <c>0</c>
        </box>
        <box hibit="9" width="5" name="Rn" usename="1">
          <c colspan="5"></c>
        </box>
        <box hibit="4" width="5" name="Rd" usename="1">
          <c colspan="5"></c>
        </box>
      </regdiagram>
      <encoding name="FMUL_asisdelem_RH_H" oneofinclass="1" oneof="4" label="Scalar, half-precision">
        <docvars>
          <docvar key="advsimd-datatype" value="sisd-half" />
          <docvar key="advsimd-reguse" value="2reg-scalar" />
          <docvar key="advsimd-type" value="sisd" />
          <docvar key="datatype" value="half" />
          <docvar key="instr-class" value="advsimd" />
          <docvar key="isa" value="A64" />
          <docvar key="mnemonic" value="FMUL" />
          <docvar key="reguse-datatype" value="2reg-scalar-half" />
        </docvars>
        <asmtemplate><text>FMUL  </text><a link="hd" hover="16-bit SIMD&amp;FP destination register (field &quot;Rd&quot;)">&lt;Hd&gt;</a><text>, </text><a link="hn" hover="First 16-bit SIMD&amp;FP source register (field &quot;Rn&quot;)">&lt;Hn&gt;</a><text>, </text><a link="vm" hover="Second SIMD&amp;FP source register [V0-V15] (field &quot;Rm&quot;)">&lt;Vm&gt;</a><text>.H[</text><a link="index" hover="Element index [0-7] (field &quot;H:L:M&quot;)">&lt;index&gt;</a><text>]</text></asmtemplate>
      </encoding>
      <ps_section howmany="1">
        <ps name="aarch64/instrs/vector/arithmetic/binary/element/mul/fp16/sisd" mylink="aarch64.instrs.vector.arithmetic.binary.element.mul.fp16.sisd" enclabels="" sections="1" secttype="noheading">
          <pstext mayhavelinks="1" section="Decode" rep_section="decode">if !<a link="impl-shared.HaveFP16Ext.0" file="shared_pseudocode.xml" hover="function: boolean HaveFP16Ext()">HaveFP16Ext</a>() then UNDEFINED;

integer idxdsize = if H == '1' then 128 else 64;
integer n = <a link="impl-shared.UInt.1" file="shared_pseudocode.xml" hover="function: integer UInt(bits(N) x)">UInt</a>(Rn);
integer m = <a link="impl-shared.UInt.1" file="shared_pseudocode.xml" hover="function: integer UInt(bits(N) x)">UInt</a>(Rm);
integer d = <a link="impl-shared.UInt.1" file="shared_pseudocode.xml" hover="function: integer UInt(bits(N) x)">UInt</a>(Rd);
integer index = <a link="impl-shared.UInt.1" file="shared_pseudocode.xml" hover="function: integer UInt(bits(N) x)">UInt</a>(H:L:M);

integer esize = 16;
integer datasize = esize;
integer elements = 1;
boolean mulx_op = (U == '1');</pstext>
        </ps>
      </ps_section>
    </iclass>
    <iclass name="Scalar, single-precision and double-precision" oneof="4" id="FMUL_asisdelem_R_SD" no_encodings="1" isa="A64">
      <docvars>
        <docvar key="advsimd-datatype" value="sisd-single-and-double" />
        <docvar key="advsimd-reguse" value="2reg-scalar" />
        <docvar key="advsimd-type" value="sisd" />
        <docvar key="datatype" value="single-and-double" />
        <docvar key="instr-class" value="advsimd" />
        <docvar key="isa" value="A64" />
        <docvar key="mnemonic" value="FMUL" />
        <docvar key="reguse-datatype" value="2reg-scalar-single-and-double" />
      </docvars>
      <iclassintro count="1"></iclassintro>
      <regdiagram form="32" psname="aarch64/instrs/vector/arithmetic/binary/element/mul/fp/sisd" tworows="1">
        <box hibit="31" width="2" settings="2">
          <c>0</c>
          <c>1</c>
        </box>
        <box hibit="29" name="U" usename="1" settings="1" psbits="x">
          <c>0</c>
        </box>
        <box hibit="28" width="5" settings="5">
          <c>1</c>
          <c>1</c>
          <c>1</c>
          <c>1</c>
          <c>1</c>
        </box>
        <box hibit="23" settings="1">
          <c>1</c>
        </box>
        <box hibit="22" name="sz" usename="1">
          <c></c>
        </box>
        <box hibit="21" name="L" usename="1">
          <c></c>
        </box>
        <box hibit="20" name="M" usename="1">
          <c></c>
        </box>
        <box hibit="19" width="4" name="Rm" usename="1">
          <c colspan="4"></c>
        </box>
        <box hibit="15" width="4" name="opcode" settings="4">
          <c>1</c>
          <c>0</c>
          <c>0</c>
          <c>1</c>
        </box>
        <box hibit="11" name="H" usename="1">
          <c></c>
        </box>
        <box hibit="10" settings="1">
          <c>0</c>
        </box>
        <box hibit="9" width="5" name="Rn" usename="1">
          <c colspan="5"></c>
        </box>
        <box hibit="4" width="5" name="Rd" usename="1">
          <c colspan="5"></c>
        </box>
      </regdiagram>
      <encoding name="FMUL_asisdelem_R_SD" oneofinclass="1" oneof="4" label="Scalar, single-precision and double-precision">
        <docvars>
          <docvar key="advsimd-datatype" value="sisd-single-and-double" />
          <docvar key="advsimd-reguse" value="2reg-scalar" />
          <docvar key="advsimd-type" value="sisd" />
          <docvar key="datatype" value="single-and-double" />
          <docvar key="instr-class" value="advsimd" />
          <docvar key="isa" value="A64" />
          <docvar key="mnemonic" value="FMUL" />
          <docvar key="reguse-datatype" value="2reg-scalar-single-and-double" />
        </docvars>
        <asmtemplate><text>FMUL  </text><a link="v" hover="Width specifier (field &quot;sz&quot;) [D,S]">&lt;V&gt;</a><a link="d" hover="SIMD&amp;FP destination register number (field &quot;Rd&quot;)">&lt;d&gt;</a><text>, </text><a link="v" hover="Width specifier (field &quot;sz&quot;) [D,S]">&lt;V&gt;</a><a link="n" hover="First SIMD&amp;FP source register number (field &quot;Rn&quot;)">&lt;n&gt;</a><text>, </text><a link="vm_1" hover="Second SIMD&amp;FP source register (field &quot;M:Rm&quot;)">&lt;Vm&gt;</a><text>.</text><a link="ts" hover="Element size specifier (field &quot;sz&quot;) [D,S]">&lt;Ts&gt;</a><text>[</text><a link="index_1" hover="Element index (field &quot;sz:L:H&quot;) [H,H:L]">&lt;index&gt;</a><text>]</text></asmtemplate>
      </encoding>
      <ps_section howmany="1">
        <ps name="aarch64/instrs/vector/arithmetic/binary/element/mul/fp/sisd" mylink="aarch64.instrs.vector.arithmetic.binary.element.mul.fp.sisd" enclabels="" sections="1" secttype="noheading">
          <pstext mayhavelinks="1" section="Decode" rep_section="decode">integer idxdsize = if H == '1' then 128 else 64; 
integer index;
bit Rmhi = M;
case sz:L of
    when '0x' index = <a link="impl-shared.UInt.1" file="shared_pseudocode.xml" hover="function: integer UInt(bits(N) x)">UInt</a>(H:L);
    when '10' index = <a link="impl-shared.UInt.1" file="shared_pseudocode.xml" hover="function: integer UInt(bits(N) x)">UInt</a>(H);
    when '11' UNDEFINED;

integer d = <a link="impl-shared.UInt.1" file="shared_pseudocode.xml" hover="function: integer UInt(bits(N) x)">UInt</a>(Rd);
integer n = <a link="impl-shared.UInt.1" file="shared_pseudocode.xml" hover="function: integer UInt(bits(N) x)">UInt</a>(Rn);
integer m = <a link="impl-shared.UInt.1" file="shared_pseudocode.xml" hover="function: integer UInt(bits(N) x)">UInt</a>(Rmhi:Rm);

integer esize = 32 &lt;&lt; <a link="impl-shared.UInt.1" file="shared_pseudocode.xml" hover="function: integer UInt(bits(N) x)">UInt</a>(sz);
integer datasize = esize;
integer elements = 1;
boolean mulx_op = (U == '1');</pstext>
        </ps>
      </ps_section>
    </iclass>
    <iclass name="Vector, half-precision" oneof="4" id="FMUL_asimdelem_RH_H" no_encodings="1" isa="A64">
      <docvars>
        <docvar key="advsimd-reguse" value="2reg-element" />
        <docvar key="datatype" value="half" />
        <docvar key="instr-class" value="advsimd" />
        <docvar key="isa" value="A64" />
        <docvar key="mnemonic" value="FMUL" />
        <docvar key="reguse-datatype" value="2reg-element-half" />
      </docvars>
      <iclassintro count="1"></iclassintro>
      <arch_variants>
        <arch_variant name="ARMv8.2" feature="ARMv8.2-FP16" />
      </arch_variants>
      <regdiagram form="32" psname="aarch64/instrs/vector/arithmetic/binary/element/mul/fp16/simd" tworows="1">
        <box hibit="31" settings="1">
          <c>0</c>
        </box>
        <box hibit="30" name="Q" usename="1">
          <c></c>
        </box>
        <box hibit="29" name="U" usename="1" settings="1" psbits="x">
          <c>0</c>
        </box>
        <box hibit="28" width="5" settings="5">
          <c>0</c>
          <c>1</c>
          <c>1</c>
          <c>1</c>
          <c>1</c>
        </box>
        <box hibit="23" width="2" name="size" settings="2">
          <c>0</c>
          <c>0</c>
        </box>
        <box hibit="21" name="L" usename="1">
          <c></c>
        </box>
        <box hibit="20" name="M" usename="1">
          <c></c>
        </box>
        <box hibit="19" width="4" name="Rm" usename="1">
          <c colspan="4"></c>
        </box>
        <box hibit="15" width="4" name="opcode" settings="4">
          <c>1</c>
          <c>0</c>
          <c>0</c>
          <c>1</c>
        </box>
        <box hibit="11" name="H" usename="1">
          <c></c>
        </box>
        <box hibit="10" settings="1">
          <c>0</c>
        </box>
        <box hibit="9" width="5" name="Rn" usename="1">
          <c colspan="5"></c>
        </box>
        <box hibit="4" width="5" name="Rd" usename="1">
          <c colspan="5"></c>
        </box>
      </regdiagram>
      <encoding name="FMUL_asimdelem_RH_H" oneofinclass="1" oneof="4" label="Vector, half-precision">
        <docvars>
          <docvar key="advsimd-reguse" value="2reg-element" />
          <docvar key="datatype" value="half" />
          <docvar key="instr-class" value="advsimd" />
          <docvar key="isa" value="A64" />
          <docvar key="mnemonic" value="FMUL" />
          <docvar key="reguse-datatype" value="2reg-element-half" />
        </docvars>
        <asmtemplate><text>FMUL  </text><a link="vd" hover="SIMD&amp;FP destination register (field &quot;Rd&quot;)">&lt;Vd&gt;</a><text>.</text><a link="t" hover="Arrangement specifier (field &quot;Q&quot;)">&lt;T&gt;</a><text>, </text><a link="vn" hover="First SIMD&amp;FP source register (field &quot;Rn&quot;)">&lt;Vn&gt;</a><text>.</text><a link="t" hover="Arrangement specifier (field &quot;Q&quot;)">&lt;T&gt;</a><text>, </text><a link="vm" hover="Second SIMD&amp;FP source register [V0-V15] (field &quot;Rm&quot;)">&lt;Vm&gt;</a><text>.H[</text><a link="index" hover="Element index [0-7] (field &quot;H:L:M&quot;)">&lt;index&gt;</a><text>]</text></asmtemplate>
      </encoding>
      <ps_section howmany="1">
        <ps name="aarch64/instrs/vector/arithmetic/binary/element/mul/fp16/simd" mylink="aarch64.instrs.vector.arithmetic.binary.element.mul.fp16.simd" enclabels="" sections="1" secttype="noheading">
          <pstext mayhavelinks="1" section="Decode" rep_section="decode">if !<a link="impl-shared.HaveFP16Ext.0" file="shared_pseudocode.xml" hover="function: boolean HaveFP16Ext()">HaveFP16Ext</a>() then UNDEFINED;

integer idxdsize = if H == '1' then 128 else 64;
integer n = <a link="impl-shared.UInt.1" file="shared_pseudocode.xml" hover="function: integer UInt(bits(N) x)">UInt</a>(Rn);
integer m = <a link="impl-shared.UInt.1" file="shared_pseudocode.xml" hover="function: integer UInt(bits(N) x)">UInt</a>(Rm);
integer d = <a link="impl-shared.UInt.1" file="shared_pseudocode.xml" hover="function: integer UInt(bits(N) x)">UInt</a>(Rd);
integer index = <a link="impl-shared.UInt.1" file="shared_pseudocode.xml" hover="function: integer UInt(bits(N) x)">UInt</a>(H:L:M);

integer esize = 16;
integer datasize = if Q == '1' then 128 else 64;
integer elements = datasize DIV esize;
boolean mulx_op = (U == '1');</pstext>
        </ps>
      </ps_section>
    </iclass>
    <iclass name="Vector, single-precision and double-precision" oneof="4" id="FMUL_asimdelem_R_SD" no_encodings="1" isa="A64">
      <docvars>
        <docvar key="advsimd-reguse" value="2reg-element" />
        <docvar key="datatype" value="single-and-double" />
        <docvar key="instr-class" value="advsimd" />
        <docvar key="isa" value="A64" />
        <docvar key="mnemonic" value="FMUL" />
        <docvar key="reguse-datatype" value="2reg-element-single-and-double" />
      </docvars>
      <iclassintro count="1"></iclassintro>
      <regdiagram form="32" psname="aarch64/instrs/vector/arithmetic/binary/element/mul/fp/simd" tworows="1">
        <box hibit="31" settings="1">
          <c>0</c>
        </box>
        <box hibit="30" name="Q" usename="1">
          <c></c>
        </box>
        <box hibit="29" name="U" usename="1" settings="1" psbits="x">
          <c>0</c>
        </box>
        <box hibit="28" width="5" settings="5">
          <c>0</c>
          <c>1</c>
          <c>1</c>
          <c>1</c>
          <c>1</c>
        </box>
        <box hibit="23" settings="1">
          <c>1</c>
        </box>
        <box hibit="22" name="sz" usename="1">
          <c></c>
        </box>
        <box hibit="21" name="L" usename="1">
          <c></c>
        </box>
        <box hibit="20" name="M" usename="1">
          <c></c>
        </box>
        <box hibit="19" width="4" name="Rm" usename="1">
          <c colspan="4"></c>
        </box>
        <box hibit="15" width="4" name="opcode" settings="4">
          <c>1</c>
          <c>0</c>
          <c>0</c>
          <c>1</c>
        </box>
        <box hibit="11" name="H" usename="1">
          <c></c>
        </box>
        <box hibit="10" settings="1">
          <c>0</c>
        </box>
        <box hibit="9" width="5" name="Rn" usename="1">
          <c colspan="5"></c>
        </box>
        <box hibit="4" width="5" name="Rd" usename="1">
          <c colspan="5"></c>
        </box>
      </regdiagram>
      <encoding name="FMUL_asimdelem_R_SD" oneofinclass="1" oneof="4" label="Vector, single-precision and double-precision">
        <docvars>
          <docvar key="advsimd-reguse" value="2reg-element" />
          <docvar key="datatype" value="single-and-double" />
          <docvar key="instr-class" value="advsimd" />
          <docvar key="isa" value="A64" />
          <docvar key="mnemonic" value="FMUL" />
          <docvar key="reguse-datatype" value="2reg-element-single-and-double" />
        </docvars>
        <asmtemplate><text>FMUL  </text><a link="vd" hover="SIMD&amp;FP destination register (field &quot;Rd&quot;)">&lt;Vd&gt;</a><text>.</text><a link="t_1" hover="Arrangement specifier (field &quot;Q:sz&quot;) [2D,2S,4S]">&lt;T&gt;</a><text>, </text><a link="vn" hover="First SIMD&amp;FP source register (field &quot;Rn&quot;)">&lt;Vn&gt;</a><text>.</text><a link="t_1" hover="Arrangement specifier (field &quot;Q:sz&quot;) [2D,2S,4S]">&lt;T&gt;</a><text>, </text><a link="vm_1" hover="Second SIMD&amp;FP source register (field &quot;M:Rm&quot;)">&lt;Vm&gt;</a><text>.</text><a link="ts" hover="Element size specifier (field &quot;sz&quot;) [D,S]">&lt;Ts&gt;</a><text>[</text><a link="index_1" hover="Element index (field &quot;sz:L:H&quot;) [H,H:L]">&lt;index&gt;</a><text>]</text></asmtemplate>
      </encoding>
      <ps_section howmany="1">
        <ps name="aarch64/instrs/vector/arithmetic/binary/element/mul/fp/simd" mylink="aarch64.instrs.vector.arithmetic.binary.element.mul.fp.simd" enclabels="" sections="1" secttype="noheading">
          <pstext mayhavelinks="1" section="Decode" rep_section="decode">integer idxdsize = if H == '1' then 128 else 64; 
integer index;
bit Rmhi = M;
case sz:L of
    when '0x' index = <a link="impl-shared.UInt.1" file="shared_pseudocode.xml" hover="function: integer UInt(bits(N) x)">UInt</a>(H:L);
    when '10' index = <a link="impl-shared.UInt.1" file="shared_pseudocode.xml" hover="function: integer UInt(bits(N) x)">UInt</a>(H);
    when '11' UNDEFINED;

integer d = <a link="impl-shared.UInt.1" file="shared_pseudocode.xml" hover="function: integer UInt(bits(N) x)">UInt</a>(Rd);
integer n = <a link="impl-shared.UInt.1" file="shared_pseudocode.xml" hover="function: integer UInt(bits(N) x)">UInt</a>(Rn);
integer m = <a link="impl-shared.UInt.1" file="shared_pseudocode.xml" hover="function: integer UInt(bits(N) x)">UInt</a>(Rmhi:Rm);

if sz:Q == '10' then UNDEFINED;
integer esize = 32 &lt;&lt; <a link="impl-shared.UInt.1" file="shared_pseudocode.xml" hover="function: integer UInt(bits(N) x)">UInt</a>(sz);
integer datasize = if Q == '1' then 128 else 64;
integer elements = datasize DIV esize;
boolean mulx_op = (U == '1');</pstext>
        </ps>
      </ps_section>
    </iclass>
  </classes>
  <explanations scope="all">
    <explanation enclist="FMUL_asisdelem_RH_H" symboldefcount="1">
      <symbol link="hd">&lt;Hd&gt;</symbol>
      <account encodedin="Rd">
        <intro>
          <para>Is the 16-bit name of the SIMD&amp;FP destination register, encoded in the "Rd" field.</para>
        </intro>
      </account>
    </explanation>
    <explanation enclist="FMUL_asisdelem_RH_H" symboldefcount="1">
      <symbol link="hn">&lt;Hn&gt;</symbol>
      <account encodedin="Rn">
        <intro>
          <para>Is the 16-bit name of the first SIMD&amp;FP source register, encoded in the "Rn" field.</para>
        </intro>
      </account>
    </explanation>
    <explanation enclist="FMUL_asisdelem_R_SD" symboldefcount="1">
      <symbol link="v">&lt;V&gt;</symbol>
      <definition encodedin="sz">
        <intro>Is a width specifier, </intro>
        <table class="valuetable">
          <tgroup cols="2">
            <thead>
              <row>
                <entry class="bitfield">sz</entry>
                <entry class="symbol">&lt;V&gt;</entry>
              </row>
            </thead>
            <tbody>
              <row>
                <entry class="bitfield">0</entry>
                <entry class="symbol">S</entry>
              </row>
              <row>
                <entry class="bitfield">1</entry>
                <entry class="symbol">D</entry>
              </row>
            </tbody>
          </tgroup>
        </table>
      </definition>
    </explanation>
    <explanation enclist="FMUL_asisdelem_R_SD" symboldefcount="1">
      <symbol link="d">&lt;d&gt;</symbol>
      <account encodedin="Rd">
        <intro>
          <para>Is the number of the SIMD&amp;FP destination register, encoded in the "Rd" field.</para>
        </intro>
      </account>
    </explanation>
    <explanation enclist="FMUL_asisdelem_R_SD" symboldefcount="1">
      <symbol link="n">&lt;n&gt;</symbol>
      <account encodedin="Rn">
        <intro>
          <para>Is the number of the first SIMD&amp;FP source register, encoded in the "Rn" field.</para>
        </intro>
      </account>
    </explanation>
    <explanation enclist="FMUL_asimdelem_RH_H, FMUL_asimdelem_R_SD" symboldefcount="1">
      <symbol link="vd">&lt;Vd&gt;</symbol>
      <account encodedin="Rd">
        <intro>
          <para>Is the name of the SIMD&amp;FP destination register, encoded in the "Rd" field.</para>
        </intro>
      </account>
    </explanation>
    <explanation enclist="FMUL_asimdelem_RH_H" symboldefcount="1">
      <symbol link="t">&lt;T&gt;</symbol>
      <definition encodedin="Q">
        <intro>For the vector, half-precision variant: is an arrangement specifier, </intro>
        <table class="valuetable">
          <tgroup cols="2">
            <thead>
              <row>
                <entry class="bitfield">Q</entry>
                <entry class="symbol">&lt;T&gt;</entry>
              </row>
            </thead>
            <tbody>
              <row>
                <entry class="bitfield">0</entry>
                <entry class="symbol">4H</entry>
              </row>
              <row>
                <entry class="bitfield">1</entry>
                <entry class="symbol">8H</entry>
              </row>
            </tbody>
          </tgroup>
        </table>
      </definition>
    </explanation>
    <explanation enclist="FMUL_asimdelem_R_SD" symboldefcount="2">
      <symbol link="t_1">&lt;T&gt;</symbol>
      <definition encodedin="Q:sz">
        <intro>For the vector, single-precision and double-precision variant: is an arrangement specifier, </intro>
        <table class="valuetable">
          <tgroup cols="3">
            <thead>
              <row>
                <entry class="bitfield">Q</entry>
                <entry class="bitfield">sz</entry>
                <entry class="symbol">&lt;T&gt;</entry>
              </row>
            </thead>
            <tbody>
              <row>
                <entry class="bitfield">0</entry>
                <entry class="bitfield">0</entry>
                <entry class="symbol">2S</entry>
              </row>
              <row>
                <entry class="bitfield">0</entry>
                <entry class="bitfield">1</entry>
                <entry class="symbol">RESERVED</entry>
              </row>
              <row>
                <entry class="bitfield">1</entry>
                <entry class="bitfield">0</entry>
                <entry class="symbol">4S</entry>
              </row>
              <row>
                <entry class="bitfield">1</entry>
                <entry class="bitfield">1</entry>
                <entry class="symbol">2D</entry>
              </row>
            </tbody>
          </tgroup>
        </table>
      </definition>
    </explanation>
    <explanation enclist="FMUL_asimdelem_RH_H, FMUL_asimdelem_R_SD" symboldefcount="1">
      <symbol link="vn">&lt;Vn&gt;</symbol>
      <account encodedin="Rn">
        <intro>
          <para>Is the name of the first SIMD&amp;FP source register, encoded in the "Rn" field.</para>
        </intro>
      </account>
    </explanation>
    <explanation enclist="FMUL_asimdelem_RH_H, FMUL_asisdelem_RH_H" symboldefcount="1">
      <symbol link="vm">&lt;Vm&gt;</symbol>
      <account encodedin="Rm">
        <docvars>
          <docvar key="datatype" value="half" />
        </docvars>
        <intro>
          <para>For the half-precision variant: is the name of the second SIMD&amp;FP source register, in the range V0 to V15, encoded in the "Rm" field.</para>
        </intro>
      </account>
    </explanation>
    <explanation enclist="FMUL_asimdelem_R_SD, FMUL_asisdelem_R_SD" symboldefcount="2">
      <symbol link="vm_1">&lt;Vm&gt;</symbol>
      <account encodedin="M:Rm">
        <docvars>
          <docvar key="datatype" value="single-and-double" />
        </docvars>
        <intro>
          <para>For the single-precision and double-precision variant: is the name of the second SIMD&amp;FP source register, encoded in the "M:Rm" fields.</para>
        </intro>
      </account>
    </explanation>
    <explanation enclist="FMUL_asimdelem_R_SD, FMUL_asisdelem_R_SD" symboldefcount="1">
      <symbol link="ts">&lt;Ts&gt;</symbol>
      <definition encodedin="sz">
        <intro>Is an element size specifier, </intro>
        <table class="valuetable">
          <tgroup cols="2">
            <thead>
              <row>
                <entry class="bitfield">sz</entry>
                <entry class="symbol">&lt;Ts&gt;</entry>
              </row>
            </thead>
            <tbody>
              <row>
                <entry class="bitfield">0</entry>
                <entry class="symbol">S</entry>
              </row>
              <row>
                <entry class="bitfield">1</entry>
                <entry class="symbol">D</entry>
              </row>
            </tbody>
          </tgroup>
        </table>
      </definition>
    </explanation>
    <explanation enclist="FMUL_asimdelem_RH_H, FMUL_asisdelem_RH_H" symboldefcount="1">
      <symbol link="index">&lt;index&gt;</symbol>
      <account encodedin="H:L:M">
        <docvars>
          <docvar key="datatype" value="half" />
        </docvars>
        <intro>
          <para>For the half-precision variant: is the element index, in the range 0 to 7, encoded in the "H:L:M" fields.</para>
        </intro>
      </account>
    </explanation>
    <explanation enclist="FMUL_asimdelem_R_SD, FMUL_asisdelem_R_SD" symboldefcount="2">
      <symbol link="index_1">&lt;index&gt;</symbol>
      <definition encodedin="sz:L:H">
        <intro>For the single-precision and double-precision variant: is the element index, </intro>
        <table class="valuetable">
          <tgroup cols="3">
            <thead>
              <row>
                <entry class="bitfield">sz</entry>
                <entry class="bitfield">L</entry>
                <entry class="symbol">&lt;index&gt;</entry>
              </row>
            </thead>
            <tbody>
              <row>
                <entry class="bitfield">0</entry>
                <entry class="bitfield">x</entry>
                <entry class="symbol">H:L</entry>
              </row>
              <row>
                <entry class="bitfield">1</entry>
                <entry class="bitfield">0</entry>
                <entry class="symbol">H</entry>
              </row>
              <row>
                <entry class="bitfield">1</entry>
                <entry class="bitfield">1</entry>
                <entry class="symbol">RESERVED</entry>
              </row>
            </tbody>
          </tgroup>
        </table>
      </definition>
    </explanation>
  </explanations>
  <ps_section howmany="1">
    <ps name="aarch64/instrs/vector/arithmetic/binary/element/mul/fp16/sisd" mylink="commonps" enclabels="" sections="1" secttype="Operation">
      <pstext mayhavelinks="1" section="Execute" rep_section="execute"><a link="impl-aarch64.CheckFPAdvSIMDEnabled64.0" file="shared_pseudocode.xml" hover="function: CheckFPAdvSIMDEnabled64()">CheckFPAdvSIMDEnabled64</a>();
bits(datasize) operand1 = <a link="impl-aarch64.V.read.1" file="shared_pseudocode.xml" hover="accessor: bits(width) V[integer n]">V</a>[n];
bits(idxdsize) operand2 = <a link="impl-aarch64.V.read.1" file="shared_pseudocode.xml" hover="accessor: bits(width) V[integer n]">V</a>[m];
bits(datasize) result;
bits(esize) element1;
bits(esize) element2 = <a link="impl-shared.Elem.read.3" file="shared_pseudocode.xml" hover="accessor: bits(size) Elem[bits(N) vector, integer e, integer size]">Elem</a>[operand2, index, esize];

for e = 0 to elements-1
    element1 = <a link="impl-shared.Elem.read.3" file="shared_pseudocode.xml" hover="accessor: bits(size) Elem[bits(N) vector, integer e, integer size]">Elem</a>[operand1, e, esize];
    if mulx_op then
        <a link="impl-shared.Elem.write.3" file="shared_pseudocode.xml" hover="accessor: Elem[bits(N) &amp;vector, integer e, integer size] = bits(size) value">Elem</a>[result, e, esize] = <a link="impl-shared.FPMulX.3" file="shared_pseudocode.xml" hover="function: bits(N) FPMulX(bits(N) op1, bits(N) op2, FPCRType fpcr)">FPMulX</a>(element1, element2, FPCR);
    else
        <a link="impl-shared.Elem.write.3" file="shared_pseudocode.xml" hover="accessor: Elem[bits(N) &amp;vector, integer e, integer size] = bits(size) value">Elem</a>[result, e, esize] = <a link="impl-shared.FPMul.3" file="shared_pseudocode.xml" hover="function: bits(N) FPMul(bits(N) op1, bits(N) op2, FPCRType fpcr)">FPMul</a>(element1, element2, FPCR);

<a link="impl-aarch64.V.write.1" file="shared_pseudocode.xml" hover="accessor: V[integer n] = bits(width) value">V</a>[d] = result;</pstext>
    </ps>
  </ps_section>
</instructionsection>
