<?xml version="1.0" encoding="utf-8"?>
<?xml-stylesheet type="text/xsl" encoding="UTF-8" href="iform.xsl" version="1.0"?>
<!DOCTYPE instructionsection PUBLIC "-//ARM//DTD instructionsection //EN" "iform-p.dtd">
<!-- Copyright (c) 2010-2020 Arm Limited or its affiliates. All rights reserved. -->
<!-- This document is Non-Confidential. This document may only be used and distributed in accordance with the terms of the agreement entered into by Arm and the party that Arm delivered this document to. -->

<instructionsection id="frinta_z_p_z" title="FRINT&lt;r&gt;" type="instruction">
  <docvars>
    <docvar key="instr-class" value="sve" />
    <docvar key="isa" value="A64" />
  </docvars>
  <heading>FRINT&lt;r&gt;</heading>
  <desc>
    <brief>Floating-point round to integral value (predicated)</brief>
    <description>
      <para>Round to an integral floating-point value with the specified rounding option from each active floating-point element of the source vector, and place the results in the corresponding elements of the destination vector. Inactive elements in the destination vector register remain unmodified.</para>
      <para />
      <para>The <syntax>&lt;r&gt;</syntax> symbol specifies one of the following rounding options: <syntax>N</syntax> (to nearest, with ties to even), <syntax>A</syntax> (to nearest, with ties away from zero), <syntax>M</syntax> (toward minus Infinity), <syntax>P</syntax> (toward plus Infinity), <syntax>Z</syntax> (toward zero), <syntax>I</syntax> (current FPCR rounding mode), or <syntax>X</syntax> (current FPCR rounding mode, signalling inexact).</para>
    </description>
    <status>Green</status>
    <predicated>True</predicated>
    <takes_movprfx>True</takes_movprfx>
    <takes_pred_movprfx>True</takes_pred_movprfx>
  </desc>
  <alias_list howmany="0"></alias_list>
  <classes>
    <classesintro count="7">
      <txt>It has encodings from 7 classes:</txt>
      <a href="#frinti_z_p_z_">Current mode</a>
      <txt>, </txt>
      <a href="#frintx_z_p_z_">Current mode signalling inexact</a>
      <txt>, </txt>
      <a href="#frinta_z_p_z_">Nearest with ties to away</a>
      <txt>, </txt>
      <a href="#frintn_z_p_z_">Nearest with ties to even</a>
      <txt>, </txt>
      <a href="#frintz_z_p_z_">Toward zero</a>
      <txt>, </txt>
      <a href="#frintm_z_p_z_">Toward minus infinity</a>
      <txt> and </txt>
      <a href="#frintp_z_p_z_">Toward plus infinity</a>
    </classesintro>
    <iclass name="Current mode" oneof="7" id="frinti_z_p_z_" no_encodings="1" isa="A64">
      <docvars>
        <docvar key="frint-type" value="frint-i" />
        <docvar key="instr-class" value="sve" />
        <docvar key="isa" value="A64" />
        <docvar key="mnemonic" value="FRINTI" />
      </docvars>
      <iclassintro count="1"></iclassintro>
      <regdiagram form="32" psname="FRINTI-Z.P.Z-_">
        <box hibit="31" width="8" settings="8">
          <c>0</c>
          <c>1</c>
          <c>1</c>
          <c>0</c>
          <c>0</c>
          <c>1</c>
          <c>0</c>
          <c>1</c>
        </box>
        <box hibit="23" width="2" name="size" usename="1">
          <c colspan="2"></c>
        </box>
        <box hibit="21" width="3" settings="3">
          <c>0</c>
          <c>0</c>
          <c>0</c>
        </box>
        <box hibit="18" width="2" name="opc&lt;2:1&gt;" settings="2">
          <c>1</c>
          <c>1</c>
        </box>
        <box hibit="16" name="opc&lt;0&gt;" settings="1">
          <c>1</c>
        </box>
        <box hibit="15" width="3" settings="3">
          <c>1</c>
          <c>0</c>
          <c>1</c>
        </box>
        <box hibit="12" width="3" name="Pg" usename="1">
          <c colspan="3"></c>
        </box>
        <box hibit="9" width="5" name="Zn" usename="1">
          <c colspan="5"></c>
        </box>
        <box hibit="4" width="5" name="Zd" usename="1">
          <c colspan="5"></c>
        </box>
      </regdiagram>
      <encoding name="frinti_z_p_z_" oneofinclass="1" oneof="7" label="Current mode">
        <docvars>
          <docvar key="frint-type" value="frint-i" />
          <docvar key="instr-class" value="sve" />
          <docvar key="isa" value="A64" />
          <docvar key="mnemonic" value="FRINTI" />
        </docvars>
        <asmtemplate><text>FRINTI  </text><a link="zd" hover="Destination scalable vector register (field &quot;Zd&quot;)">&lt;Zd&gt;</a><text>.</text><a link="t" hover="Size specifier (field &quot;size&quot;) [D,H,S]">&lt;T&gt;</a><text>, </text><a link="pg" hover="Governing scalable predicate register P0-P7 (field &quot;Pg&quot;)">&lt;Pg&gt;</a><text>/M, </text><a link="zn" hover="Source scalable vector register (field &quot;Zn&quot;)">&lt;Zn&gt;</a><text>.</text><a link="t" hover="Size specifier (field &quot;size&quot;) [D,H,S]">&lt;T&gt;</a></asmtemplate>
      </encoding>
      <ps_section howmany="1">
        <ps name="FRINTI-Z.P.Z-_" mylink="FRINTI-Z.P.Z-_" enclabels="" sections="1" secttype="noheading">
          <pstext mayhavelinks="1" section="Decode" rep_section="decode">if !<a link="impl-aarch64.HaveSVE.0" file="shared_pseudocode.xml" hover="function: boolean HaveSVE()">HaveSVE</a>() then UNDEFINED;
if size == '00' then UNDEFINED;
integer esize = 8 &lt;&lt; <a link="impl-shared.UInt.1" file="shared_pseudocode.xml" hover="function: integer UInt(bits(N) x)">UInt</a>(size);
integer g = <a link="impl-shared.UInt.1" file="shared_pseudocode.xml" hover="function: integer UInt(bits(N) x)">UInt</a>(Pg);
integer n = <a link="impl-shared.UInt.1" file="shared_pseudocode.xml" hover="function: integer UInt(bits(N) x)">UInt</a>(Zn);
integer d = <a link="impl-shared.UInt.1" file="shared_pseudocode.xml" hover="function: integer UInt(bits(N) x)">UInt</a>(Zd);
boolean exact = FALSE;
<a link="FPRounding" file="shared_pseudocode.xml" hover="enumeration FPRounding  {FPRounding_TIEEVEN, FPRounding_POSINF, FPRounding_NEGINF,  FPRounding_ZERO, FPRounding_TIEAWAY, FPRounding_ODD}">FPRounding</a> rounding = <a link="impl-shared.FPRoundingMode.1" file="shared_pseudocode.xml" hover="function: FPRounding FPRoundingMode(FPCRType fpcr)">FPRoundingMode</a>(FPCR&lt;31:0&gt;);</pstext>
        </ps>
      </ps_section>
    </iclass>
    <iclass name="Current mode signalling inexact" oneof="7" id="frintx_z_p_z_" no_encodings="1" isa="A64">
      <docvars>
        <docvar key="frint-type" value="frint-x" />
        <docvar key="instr-class" value="sve" />
        <docvar key="isa" value="A64" />
        <docvar key="mnemonic" value="FRINTX" />
      </docvars>
      <iclassintro count="1"></iclassintro>
      <regdiagram form="32" psname="FRINTX-Z.P.Z-_">
        <box hibit="31" width="8" settings="8">
          <c>0</c>
          <c>1</c>
          <c>1</c>
          <c>0</c>
          <c>0</c>
          <c>1</c>
          <c>0</c>
          <c>1</c>
        </box>
        <box hibit="23" width="2" name="size" usename="1">
          <c colspan="2"></c>
        </box>
        <box hibit="21" width="3" settings="3">
          <c>0</c>
          <c>0</c>
          <c>0</c>
        </box>
        <box hibit="18" width="2" name="opc&lt;2:1&gt;" settings="2">
          <c>1</c>
          <c>1</c>
        </box>
        <box hibit="16" name="opc&lt;0&gt;" settings="1">
          <c>0</c>
        </box>
        <box hibit="15" width="3" settings="3">
          <c>1</c>
          <c>0</c>
          <c>1</c>
        </box>
        <box hibit="12" width="3" name="Pg" usename="1">
          <c colspan="3"></c>
        </box>
        <box hibit="9" width="5" name="Zn" usename="1">
          <c colspan="5"></c>
        </box>
        <box hibit="4" width="5" name="Zd" usename="1">
          <c colspan="5"></c>
        </box>
      </regdiagram>
      <encoding name="frintx_z_p_z_" oneofinclass="1" oneof="7" label="Current mode signalling inexact">
        <docvars>
          <docvar key="frint-type" value="frint-x" />
          <docvar key="instr-class" value="sve" />
          <docvar key="isa" value="A64" />
          <docvar key="mnemonic" value="FRINTX" />
        </docvars>
        <asmtemplate><text>FRINTX  </text><a link="zd" hover="Destination scalable vector register (field &quot;Zd&quot;)">&lt;Zd&gt;</a><text>.</text><a link="t" hover="Size specifier (field &quot;size&quot;) [D,H,S]">&lt;T&gt;</a><text>, </text><a link="pg" hover="Governing scalable predicate register P0-P7 (field &quot;Pg&quot;)">&lt;Pg&gt;</a><text>/M, </text><a link="zn" hover="Source scalable vector register (field &quot;Zn&quot;)">&lt;Zn&gt;</a><text>.</text><a link="t" hover="Size specifier (field &quot;size&quot;) [D,H,S]">&lt;T&gt;</a></asmtemplate>
      </encoding>
      <ps_section howmany="1">
        <ps name="FRINTX-Z.P.Z-_" mylink="FRINTX-Z.P.Z-_" enclabels="" sections="1" secttype="noheading">
          <pstext mayhavelinks="1" section="Decode" rep_section="decode">if !<a link="impl-aarch64.HaveSVE.0" file="shared_pseudocode.xml" hover="function: boolean HaveSVE()">HaveSVE</a>() then UNDEFINED;
if size == '00' then UNDEFINED;
integer esize = 8 &lt;&lt; <a link="impl-shared.UInt.1" file="shared_pseudocode.xml" hover="function: integer UInt(bits(N) x)">UInt</a>(size);
integer g = <a link="impl-shared.UInt.1" file="shared_pseudocode.xml" hover="function: integer UInt(bits(N) x)">UInt</a>(Pg);
integer n = <a link="impl-shared.UInt.1" file="shared_pseudocode.xml" hover="function: integer UInt(bits(N) x)">UInt</a>(Zn);
integer d = <a link="impl-shared.UInt.1" file="shared_pseudocode.xml" hover="function: integer UInt(bits(N) x)">UInt</a>(Zd);
boolean exact = TRUE;
<a link="FPRounding" file="shared_pseudocode.xml" hover="enumeration FPRounding  {FPRounding_TIEEVEN, FPRounding_POSINF, FPRounding_NEGINF,  FPRounding_ZERO, FPRounding_TIEAWAY, FPRounding_ODD}">FPRounding</a> rounding = <a link="impl-shared.FPRoundingMode.1" file="shared_pseudocode.xml" hover="function: FPRounding FPRoundingMode(FPCRType fpcr)">FPRoundingMode</a>(FPCR&lt;31:0&gt;);</pstext>
        </ps>
      </ps_section>
    </iclass>
    <iclass name="Nearest with ties to away" oneof="7" id="frinta_z_p_z_" no_encodings="1" isa="A64">
      <docvars>
        <docvar key="frint-type" value="frint-a" />
        <docvar key="instr-class" value="sve" />
        <docvar key="isa" value="A64" />
        <docvar key="mnemonic" value="FRINTA" />
      </docvars>
      <iclassintro count="1"></iclassintro>
      <regdiagram form="32" psname="FRINTA-Z.P.Z-_">
        <box hibit="31" width="8" settings="8">
          <c>0</c>
          <c>1</c>
          <c>1</c>
          <c>0</c>
          <c>0</c>
          <c>1</c>
          <c>0</c>
          <c>1</c>
        </box>
        <box hibit="23" width="2" name="size" usename="1">
          <c colspan="2"></c>
        </box>
        <box hibit="21" width="3" settings="3">
          <c>0</c>
          <c>0</c>
          <c>0</c>
        </box>
        <box hibit="18" width="2" name="opc&lt;2:1&gt;" settings="2">
          <c>1</c>
          <c>0</c>
        </box>
        <box hibit="16" name="opc&lt;0&gt;" settings="1">
          <c>0</c>
        </box>
        <box hibit="15" width="3" settings="3">
          <c>1</c>
          <c>0</c>
          <c>1</c>
        </box>
        <box hibit="12" width="3" name="Pg" usename="1">
          <c colspan="3"></c>
        </box>
        <box hibit="9" width="5" name="Zn" usename="1">
          <c colspan="5"></c>
        </box>
        <box hibit="4" width="5" name="Zd" usename="1">
          <c colspan="5"></c>
        </box>
      </regdiagram>
      <encoding name="frinta_z_p_z_" oneofinclass="1" oneof="7" label="Nearest with ties to away">
        <docvars>
          <docvar key="frint-type" value="frint-a" />
          <docvar key="instr-class" value="sve" />
          <docvar key="isa" value="A64" />
          <docvar key="mnemonic" value="FRINTA" />
        </docvars>
        <asmtemplate><text>FRINTA  </text><a link="zd" hover="Destination scalable vector register (field &quot;Zd&quot;)">&lt;Zd&gt;</a><text>.</text><a link="t" hover="Size specifier (field &quot;size&quot;) [D,H,S]">&lt;T&gt;</a><text>, </text><a link="pg" hover="Governing scalable predicate register P0-P7 (field &quot;Pg&quot;)">&lt;Pg&gt;</a><text>/M, </text><a link="zn" hover="Source scalable vector register (field &quot;Zn&quot;)">&lt;Zn&gt;</a><text>.</text><a link="t" hover="Size specifier (field &quot;size&quot;) [D,H,S]">&lt;T&gt;</a></asmtemplate>
      </encoding>
      <ps_section howmany="1">
        <ps name="FRINTA-Z.P.Z-_" mylink="FRINTA-Z.P.Z-_" enclabels="" sections="1" secttype="noheading">
          <pstext mayhavelinks="1" section="Decode" rep_section="decode">if !<a link="impl-aarch64.HaveSVE.0" file="shared_pseudocode.xml" hover="function: boolean HaveSVE()">HaveSVE</a>() then UNDEFINED;
if size == '00' then UNDEFINED;
integer esize = 8 &lt;&lt; <a link="impl-shared.UInt.1" file="shared_pseudocode.xml" hover="function: integer UInt(bits(N) x)">UInt</a>(size);
integer g = <a link="impl-shared.UInt.1" file="shared_pseudocode.xml" hover="function: integer UInt(bits(N) x)">UInt</a>(Pg);
integer n = <a link="impl-shared.UInt.1" file="shared_pseudocode.xml" hover="function: integer UInt(bits(N) x)">UInt</a>(Zn);
integer d = <a link="impl-shared.UInt.1" file="shared_pseudocode.xml" hover="function: integer UInt(bits(N) x)">UInt</a>(Zd);
boolean exact = FALSE;
<a link="FPRounding" file="shared_pseudocode.xml" hover="enumeration FPRounding  {FPRounding_TIEEVEN, FPRounding_POSINF, FPRounding_NEGINF,  FPRounding_ZERO, FPRounding_TIEAWAY, FPRounding_ODD}">FPRounding</a> rounding = <a link="FPRounding_TIEAWAY" file="shared_pseudocode.xml" hover="enumeration FPRounding  {FPRounding_TIEEVEN, FPRounding_POSINF, FPRounding_NEGINF,  FPRounding_ZERO, FPRounding_TIEAWAY, FPRounding_ODD}">FPRounding_TIEAWAY</a>;</pstext>
        </ps>
      </ps_section>
    </iclass>
    <iclass name="Nearest with ties to even" oneof="7" id="frintn_z_p_z_" no_encodings="1" isa="A64">
      <docvars>
        <docvar key="frint-type" value="frint-n" />
        <docvar key="instr-class" value="sve" />
        <docvar key="isa" value="A64" />
        <docvar key="mnemonic" value="FRINTN" />
      </docvars>
      <iclassintro count="1"></iclassintro>
      <regdiagram form="32" psname="FRINTN-Z.P.Z-_">
        <box hibit="31" width="8" settings="8">
          <c>0</c>
          <c>1</c>
          <c>1</c>
          <c>0</c>
          <c>0</c>
          <c>1</c>
          <c>0</c>
          <c>1</c>
        </box>
        <box hibit="23" width="2" name="size" usename="1">
          <c colspan="2"></c>
        </box>
        <box hibit="21" width="3" settings="3">
          <c>0</c>
          <c>0</c>
          <c>0</c>
        </box>
        <box hibit="18" width="2" name="opc&lt;2:1&gt;" settings="2">
          <c>0</c>
          <c>0</c>
        </box>
        <box hibit="16" name="opc&lt;0&gt;" settings="1">
          <c>0</c>
        </box>
        <box hibit="15" width="3" settings="3">
          <c>1</c>
          <c>0</c>
          <c>1</c>
        </box>
        <box hibit="12" width="3" name="Pg" usename="1">
          <c colspan="3"></c>
        </box>
        <box hibit="9" width="5" name="Zn" usename="1">
          <c colspan="5"></c>
        </box>
        <box hibit="4" width="5" name="Zd" usename="1">
          <c colspan="5"></c>
        </box>
      </regdiagram>
      <encoding name="frintn_z_p_z_" oneofinclass="1" oneof="7" label="Nearest with ties to even">
        <docvars>
          <docvar key="frint-type" value="frint-n" />
          <docvar key="instr-class" value="sve" />
          <docvar key="isa" value="A64" />
          <docvar key="mnemonic" value="FRINTN" />
        </docvars>
        <asmtemplate><text>FRINTN  </text><a link="zd" hover="Destination scalable vector register (field &quot;Zd&quot;)">&lt;Zd&gt;</a><text>.</text><a link="t" hover="Size specifier (field &quot;size&quot;) [D,H,S]">&lt;T&gt;</a><text>, </text><a link="pg" hover="Governing scalable predicate register P0-P7 (field &quot;Pg&quot;)">&lt;Pg&gt;</a><text>/M, </text><a link="zn" hover="Source scalable vector register (field &quot;Zn&quot;)">&lt;Zn&gt;</a><text>.</text><a link="t" hover="Size specifier (field &quot;size&quot;) [D,H,S]">&lt;T&gt;</a></asmtemplate>
      </encoding>
      <ps_section howmany="1">
        <ps name="FRINTN-Z.P.Z-_" mylink="FRINTN-Z.P.Z-_" enclabels="" sections="1" secttype="noheading">
          <pstext mayhavelinks="1" section="Decode" rep_section="decode">if !<a link="impl-aarch64.HaveSVE.0" file="shared_pseudocode.xml" hover="function: boolean HaveSVE()">HaveSVE</a>() then UNDEFINED;
if size == '00' then UNDEFINED;
integer esize = 8 &lt;&lt; <a link="impl-shared.UInt.1" file="shared_pseudocode.xml" hover="function: integer UInt(bits(N) x)">UInt</a>(size);
integer g = <a link="impl-shared.UInt.1" file="shared_pseudocode.xml" hover="function: integer UInt(bits(N) x)">UInt</a>(Pg);
integer n = <a link="impl-shared.UInt.1" file="shared_pseudocode.xml" hover="function: integer UInt(bits(N) x)">UInt</a>(Zn);
integer d = <a link="impl-shared.UInt.1" file="shared_pseudocode.xml" hover="function: integer UInt(bits(N) x)">UInt</a>(Zd);
boolean exact = FALSE;
<a link="FPRounding" file="shared_pseudocode.xml" hover="enumeration FPRounding  {FPRounding_TIEEVEN, FPRounding_POSINF, FPRounding_NEGINF,  FPRounding_ZERO, FPRounding_TIEAWAY, FPRounding_ODD}">FPRounding</a> rounding = <a link="FPRounding_TIEEVEN" file="shared_pseudocode.xml" hover="enumeration FPRounding  {FPRounding_TIEEVEN, FPRounding_POSINF, FPRounding_NEGINF,  FPRounding_ZERO, FPRounding_TIEAWAY, FPRounding_ODD}">FPRounding_TIEEVEN</a>;</pstext>
        </ps>
      </ps_section>
    </iclass>
    <iclass name="Toward zero" oneof="7" id="frintz_z_p_z_" no_encodings="1" isa="A64">
      <docvars>
        <docvar key="frint-type" value="frint-z" />
        <docvar key="instr-class" value="sve" />
        <docvar key="isa" value="A64" />
        <docvar key="mnemonic" value="FRINTZ" />
      </docvars>
      <iclassintro count="1"></iclassintro>
      <regdiagram form="32" psname="FRINTZ-Z.P.Z-_">
        <box hibit="31" width="8" settings="8">
          <c>0</c>
          <c>1</c>
          <c>1</c>
          <c>0</c>
          <c>0</c>
          <c>1</c>
          <c>0</c>
          <c>1</c>
        </box>
        <box hibit="23" width="2" name="size" usename="1">
          <c colspan="2"></c>
        </box>
        <box hibit="21" width="3" settings="3">
          <c>0</c>
          <c>0</c>
          <c>0</c>
        </box>
        <box hibit="18" width="2" name="opc&lt;2:1&gt;" settings="2">
          <c>0</c>
          <c>1</c>
        </box>
        <box hibit="16" name="opc&lt;0&gt;" settings="1">
          <c>1</c>
        </box>
        <box hibit="15" width="3" settings="3">
          <c>1</c>
          <c>0</c>
          <c>1</c>
        </box>
        <box hibit="12" width="3" name="Pg" usename="1">
          <c colspan="3"></c>
        </box>
        <box hibit="9" width="5" name="Zn" usename="1">
          <c colspan="5"></c>
        </box>
        <box hibit="4" width="5" name="Zd" usename="1">
          <c colspan="5"></c>
        </box>
      </regdiagram>
      <encoding name="frintz_z_p_z_" oneofinclass="1" oneof="7" label="Toward zero">
        <docvars>
          <docvar key="frint-type" value="frint-z" />
          <docvar key="instr-class" value="sve" />
          <docvar key="isa" value="A64" />
          <docvar key="mnemonic" value="FRINTZ" />
        </docvars>
        <asmtemplate><text>FRINTZ  </text><a link="zd" hover="Destination scalable vector register (field &quot;Zd&quot;)">&lt;Zd&gt;</a><text>.</text><a link="t" hover="Size specifier (field &quot;size&quot;) [D,H,S]">&lt;T&gt;</a><text>, </text><a link="pg" hover="Governing scalable predicate register P0-P7 (field &quot;Pg&quot;)">&lt;Pg&gt;</a><text>/M, </text><a link="zn" hover="Source scalable vector register (field &quot;Zn&quot;)">&lt;Zn&gt;</a><text>.</text><a link="t" hover="Size specifier (field &quot;size&quot;) [D,H,S]">&lt;T&gt;</a></asmtemplate>
      </encoding>
      <ps_section howmany="1">
        <ps name="FRINTZ-Z.P.Z-_" mylink="FRINTZ-Z.P.Z-_" enclabels="" sections="1" secttype="noheading">
          <pstext mayhavelinks="1" section="Decode" rep_section="decode">if !<a link="impl-aarch64.HaveSVE.0" file="shared_pseudocode.xml" hover="function: boolean HaveSVE()">HaveSVE</a>() then UNDEFINED;
if size == '00' then UNDEFINED;
integer esize = 8 &lt;&lt; <a link="impl-shared.UInt.1" file="shared_pseudocode.xml" hover="function: integer UInt(bits(N) x)">UInt</a>(size);
integer g = <a link="impl-shared.UInt.1" file="shared_pseudocode.xml" hover="function: integer UInt(bits(N) x)">UInt</a>(Pg);
integer n = <a link="impl-shared.UInt.1" file="shared_pseudocode.xml" hover="function: integer UInt(bits(N) x)">UInt</a>(Zn);
integer d = <a link="impl-shared.UInt.1" file="shared_pseudocode.xml" hover="function: integer UInt(bits(N) x)">UInt</a>(Zd);
boolean exact = FALSE;
<a link="FPRounding" file="shared_pseudocode.xml" hover="enumeration FPRounding  {FPRounding_TIEEVEN, FPRounding_POSINF, FPRounding_NEGINF,  FPRounding_ZERO, FPRounding_TIEAWAY, FPRounding_ODD}">FPRounding</a> rounding = <a link="FPRounding_ZERO" file="shared_pseudocode.xml" hover="enumeration FPRounding  {FPRounding_TIEEVEN, FPRounding_POSINF, FPRounding_NEGINF,  FPRounding_ZERO, FPRounding_TIEAWAY, FPRounding_ODD}">FPRounding_ZERO</a>;</pstext>
        </ps>
      </ps_section>
    </iclass>
    <iclass name="Toward minus infinity" oneof="7" id="frintm_z_p_z_" no_encodings="1" isa="A64">
      <docvars>
        <docvar key="frint-type" value="frint-m" />
        <docvar key="instr-class" value="sve" />
        <docvar key="isa" value="A64" />
        <docvar key="mnemonic" value="FRINTM" />
      </docvars>
      <iclassintro count="1"></iclassintro>
      <regdiagram form="32" psname="FRINTM-Z.P.Z-_">
        <box hibit="31" width="8" settings="8">
          <c>0</c>
          <c>1</c>
          <c>1</c>
          <c>0</c>
          <c>0</c>
          <c>1</c>
          <c>0</c>
          <c>1</c>
        </box>
        <box hibit="23" width="2" name="size" usename="1">
          <c colspan="2"></c>
        </box>
        <box hibit="21" width="3" settings="3">
          <c>0</c>
          <c>0</c>
          <c>0</c>
        </box>
        <box hibit="18" width="2" name="opc&lt;2:1&gt;" settings="2">
          <c>0</c>
          <c>1</c>
        </box>
        <box hibit="16" name="opc&lt;0&gt;" settings="1">
          <c>0</c>
        </box>
        <box hibit="15" width="3" settings="3">
          <c>1</c>
          <c>0</c>
          <c>1</c>
        </box>
        <box hibit="12" width="3" name="Pg" usename="1">
          <c colspan="3"></c>
        </box>
        <box hibit="9" width="5" name="Zn" usename="1">
          <c colspan="5"></c>
        </box>
        <box hibit="4" width="5" name="Zd" usename="1">
          <c colspan="5"></c>
        </box>
      </regdiagram>
      <encoding name="frintm_z_p_z_" oneofinclass="1" oneof="7" label="Toward minus infinity">
        <docvars>
          <docvar key="frint-type" value="frint-m" />
          <docvar key="instr-class" value="sve" />
          <docvar key="isa" value="A64" />
          <docvar key="mnemonic" value="FRINTM" />
        </docvars>
        <asmtemplate><text>FRINTM  </text><a link="zd" hover="Destination scalable vector register (field &quot;Zd&quot;)">&lt;Zd&gt;</a><text>.</text><a link="t" hover="Size specifier (field &quot;size&quot;) [D,H,S]">&lt;T&gt;</a><text>, </text><a link="pg" hover="Governing scalable predicate register P0-P7 (field &quot;Pg&quot;)">&lt;Pg&gt;</a><text>/M, </text><a link="zn" hover="Source scalable vector register (field &quot;Zn&quot;)">&lt;Zn&gt;</a><text>.</text><a link="t" hover="Size specifier (field &quot;size&quot;) [D,H,S]">&lt;T&gt;</a></asmtemplate>
      </encoding>
      <ps_section howmany="1">
        <ps name="FRINTM-Z.P.Z-_" mylink="FRINTM-Z.P.Z-_" enclabels="" sections="1" secttype="noheading">
          <pstext mayhavelinks="1" section="Decode" rep_section="decode">if !<a link="impl-aarch64.HaveSVE.0" file="shared_pseudocode.xml" hover="function: boolean HaveSVE()">HaveSVE</a>() then UNDEFINED;
if size == '00' then UNDEFINED;
integer esize = 8 &lt;&lt; <a link="impl-shared.UInt.1" file="shared_pseudocode.xml" hover="function: integer UInt(bits(N) x)">UInt</a>(size);
integer g = <a link="impl-shared.UInt.1" file="shared_pseudocode.xml" hover="function: integer UInt(bits(N) x)">UInt</a>(Pg);
integer n = <a link="impl-shared.UInt.1" file="shared_pseudocode.xml" hover="function: integer UInt(bits(N) x)">UInt</a>(Zn);
integer d = <a link="impl-shared.UInt.1" file="shared_pseudocode.xml" hover="function: integer UInt(bits(N) x)">UInt</a>(Zd);
boolean exact = FALSE;
<a link="FPRounding" file="shared_pseudocode.xml" hover="enumeration FPRounding  {FPRounding_TIEEVEN, FPRounding_POSINF, FPRounding_NEGINF,  FPRounding_ZERO, FPRounding_TIEAWAY, FPRounding_ODD}">FPRounding</a> rounding = <a link="FPRounding_NEGINF" file="shared_pseudocode.xml" hover="enumeration FPRounding  {FPRounding_TIEEVEN, FPRounding_POSINF, FPRounding_NEGINF,  FPRounding_ZERO, FPRounding_TIEAWAY, FPRounding_ODD}">FPRounding_NEGINF</a>;</pstext>
        </ps>
      </ps_section>
    </iclass>
    <iclass name="Toward plus infinity" oneof="7" id="frintp_z_p_z_" no_encodings="1" isa="A64">
      <docvars>
        <docvar key="frint-type" value="frint-p" />
        <docvar key="instr-class" value="sve" />
        <docvar key="isa" value="A64" />
        <docvar key="mnemonic" value="FRINTP" />
      </docvars>
      <iclassintro count="1"></iclassintro>
      <regdiagram form="32" psname="FRINTP-Z.P.Z-_">
        <box hibit="31" width="8" settings="8">
          <c>0</c>
          <c>1</c>
          <c>1</c>
          <c>0</c>
          <c>0</c>
          <c>1</c>
          <c>0</c>
          <c>1</c>
        </box>
        <box hibit="23" width="2" name="size" usename="1">
          <c colspan="2"></c>
        </box>
        <box hibit="21" width="3" settings="3">
          <c>0</c>
          <c>0</c>
          <c>0</c>
        </box>
        <box hibit="18" width="2" name="opc&lt;2:1&gt;" settings="2">
          <c>0</c>
          <c>0</c>
        </box>
        <box hibit="16" name="opc&lt;0&gt;" settings="1">
          <c>1</c>
        </box>
        <box hibit="15" width="3" settings="3">
          <c>1</c>
          <c>0</c>
          <c>1</c>
        </box>
        <box hibit="12" width="3" name="Pg" usename="1">
          <c colspan="3"></c>
        </box>
        <box hibit="9" width="5" name="Zn" usename="1">
          <c colspan="5"></c>
        </box>
        <box hibit="4" width="5" name="Zd" usename="1">
          <c colspan="5"></c>
        </box>
      </regdiagram>
      <encoding name="frintp_z_p_z_" oneofinclass="1" oneof="7" label="Toward plus infinity">
        <docvars>
          <docvar key="frint-type" value="frint-p" />
          <docvar key="instr-class" value="sve" />
          <docvar key="isa" value="A64" />
          <docvar key="mnemonic" value="FRINTP" />
        </docvars>
        <asmtemplate><text>FRINTP  </text><a link="zd" hover="Destination scalable vector register (field &quot;Zd&quot;)">&lt;Zd&gt;</a><text>.</text><a link="t" hover="Size specifier (field &quot;size&quot;) [D,H,S]">&lt;T&gt;</a><text>, </text><a link="pg" hover="Governing scalable predicate register P0-P7 (field &quot;Pg&quot;)">&lt;Pg&gt;</a><text>/M, </text><a link="zn" hover="Source scalable vector register (field &quot;Zn&quot;)">&lt;Zn&gt;</a><text>.</text><a link="t" hover="Size specifier (field &quot;size&quot;) [D,H,S]">&lt;T&gt;</a></asmtemplate>
      </encoding>
      <ps_section howmany="1">
        <ps name="FRINTP-Z.P.Z-_" mylink="FRINTP-Z.P.Z-_" enclabels="" sections="1" secttype="noheading">
          <pstext mayhavelinks="1" section="Decode" rep_section="decode">if !<a link="impl-aarch64.HaveSVE.0" file="shared_pseudocode.xml" hover="function: boolean HaveSVE()">HaveSVE</a>() then UNDEFINED;
if size == '00' then UNDEFINED;
integer esize = 8 &lt;&lt; <a link="impl-shared.UInt.1" file="shared_pseudocode.xml" hover="function: integer UInt(bits(N) x)">UInt</a>(size);
integer g = <a link="impl-shared.UInt.1" file="shared_pseudocode.xml" hover="function: integer UInt(bits(N) x)">UInt</a>(Pg);
integer n = <a link="impl-shared.UInt.1" file="shared_pseudocode.xml" hover="function: integer UInt(bits(N) x)">UInt</a>(Zn);
integer d = <a link="impl-shared.UInt.1" file="shared_pseudocode.xml" hover="function: integer UInt(bits(N) x)">UInt</a>(Zd);
boolean exact = FALSE;
<a link="FPRounding" file="shared_pseudocode.xml" hover="enumeration FPRounding  {FPRounding_TIEEVEN, FPRounding_POSINF, FPRounding_NEGINF,  FPRounding_ZERO, FPRounding_TIEAWAY, FPRounding_ODD}">FPRounding</a> rounding = <a link="FPRounding_POSINF" file="shared_pseudocode.xml" hover="enumeration FPRounding  {FPRounding_TIEEVEN, FPRounding_POSINF, FPRounding_NEGINF,  FPRounding_ZERO, FPRounding_TIEAWAY, FPRounding_ODD}">FPRounding_POSINF</a>;</pstext>
        </ps>
      </ps_section>
    </iclass>
  </classes>
  <explanations scope="all">
    <explanation enclist="frintz_z_p_z_, frinti_z_p_z_, frintp_z_p_z_, frintn_z_p_z_, frintm_z_p_z_, frinta_z_p_z_, frintx_z_p_z_" symboldefcount="1">
      <symbol link="zd">&lt;Zd&gt;</symbol>
      <account encodedin="Zd">
        <intro>
          <para>Is the name of the destination scalable vector register, encoded in the "Zd" field.</para>
        </intro>
      </account>
    </explanation>
    <explanation enclist="frintz_z_p_z_, frinti_z_p_z_, frintp_z_p_z_, frintn_z_p_z_, frintm_z_p_z_, frinta_z_p_z_, frintx_z_p_z_" symboldefcount="1">
      <symbol link="t">&lt;T&gt;</symbol>
      <definition encodedin="size">
        <intro>Is the size specifier, </intro>
        <table class="valuetable">
          <tgroup cols="2">
            <thead>
              <row>
                <entry class="bitfield">size</entry>
                <entry class="symbol">&lt;T&gt;</entry>
              </row>
            </thead>
            <tbody>
              <row>
                <entry class="bitfield">00</entry>
                <entry class="symbol">RESERVED</entry>
              </row>
              <row>
                <entry class="bitfield">01</entry>
                <entry class="symbol">H</entry>
              </row>
              <row>
                <entry class="bitfield">10</entry>
                <entry class="symbol">S</entry>
              </row>
              <row>
                <entry class="bitfield">11</entry>
                <entry class="symbol">D</entry>
              </row>
            </tbody>
          </tgroup>
        </table>
      </definition>
    </explanation>
    <explanation enclist="frintz_z_p_z_, frinti_z_p_z_, frintp_z_p_z_, frintn_z_p_z_, frintm_z_p_z_, frinta_z_p_z_, frintx_z_p_z_" symboldefcount="1">
      <symbol link="pg">&lt;Pg&gt;</symbol>
      <account encodedin="Pg">
        <intro>
          <para>Is the name of the governing scalable predicate register P0-P7, encoded in the "Pg" field.</para>
        </intro>
      </account>
    </explanation>
    <explanation enclist="frintz_z_p_z_, frinti_z_p_z_, frintp_z_p_z_, frintn_z_p_z_, frintm_z_p_z_, frinta_z_p_z_, frintx_z_p_z_" symboldefcount="1">
      <symbol link="zn">&lt;Zn&gt;</symbol>
      <account encodedin="Zn">
        <intro>
          <para>Is the name of the source scalable vector register, encoded in the "Zn" field.</para>
        </intro>
      </account>
    </explanation>
  </explanations>
  <ps_section howmany="1">
    <ps name="FRINTI-Z.P.Z-_" mylink="commonps" enclabels="" sections="1" secttype="Operation">
      <pstext mayhavelinks="1" section="Execute" rep_section="execute"><a link="impl-aarch64.CheckSVEEnabled.0" file="shared_pseudocode.xml" hover="function: CheckSVEEnabled()">CheckSVEEnabled</a>();
integer elements = <a link="impl-aarch64.VL.read.none" file="shared_pseudocode.xml" hover="accessor: integer VL">VL</a> DIV esize;
bits(<a link="impl-aarch64.PL.read.none" file="shared_pseudocode.xml" hover="accessor: integer PL">PL</a>) mask = <a link="impl-aarch64.P.read.1" file="shared_pseudocode.xml" hover="accessor: bits(width) P[integer n]">P</a>[g];
bits(<a link="impl-aarch64.VL.read.none" file="shared_pseudocode.xml" hover="accessor: integer VL">VL</a>) operand = <a link="impl-aarch64.Z.read.1" file="shared_pseudocode.xml" hover="accessor: bits(width) Z[integer n]">Z</a>[n];
bits(<a link="impl-aarch64.VL.read.none" file="shared_pseudocode.xml" hover="accessor: integer VL">VL</a>) result = <a link="impl-aarch64.Z.read.1" file="shared_pseudocode.xml" hover="accessor: bits(width) Z[integer n]">Z</a>[d];

for e = 0 to elements-1
    bits(esize) element = <a link="impl-shared.Elem.read.3" file="shared_pseudocode.xml" hover="accessor: bits(size) Elem[bits(N) vector, integer e, integer size]">Elem</a>[operand, e, esize];
    if <a link="impl-aarch64.ElemP.read.3" file="shared_pseudocode.xml" hover="accessor: bit ElemP[bits(N) pred, integer e, integer esize]">ElemP</a>[mask, e, esize] == '1' then
        <a link="impl-shared.Elem.write.3" file="shared_pseudocode.xml" hover="accessor: Elem[bits(N) &amp;vector, integer e, integer size] = bits(size) value">Elem</a>[result, e, esize] = <a link="impl-shared.FPRoundInt.4" file="shared_pseudocode.xml" hover="function: bits(N) FPRoundInt(bits(N) op, FPCRType fpcr, FPRounding rounding, boolean exact)">FPRoundInt</a>(element, FPCR&lt;31:0&gt;, rounding, exact);

<a link="impl-aarch64.Z.write.1" file="shared_pseudocode.xml" hover="accessor: Z[integer n] = bits(width) value">Z</a>[d] = result;</pstext>
    </ps>
  </ps_section>
</instructionsection>
